Date,Price Close
1998-04-09,455.77
1998-04-14,463.66
1998-04-15,463.54
1998-04-16,458.94
1998-04-17,454.38
1998-04-20,464.15
1998-04-21,461.67
1998-04-22,462.73
1998-04-23,455.6
1998-04-24,447.25
1998-04-27,441.38
1998-04-28,436.8
1998-04-29,442.97
1998-04-30,443.08
1998-05-04,456.22
1998-05-05,452.87
1998-05-06,451.04
1998-05-07,449.48
1998-05-08,453.12
1998-05-11,459.19
1998-05-12,456.87
1998-05-13,460.91
1998-05-14,461.48
1998-05-15,463.72
1998-05-18,461.54
1998-05-19,464.19
1998-05-20,469.34
1998-05-22,474.13
1998-05-25,477.41
1998-05-26,482.51
1998-05-27,471.48
1998-05-28,471.46
1998-05-29,474.94
1998-06-02,477.05
1998-06-03,480.86
1998-06-04,479.02
1998-06-05,484.86
1998-06-08,491.91
1998-06-09,490.94
1998-06-10,488.57
1998-06-12,482.62
1998-06-15,472.81
1998-06-16,475.73
1998-06-17,482.28
1998-06-18,484.19
1998-06-19,482.64
1998-06-22,477.84
1998-06-23,482.31
1998-06-24,485.48
1998-06-25,493.11
1998-06-26,494.06
1998-06-29,497.91
1998-06-30,494.63
1998-07-01,494.79
1998-07-02,498.72
1998-07-03,500.07
1998-07-06,500.49
1998-07-07,503.93
1998-07-08,504.04
1998-07-09,507.52
1998-07-10,502.64
1998-07-13,507.9
1998-07-14,509.66
1998-07-15,514.33
1998-07-16,514.53
1998-07-17,516.11
1998-07-20,517.9
1998-07-21,520.13
1998-07-22,515.76
1998-07-23,510.4
1998-07-24,505.86
1998-07-27,499.28
1998-07-28,497.88
1998-07-29,493.99
1998-07-30,495.11
1998-07-31,497.85
1998-08-03,487.88
1998-08-04,487.11
1998-08-05,474.14
1998-08-06,470.17
1998-08-07,472.63
1998-08-10,468.21
1998-08-11,451.75
1998-08-12,457.4
1998-08-13,449.62
1998-08-14,457.31
1998-08-17,456.79
1998-08-18,467.75
1998-08-19,475.47
1998-08-20,467.76
1998-08-21,444.91
1998-08-24,443.53
1998-08-25,452.73
1998-08-26,447.06
1998-08-27,432.18
1998-08-28,411.38
1998-08-31,416.37
1998-09-01,405.21
1998-09-02,422.66
1998-09-03,411.01
1998-09-04,412.13
1998-09-07,420.45
1998-09-08,425.74
1998-09-09,430.38
1998-09-10,410.93
1998-09-11,402.44
1998-09-14,417.76
1998-09-15,413.88
1998-09-16,417.64
1998-09-17,400.89
1998-09-18,395.47
1998-09-21,380.62
1998-09-22,392.07
1998-09-23,395.0
1998-09-24,400.85
1998-09-25,388.49
1998-09-28,394.14
1998-09-29,395.71
1998-09-30,387.26
1998-10-01,362.11
1998-10-02,342.86
1998-10-05,343.79
1998-10-06,347.34
1998-10-07,351.71
1998-10-08,337.88
1998-10-09,343.13
1998-10-12,354.79
1998-10-13,363.03
1998-10-14,363.94
1998-10-15,374.6
1998-10-16,381.03
1998-10-19,382.5
1998-10-20,387.51
1998-10-21,389.75
1998-10-22,385.66
1998-10-23,384.73
1998-10-26,386.54
1998-10-27,397.46
1998-10-28,392.11
1998-10-29,390.16
1998-10-30,398.02
1998-11-02,405.78
1998-11-03,406.03
1998-11-04,408.02
1998-11-05,411.11
1998-11-06,415.1
1998-11-09,410.79
1998-11-10,404.05
1998-11-11,406.23
1998-11-12,402.17
1998-11-13,400.69
1998-11-16,405.42
1998-11-17,406.01
1998-11-18,405.93
1998-11-19,406.65
1998-11-20,414.1
1998-11-23,423.22
1998-11-24,424.23
1998-11-25,422.31
1998-11-26,424.43
1998-11-27,428.73
1998-11-30,428.84
1998-12-01,412.17
1998-12-02,406.07
1998-12-03,400.9
1998-12-04,406.69
1998-12-07,408.34
1998-12-08,404.48
1998-12-09,402.58
1998-12-10,401.27
1998-12-11,393.97
1998-12-14,390.36
1998-12-15,394.52
1998-12-16,400.85
1998-12-17,404.96
1998-12-18,403.8
1998-12-21,406.28
1998-12-22,413.67
1998-12-23,418.16
1998-12-28,427.27
1998-12-29,427.36
1998-12-30,428.64
1999-01-04,427.67
1999-01-05,440.09
1999-01-06,451.23
1999-01-07,448.82
1999-01-08,454.63
1999-01-11,448.52
1999-01-12,443.56
1999-01-13,419.31
1999-01-14,424.31
1999-01-15,414.68
1999-01-18,433.14
1999-01-19,429.94
1999-01-20,437.64
1999-01-21,439.35
1999-01-22,428.05
1999-01-25,423.05
1999-01-26,427.51
1999-01-27,433.94
1999-01-28,428.62
1999-01-29,438.52
1999-02-01,444.5
1999-02-02,441.85
1999-02-03,434.97
1999-02-04,437.02
1999-02-05,431.45
1999-02-08,433.7
1999-02-09,425.36
1999-02-10,415.08
1999-02-11,418.52
1999-02-12,425.59
1999-02-15,420.78
1999-02-16,425.51
1999-02-17,418.61
1999-02-18,419.07
1999-02-19,419.28
1999-02-22,420.71
1999-02-23,427.74
1999-02-24,429.57
1999-02-25,428.28
1999-02-26,423.08
1999-03-01,417.07
1999-03-02,412.07
1999-03-03,410.82
1999-03-04,403.22
1999-03-05,412.52
1999-03-08,415.48
1999-03-09,411.29
1999-03-10,408.23
1999-03-11,409.97
1999-03-12,428.37
1999-03-15,429.73
1999-03-16,432.79
1999-03-17,434.11
1999-03-18,429.28
1999-03-19,434.74
1999-03-22,431.5
1999-03-23,422.67
1999-03-24,411.53
1999-03-25,415.35
1999-03-26,412.17
1999-03-29,414.89
1999-03-30,417.14
1999-03-31,418.21
1999-04-01,414.31
1999-04-06,424.74
1999-04-07,427.28
1999-04-08,428.68
1999-04-09,435.39
1999-04-12,433.21
1999-04-13,440.7
1999-04-14,439.44
1999-04-15,439.04
1999-04-16,438.53
1999-04-19,440.11
1999-04-20,434.13
1999-04-21,435.93
1999-04-22,441.25
1999-04-23,440.83
1999-04-26,441.77
1999-04-27,446.35
1999-04-28,449.75
1999-04-29,448.1
1999-04-30,450.38
1999-05-03,453.07
1999-05-04,455.87
1999-05-05,450.3
1999-05-06,448.55
1999-05-07,445.5
1999-05-10,443.15
1999-05-11,445.62
1999-05-12,444.48
1999-05-14,441.85
1999-05-17,435.4
1999-05-18,437.36
1999-05-19,439.34
1999-05-20,444.44
1999-05-21,445.27
1999-05-25,439.19
1999-05-26,437.63
1999-05-27,434.77
1999-05-28,430.37
1999-05-31,432.56
1999-06-01,431.68
1999-06-02,429.03
1999-06-04,433.07
1999-06-07,436.63
1999-06-08,443.81
1999-06-09,441.3
1999-06-10,443.27
1999-06-11,443.58
1999-06-14,446.92
1999-06-15,445.15
1999-06-16,449.35
1999-06-17,455.17
1999-06-18,458.12
1999-06-21,455.66
1999-06-22,458.78
1999-06-23,457.01
1999-06-24,453.17
1999-06-25,450.66
1999-06-28,450.55
1999-06-29,454.14
1999-06-30,456.56
1999-07-01,461.25
1999-07-02,464.37
1999-07-05,469.28
1999-07-06,473.36
1999-07-07,471.91
1999-07-08,472.7
1999-07-09,475.65
1999-07-12,478.92
1999-07-13,473.13
1999-07-14,474.74
1999-07-15,476.88
1999-07-16,476.3
1999-07-19,478.39
1999-07-20,470.4
1999-07-21,463.91
1999-07-22,457.92
1999-07-23,456.01
1999-07-26,445.74
1999-07-27,446.75
1999-07-28,448.89
1999-07-29,436.46
1999-07-30,436.47
1999-08-02,430.92
1999-08-03,436.6
1999-08-04,437.56
1999-08-05,428.32
1999-08-06,430.43
1999-08-09,431.0
1999-08-10,430.64
1999-08-11,432.89
1999-08-12,436.7
1999-08-13,439.38
1999-08-16,447.57
1999-08-17,449.36
1999-08-18,448.43
1999-08-19,444.31
1999-08-20,446.64
1999-08-23,451.09
1999-08-24,451.77
1999-08-25,453.85
1999-08-26,457.56
1999-08-27,455.68
1999-08-30,458.18
1999-08-31,451.08
1999-09-01,451.59
1999-09-02,445.37
1999-09-03,446.35
1999-09-06,455.83
1999-09-07,458.42
1999-09-08,455.9
1999-09-09,458.57
1999-09-10,462.73
1999-09-13,463.41
1999-09-14,459.7
1999-09-15,456.04
1999-09-16,452.18
1999-09-17,451.91
1999-09-20,453.47
1999-09-21,447.71
1999-09-22,444.09
1999-09-23,445.19
1999-09-24,438.71
1999-09-27,441.13
1999-09-28,435.69
1999-09-29,432.79
1999-09-30,433.92
1999-10-01,434.98
1999-10-04,437.5
1999-10-05,445.41
1999-10-06,446.78
1999-10-07,454.73
1999-10-08,454.96
1999-10-11,457.66
1999-10-12,453.29
1999-10-13,447.85
1999-10-14,445.32
1999-10-15,436.55
1999-10-18,435.74
1999-10-19,439.68
1999-10-20,445.85
1999-10-21,443.71
1999-10-22,447.0
1999-10-25,449.81
1999-10-26,449.74
1999-10-27,450.89
1999-10-28,451.97
1999-10-29,462.04
1999-11-01,463.14
1999-11-02,461.69
1999-11-03,464.11
1999-11-04,468.78
1999-11-05,472.38
1999-11-08,473.63
1999-11-09,476.43
1999-11-10,477.01
1999-11-11,480.63
1999-11-12,483.3
1999-11-15,486.62
1999-11-16,487.81
1999-11-17,490.74
1999-11-18,490.96
1999-11-19,496.17
1999-11-22,488.35
1999-11-23,486.72
1999-11-24,485.22
1999-11-25,488.23
1999-11-26,498.01
1999-11-29,493.81
1999-11-30,488.45
1999-12-01,490.81
1999-12-02,496.01
1999-12-03,498.25
1999-12-06,507.22
1999-12-07,506.76
1999-12-08,501.99
1999-12-09,504.37
1999-12-10,503.92
1999-12-13,504.93
1999-12-14,507.36
1999-12-15,509.84
1999-12-16,513.87
1999-12-17,521.33
1999-12-20,518.67
1999-12-21,520.56
1999-12-22,528.76
1999-12-23,536.32
1999-12-27,555.12
1999-12-28,550.82
1999-12-29,554.19
1999-12-30,557.91
2000-01-03,551.37
2000-01-04,534.84
2000-01-05,526.85
2000-01-06,526.33
2000-01-07,529.99
2000-01-10,553.02
2000-01-11,556.15
2000-01-12,554.35
2000-01-13,562.95
2000-01-14,569.68
2000-01-17,579.36
2000-01-18,575.73
2000-01-19,570.85
2000-01-20,578.15
2000-01-21,570.4
2000-01-24,569.6
2000-01-25,560.32
2000-01-26,563.02
2000-01-27,572.79
2000-01-28,578.64
2000-01-31,561.77
2000-02-01,566.33
2000-02-02,580.47
2000-02-03,589.65
2000-02-04,607.45
2000-02-07,601.81
2000-02-08,602.5
2000-02-09,623.99
2000-02-10,620.06
2000-02-11,630.47
2000-02-14,626.37
2000-02-15,612.49
2000-02-16,611.03
2000-02-17,614.3
2000-02-18,626.07
2000-02-21,617.57
2000-02-22,625.26
2000-02-23,634.47
2000-02-24,636.6
2000-02-25,640.59
2000-02-28,628.46
2000-02-29,635.14
2000-03-01,641.12
2000-03-02,643.36
2000-03-03,660.82
2000-03-06,669.4
2000-03-07,669.83
2000-03-08,666.55
2000-03-09,666.02
2000-03-10,672.58
2000-03-13,647.55
2000-03-14,649.84
2000-03-15,628.52
2000-03-16,630.95
2000-03-17,638.42
2000-03-20,650.62
2000-03-21,651.42
2000-03-22,651.32
2000-03-23,640.74
2000-03-24,644.85
2000-03-27,651.4
2000-03-28,655.0
2000-03-29,655.1
2000-03-30,632.46
2000-03-31,620.56
2000-04-03,613.65
2000-04-04,612.79
2000-04-05,589.88
2000-04-06,601.29
2000-04-07,616.61
2000-04-10,626.04
2000-04-11,610.57
2000-04-12,611.06
2000-04-13,601.95
2000-04-14,592.44
2000-04-17,570.98
2000-04-18,591.81
2000-04-19,594.7
2000-04-20,597.95
2000-04-25,594.01
2000-04-26,608.48
2000-04-27,597.08
2000-04-28,604.25
2000-05-02,619.85
2000-05-03,617.63
2000-05-04,613.52
2000-05-05,613.04
2000-05-08,614.71
2000-05-09,603.36
2000-05-10,592.11
2000-05-11,585.18
2000-05-12,601.19
2000-05-15,599.58
2000-05-16,602.0
2000-05-17,599.6
2000-05-18,595.13
2000-05-19,577.54
2000-05-22,565.29
2000-05-23,570.1
2000-05-24,559.49
2000-05-25,564.16
2000-05-26,565.68
2000-05-29,576.72
2000-05-30,579.91
2000-05-31,588.74
2000-06-01,590.14
2000-06-02,599.83
2000-06-05,610.06
2000-06-06,608.27
2000-06-07,602.54
2000-06-08,603.99
2000-06-09,604.81
2000-06-12,604.9
2000-06-13,600.37
2000-06-14,606.22
2000-06-15,608.02
2000-06-16,600.91
2000-06-19,597.71
2000-06-20,600.88
2000-06-21,592.71
2000-06-22,589.52
2000-06-23,585.91
2000-06-26,586.31
2000-06-27,584.46
2000-06-28,585.59
2000-06-29,570.64
2000-06-30,571.5
2000-07-03,571.26
2000-07-04,574.24
2000-07-05,578.03
2000-07-06,574.51
2000-07-07,576.52
2000-07-10,584.75
2000-07-11,578.68
2000-07-12,581.64
2000-07-13,581.43
2000-07-14,591.39
2000-07-17,603.76
2000-07-18,607.62
2000-07-19,604.43
2000-07-20,602.3
2000-07-21,604.75
2000-07-24,598.49
2000-07-25,598.13
2000-07-26,596.13
2000-07-27,590.14
2000-07-28,582.46
2000-07-31,584.79
2000-08-01,584.11
2000-08-02,581.98
2000-08-03,572.13
2000-08-04,577.96
2000-08-07,580.92
2000-08-08,581.84
2000-08-09,586.51
2000-08-10,590.15
2000-08-11,590.75
2000-08-14,595.25
2000-08-15,595.06
2000-08-16,595.39
2000-08-17,590.09
2000-08-18,590.53
2000-08-21,585.92
2000-08-22,590.2
2000-08-23,585.61
2000-08-24,589.32
2000-08-25,591.88
2000-08-28,595.94
2000-08-29,595.06
2000-08-30,589.48
2000-08-31,589.24
2000-09-01,594.79
2000-09-04,603.63
2000-09-05,605.94
2000-09-06,603.63
2000-09-07,600.76
2000-09-08,598.27
2000-09-11,593.67
2000-09-12,587.92
2000-09-13,579.43
2000-09-14,581.09
2000-09-15,577.99
2000-09-18,569.76
2000-09-19,567.01
2000-09-20,558.19
2000-09-21,546.23
2000-09-22,537.41
2000-09-25,557.09
2000-09-26,555.51
2000-09-27,554.72
2000-09-28,555.32
2000-09-29,558.71
2000-10-02,557.93
2000-10-04,556.05
2000-10-05,560.95
2000-10-06,550.41
2000-10-09,542.04
2000-10-10,544.29
2000-10-11,528.22
2000-10-12,523.45
2000-10-13,521.65
2000-10-16,535.43
2000-10-17,532.04
2000-10-18,514.21
2000-10-19,528.82
2000-10-20,535.09
2000-10-23,536.52
2000-10-24,540.77
2000-10-25,546.53
2000-10-26,547.43
2000-10-27,552.3
2000-10-30,558.34
2000-10-31,561.8
2000-11-01,564.56
2000-11-02,566.89
2000-11-03,568.15
2000-11-06,570.63
2000-11-07,564.52
2000-11-08,563.15
2000-11-09,556.23
2000-11-10,548.91
2000-11-13,534.31
2000-11-14,539.56
2000-11-15,548.51
2000-11-16,541.48
2000-11-17,535.23
2000-11-20,526.31
2000-11-21,523.78
2000-11-22,513.31
2000-11-23,511.75
2000-11-24,521.27
2000-11-27,530.81
2000-11-28,523.8
2000-11-29,518.13
2000-11-30,507.47
2000-12-01,512.05
2000-12-04,503.3
2000-12-05,509.52
2000-12-06,522.32
2000-12-07,513.74
2000-12-08,519.2
2000-12-11,529.42
2000-12-12,531.57
2000-12-13,522.4
2000-12-14,513.82
2000-12-15,505.0
2000-12-18,506.32
2000-12-19,503.61
2000-12-20,495.34
2000-12-21,486.55
2000-12-22,492.22
2000-12-27,496.14
2000-12-28,499.3
2000-12-29,502.55
2001-01-02,498.3
2001-01-03,486.95
2001-01-04,501.78
2001-01-05,499.12
2001-01-08,497.56
2001-01-09,495.82
2001-01-10,490.71
2001-01-11,493.83
2001-01-12,503.87
2001-01-15,506.7
2001-01-16,504.86
2001-01-17,510.3
2001-01-18,516.49
2001-01-19,519.93
2001-01-22,518.07
2001-01-23,518.49
2001-01-24,525.42
2001-01-25,524.61
2001-01-26,521.9
2001-01-29,523.02
2001-01-30,526.63
2001-01-31,527.43
2001-02-01,525.8
2001-02-02,521.01
2001-02-05,518.23
2001-02-06,520.71
2001-02-07,517.39
2001-02-08,518.13
2001-02-09,512.48
2001-02-12,512.8
2001-02-13,515.68
2001-02-14,508.04
2001-02-15,509.98
2001-02-16,507.12
2001-02-19,506.6
2001-02-20,504.65
2001-02-21,496.54
2001-02-22,490.21
2001-02-23,481.6
2001-02-26,485.03
2001-02-27,488.49
2001-02-28,490.24
2001-03-01,483.82
2001-03-02,480.76
2001-03-05,485.9
2001-03-06,492.54
2001-03-07,495.42
2001-03-08,495.62
2001-03-09,491.29
2001-03-12,480.46
2001-03-13,472.42
2001-03-14,452.86
2001-03-15,460.33
2001-03-16,456.34
2001-03-19,451.45
2001-03-20,453.45
2001-03-21,447.93
2001-03-22,429.36
2001-03-23,434.72
2001-03-26,447.46
2001-03-27,452.25
2001-03-28,457.88
2001-03-29,453.78
2001-03-30,461.1
2001-04-02,453.95
2001-04-03,439.93
2001-04-04,431.48
2001-04-05,446.19
2001-04-06,449.05
2001-04-09,449.61
2001-04-10,457.62
2001-04-11,463.94
2001-04-12,466.51
2001-04-17,460.25
2001-04-18,469.77
2001-04-19,479.91
2001-04-20,479.81
2001-04-23,475.29
2001-04-24,476.1
2001-04-25,477.71
2001-04-26,478.21
2001-04-27,479.5
2001-04-30,486.75
2001-05-02,488.38
2001-05-03,480.78
2001-05-04,475.63
2001-05-07,482.8
2001-05-08,480.9
2001-05-09,478.14
2001-05-10,479.18
2001-05-11,483.92
2001-05-14,478.4
2001-05-15,477.5
2001-05-16,472.94
2001-05-17,485.68
2001-05-18,484.71
2001-05-21,486.47
2001-05-22,493.9
2001-05-23,492.0
2001-05-24,490.83
2001-05-25,491.2
2001-05-28,490.35
2001-05-29,485.35
2001-05-30,479.39
2001-05-31,476.7
2001-06-01,480.86
2001-06-04,486.19
2001-06-05,487.0
2001-06-06,488.63
2001-06-07,487.12
2001-06-08,488.51
2001-06-11,488.34
2001-06-12,479.87
2001-06-13,483.27
2001-06-14,479.15
2001-06-15,470.35
2001-06-18,468.83
2001-06-19,470.36
2001-06-20,465.8
2001-06-21,467.36
2001-06-22,470.21
2001-06-25,469.05
2001-06-26,461.92
2001-06-27,464.44
2001-06-28,460.97
2001-06-29,473.64
2001-07-02,477.2
2001-07-03,478.11
2001-07-04,475.39
2001-07-05,472.3
2001-07-06,463.87
2001-07-09,459.36
2001-07-10,461.24
2001-07-11,455.38
2001-07-12,463.36
2001-07-13,463.1
2001-07-16,462.79
2001-07-17,458.61
2001-07-18,453.03
2001-07-19,452.58
2001-07-20,452.74
2001-07-23,451.97
2001-07-24,449.84
2001-07-25,443.18
2001-07-26,444.6
2001-07-27,452.16
2001-07-30,454.91
2001-07-31,457.35
2001-08-01,461.58
2001-08-02,459.62
2001-08-03,457.06
2001-08-06,454.75
2001-08-07,453.09
2001-08-08,448.28
2001-08-09,439.2
2001-08-10,434.82
2001-08-13,436.01
2001-08-14,440.76
2001-08-15,437.37
2001-08-16,431.02
2001-08-17,421.4
2001-08-20,417.93
2001-08-21,420.44
2001-08-22,418.78
2001-08-23,421.56
2001-08-24,426.76
2001-08-27,433.85
2001-08-28,427.92
2001-08-29,424.89
2001-08-30,418.5
2001-08-31,416.4
2001-09-03,412.33
2001-09-04,409.81
2001-09-05,408.91
2001-09-06,397.03
2001-09-07,387.74
2001-09-10,375.44
2001-09-11,348.74
2001-09-12,349.19
2001-09-13,357.68
2001-09-14,346.25
2001-09-17,336.65
2001-09-18,344.55
2001-09-19,338.22
2001-09-20,321.48
2001-09-21,303.61
2001-09-24,320.74
2001-09-25,330.45
2001-09-26,336.17
2001-09-27,338.5
2001-09-28,350.88
2001-10-01,349.04
2001-10-02,347.82
2001-10-03,348.67
2001-10-04,364.33
2001-10-05,366.84
2001-10-08,359.44
2001-10-09,366.07
2001-10-10,365.21
2001-10-11,377.81
2001-10-12,377.08
2001-10-15,372.39
2001-10-16,373.57
2001-10-17,380.96
2001-10-18,374.04
2001-10-19,371.15
2001-10-22,373.07
2001-10-23,382.52
2001-10-24,383.94
2001-10-25,384.16
2001-10-26,388.96
2001-10-29,385.04
2001-10-30,372.55
2001-10-31,371.48
2001-11-01,373.24
2001-11-02,378.84
2001-11-05,381.26
2001-11-06,387.9
2001-11-07,386.28
2001-11-08,396.06
2001-11-09,399.51
2001-11-12,386.18
2001-11-13,395.66
2001-11-14,403.85
2001-11-15,405.59
2001-11-16,406.59
2001-11-19,412.22
2001-11-20,412.32
2001-11-21,411.04
2001-11-22,413.47
2001-11-23,410.8
2001-11-26,415.24
2001-11-27,406.54
2001-11-28,402.12
2001-11-29,399.88
2001-11-30,405.63
2001-12-03,400.39
2001-12-04,406.91
2001-12-05,413.51
2001-12-06,423.32
2001-12-07,421.09
2001-12-10,415.1
2001-12-11,412.59
2001-12-12,409.46
2001-12-13,403.86
2001-12-14,400.25
2001-12-17,400.9
2001-12-18,409.35
2001-12-19,403.64
2001-12-20,402.4
2001-12-21,399.46
2001-12-27,409.13
2001-12-28,414.11
2002-01-02,414.76
2002-01-03,419.55
2002-01-04,426.63
2002-01-07,425.42
2002-01-08,423.18
2002-01-09,424.4
2002-01-10,425.78
2002-01-11,426.36
2002-01-14,413.98
2002-01-15,412.4
2002-01-16,408.17
2002-01-17,409.55
2002-01-18,415.02
2002-01-21,413.07
2002-01-22,413.7
2002-01-23,412.77
2002-01-24,421.48
2002-01-25,418.13
2002-01-28,420.69
2002-01-29,417.22
2002-01-30,411.25
2002-01-31,416.38
2002-02-01,418.21
2002-02-04,411.87
2002-02-05,404.47
2002-02-06,398.51
2002-02-07,395.09
2002-02-08,400.17
2002-02-11,404.02
2002-02-12,404.14
2002-02-13,402.61
2002-02-14,407.41
2002-02-15,404.3
2002-02-18,403.08
2002-02-19,397.4
2002-02-20,393.77
2002-02-21,399.67
2002-02-22,395.8
2002-02-25,396.27
2002-02-26,404.55
2002-02-27,408.17
2002-02-28,408.89
2002-03-01,413.63
2002-03-04,421.84
2002-03-05,426.09
2002-03-06,425.23
2002-03-07,429.14
2002-03-08,430.31
2002-03-11,430.84
2002-03-12,427.47
2002-03-13,426.62
2002-03-14,426.22
2002-03-15,427.5
2002-03-18,435.68
2002-03-19,437.73
2002-03-20,434.43
2002-03-21,432.13
2002-03-22,433.28
2002-03-25,431.75
2002-03-26,430.98
2002-03-27,433.24
2002-03-28,434.29
2002-04-02,431.06
2002-04-03,428.93
2002-04-04,425.19
2002-04-05,428.13
2002-04-08,421.17
2002-04-09,423.81
2002-04-10,422.1
2002-04-11,423.42
2002-04-12,422.3
2002-04-15,423.55
2002-04-16,428.47
2002-04-17,432.36
2002-04-18,425.42
2002-04-19,426.87
2002-04-22,424.09
2002-04-23,422.36
2002-04-24,422.1
2002-04-25,414.03
2002-04-26,412.26
2002-04-29,409.7
2002-04-30,408.49
2002-05-02,410.06
2002-05-03,405.25
2002-05-06,405.33
2002-05-07,398.09
2002-05-08,405.42
2002-05-09,409.66
2002-05-10,403.23
2002-05-13,402.13
2002-05-14,409.49
2002-05-15,412.95
2002-05-16,414.58
2002-05-17,413.77
2002-05-20,411.85
2002-05-21,409.38
2002-05-22,405.43
2002-05-23,403.56
2002-05-24,404.66
2002-05-27,405.73
2002-05-28,405.43
2002-05-29,402.8
2002-05-30,396.02
2002-05-31,397.65
2002-06-03,395.01
2002-06-04,385.81
2002-06-05,386.92
2002-06-06,387.56
2002-06-07,380.53
2002-06-10,382.69
2002-06-11,383.12
2002-06-12,377.82
2002-06-13,375.24
2002-06-14,362.84
2002-06-17,368.19
2002-06-18,371.92
2002-06-19,367.09
2002-06-20,359.49
2002-06-21,356.09
2002-06-24,345.47
2002-06-25,355.47
2002-06-26,337.93
2002-06-27,351.82
2002-06-28,362.78
2002-07-01,366.21
2002-07-02,354.17
2002-07-03,349.18
2002-07-04,355.14
2002-07-05,361.79
2002-07-08,371.3
2002-07-09,367.36
2002-07-10,355.71
2002-07-11,343.58
2002-07-12,346.98
2002-07-15,333.54
2002-07-16,326.8
2002-07-17,332.05
2002-07-18,342.71
2002-07-19,330.18
2002-07-22,311.66
2002-07-23,301.68
2002-07-24,281.59
2002-07-25,298.59
2002-07-26,290.64
2002-07-29,308.37
2002-07-30,319.5
2002-07-31,316.24
2002-08-01,304.5
2002-08-02,301.07
2002-08-05,287.44
2002-08-06,280.09
2002-08-07,296.14
2002-08-08,302.16
2002-08-09,308.57
2002-08-12,310.8
2002-08-13,304.15
2002-08-14,303.09
2002-08-15,311.22
2002-08-16,306.53
2002-08-19,310.46
2002-08-20,320.72
2002-08-21,321.59
2002-08-22,327.9
2002-08-23,324.78
2002-08-26,319.92
2002-08-27,321.59
2002-08-28,314.73
2002-08-29,306.71
2002-08-30,308.68
2002-09-02,308.4
2002-09-03,292.63
2002-09-04,288.71
2002-09-05,284.46
2002-09-06,288.29
2002-09-09,290.66
2002-09-10,296.14
2002-09-11,297.11
2002-09-12,293.37
2002-09-13,281.94
2002-09-16,282.36
2002-09-17,279.2
2002-09-18,268.07
2002-09-19,260.43
2002-09-20,257.12
2002-09-23,251.4
2002-09-24,241.27
2002-09-25,243.88
2002-09-26,253.95
2002-09-27,251.06
2002-09-30,237.69
2002-10-01,238.52
2002-10-02,244.94
2002-10-03,244.13
2002-10-04,234.02
2002-10-07,229.48
2002-10-08,223.52
2002-10-09,220.93
2002-10-10,222.95
2002-10-11,235.87
2002-10-14,243.68
2002-10-15,250.94
2002-10-16,257.25
2002-10-17,262.73
2002-10-18,266.72
2002-10-21,267.81
2002-10-22,271.3
2002-10-23,259.03
2002-10-24,261.64
2002-10-25,261.5
2002-10-28,270.5
2002-10-29,260.86
2002-10-30,260.34
2002-10-31,267.09
2002-11-01,264.7
2002-11-04,277.26
2002-11-05,281.08
2002-11-06,282.1
2002-11-07,270.42
2002-11-08,265.91
2002-11-11,261.03
2002-11-12,262.51
2002-11-13,259.43
2002-11-14,263.3
2002-11-15,271.71
2002-11-18,274.13
2002-11-19,271.1
2002-11-20,268.71
2002-11-21,277.8
2002-11-22,281.13
2002-11-25,281.33
2002-11-26,274.06
2002-11-27,271.54
2002-11-28,283.18
2002-11-29,284.9
2002-12-02,287.28
2002-12-03,281.45
2002-12-04,278.33
2002-12-05,274.98
2002-12-06,268.72
2002-12-09,265.08
2002-12-10,265.44
2002-12-11,270.34
2002-12-12,267.5
2002-12-13,262.11
2002-12-16,261.7
2002-12-17,269.24
2002-12-18,260.6
2002-12-19,253.14
2002-12-20,254.82
2002-12-23,255.68
2002-12-27,246.36
2002-12-30,245.95
2003-01-02,251.49
2003-01-03,265.06
2003-01-06,261.86
2003-01-07,264.57
2003-01-08,258.4
2003-01-09,253.68
2003-01-10,258.28
2003-01-13,263.71
2003-01-14,263.93
2003-01-15,262.37
2003-01-16,261.43
2003-01-17,253.41
2003-01-20,251.54
2003-01-21,249.11
2003-01-22,241.5
2003-01-23,242.17
2003-01-24,237.52
2003-01-27,229.63
2003-01-28,229.5
2003-01-29,225.43
2003-01-30,233.45
2003-01-31,229.97
2003-02-03,239.1
2003-02-04,230.13
2003-02-05,227.55
2003-02-06,229.76
2003-02-07,225.37
2003-02-10,222.98
2003-02-11,227.11
2003-02-12,225.64
2003-02-13,223.0
2003-02-14,226.38
2003-02-17,234.08
2003-02-18,233.44
2003-02-19,229.08
2003-02-20,225.92
2003-02-21,225.05
2003-02-24,225.53
2003-02-25,215.84
2003-02-26,214.82
2003-02-27,214.38
2003-02-28,218.15
2003-03-03,222.77
2003-03-04,217.65
2003-03-05,215.93
2003-03-06,214.09
2003-03-07,210.71
2003-03-10,205.49
2003-03-11,199.82
2003-03-12,194.34
2003-03-13,198.0
2003-03-14,209.15
2003-03-17,205.53
2003-03-18,219.25
2003-03-19,221.29
2003-03-20,223.88
2003-03-21,227.9
2003-03-24,223.42
2003-03-25,218.12
2003-03-26,226.1
2003-03-27,220.66
2003-03-28,219.75
2003-03-31,211.82
2003-04-01,211.74
2003-04-02,217.56
2003-04-03,224.47
2003-04-04,224.38
2003-04-07,232.45
2003-04-08,239.35
2003-04-09,236.0
2003-04-10,235.35
2003-04-11,237.49
2003-04-14,236.79
2003-04-15,244.55
2003-04-16,246.5
2003-04-17,244.74
2003-04-22,248.12
2003-04-23,255.3
2003-04-24,251.45
2003-04-25,247.6
2003-04-28,247.03
2003-04-29,253.93
2003-04-30,254.32
2003-05-02,252.71
2003-05-05,259.74
2003-05-06,259.66
2003-05-07,260.82
2003-05-08,252.36
2003-05-09,250.58
2003-05-12,251.47
2003-05-13,252.58
2003-05-14,253.18
2003-05-15,254.44
2003-05-16,258.16
2003-05-19,249.37
2003-05-20,247.65
2003-05-21,243.81
2003-05-22,247.37
2003-05-23,246.76
2003-05-26,247.42
2003-05-27,244.05
2003-05-28,253.37
2003-05-29,254.36
2003-05-30,255.08
2003-06-02,262.27
2003-06-03,262.57
2003-06-04,263.99
2003-06-05,264.24
2003-06-06,267.87
2003-06-09,268.73
2003-06-10,268.93
2003-06-11,273.32
2003-06-12,278.67
2003-06-13,275.43
2003-06-16,272.75
2003-06-17,283.77
2003-06-18,283.8
2003-06-19,280.56
2003-06-20,280.58
2003-06-23,276.95
2003-06-24,275.89
2003-06-25,277.11
2003-06-26,275.39
2003-06-27,279.58
2003-06-30,277.8
2003-07-01,272.68
2003-07-02,276.17
2003-07-03,278.9
2003-07-04,280.25
2003-07-07,283.51
2003-07-08,287.98
2003-07-09,287.22
2003-07-10,283.59
2003-07-11,282.76
2003-07-14,289.96
2003-07-15,293.07
2003-07-16,292.38
2003-07-17,288.59
2003-07-18,289.87
2003-07-21,286.37
2003-07-22,284.28
2003-07-23,285.95
2003-07-24,286.24
2003-07-25,289.13
2003-07-28,294.13
2003-07-29,293.76
2003-07-30,295.3
2003-07-31,296.07
2003-08-01,296.62
2003-08-04,293.56
2003-08-05,296.09
2003-08-06,289.84
2003-08-07,288.31
2003-08-08,289.43
2003-08-11,289.53
2003-08-12,292.2
2003-08-13,295.27
2003-08-14,295.54
2003-08-15,299.86
2003-08-18,301.47
2003-08-19,304.25
2003-08-20,302.17
2003-08-21,305.32
2003-08-22,308.31
2003-08-25,305.01
2003-08-26,301.03
2003-08-27,302.06
2003-08-28,303.17
2003-08-29,304.94
2003-09-01,307.88
2003-09-02,309.66
2003-09-03,313.74
2003-09-04,317.11
2003-09-05,314.82
2003-09-08,315.98
2003-09-09,313.44
2003-09-10,308.46
2003-09-11,306.14
2003-09-12,304.96
2003-09-15,307.61
2003-09-16,307.81
2003-09-17,311.48
2003-09-18,311.64
2003-09-19,313.65
2003-09-22,303.51
2003-09-23,298.67
2003-09-24,290.1
2003-09-25,291.11
2003-09-26,288.88
2003-09-29,289.38
2003-09-30,283.06
2003-10-01,284.16
2003-10-02,288.48
2003-10-03,290.36
2003-10-06,297.5
2003-10-07,293.7
2003-10-08,294.43
2003-10-09,298.32
2003-10-10,303.92
2003-10-13,306.24
2003-10-14,308.03
2003-10-15,311.07
2003-10-16,310.09
2003-10-17,309.15
2003-10-20,307.94
2003-10-21,311.06
2003-10-22,307.32
2003-10-23,301.74
2003-10-24,303.06
2003-10-27,305.32
2003-10-28,311.06
2003-10-29,314.71
2003-10-30,314.8
2003-10-31,317.26
2003-11-03,320.72
2003-11-04,326.6
2003-11-05,323.74
2003-11-06,323.22
2003-11-07,328.89
2003-11-10,327.31
2003-11-11,324.18
2003-11-12,324.06
2003-11-13,327.46
2003-11-14,327.96
2003-11-17,321.25
2003-11-18,319.74
2003-11-19,315.37
2003-11-20,314.11
2003-11-21,317.43
2003-11-24,319.79
2003-11-25,326.47
2003-11-26,325.23
2003-11-27,326.51
2003-11-28,323.76
2003-12-01,330.32
2003-12-02,331.46
2003-12-03,332.64
2003-12-04,336.22
2003-12-05,333.32
2003-12-08,330.42
2003-12-09,335.12
2003-12-10,331.82
2003-12-11,334.14
2003-12-12,336.02
2003-12-15,337.56
2003-12-16,334.91
2003-12-17,335.13
2003-12-18,333.77
2003-12-19,337.78
2003-12-22,337.31
2003-12-23,338.89
2003-12-29,341.02
2003-12-30,344.87
2004-01-02,346.03
2004-01-05,348.47
2004-01-06,348.66
2004-01-07,347.28
2004-01-08,350.91
2004-01-09,347.41
2004-01-12,347.17
2004-01-13,348.18
2004-01-14,347.5
2004-01-15,351.13
2004-01-16,356.08
2004-01-19,358.78
2004-01-20,357.92
2004-01-21,357.8
2004-01-22,360.4
2004-01-23,360.41
2004-01-26,359.32
2004-01-27,360.4
2004-01-28,358.72
2004-01-29,357.49
2004-01-30,354.31
2004-02-02,354.22
2004-02-03,351.99
2004-02-04,350.96
2004-02-05,350.98
2004-02-06,351.25
2004-02-09,355.11
2004-02-10,357.35
2004-02-11,358.98
2004-02-12,359.63
2004-02-13,355.34
2004-02-16,354.81
2004-02-17,357.56
2004-02-18,358.61
2004-02-19,360.58
2004-02-20,356.32
2004-02-23,357.38
2004-02-24,349.28
2004-02-25,348.61
2004-02-26,349.68
2004-02-27,353.41
2004-03-01,354.84
2004-03-02,357.91
2004-03-03,357.02
2004-03-04,358.59
2004-03-05,359.82
2004-03-08,363.56
2004-03-09,358.41
2004-03-10,353.88
2004-03-11,341.06
2004-03-12,336.74
2004-03-15,335.93
2004-03-16,332.93
2004-03-17,337.2
2004-03-18,336.95
2004-03-19,335.58
2004-03-22,326.1
2004-03-23,327.69
2004-03-24,326.21
2004-03-25,331.76
2004-03-26,335.53
2004-03-29,337.33
2004-03-30,339.23
2004-03-31,339.18
2004-04-01,340.55
2004-04-02,345.86
2004-04-05,352.59
2004-04-06,353.09
2004-04-07,352.38
2004-04-08,352.82
2004-04-13,355.35
2004-04-14,349.89
2004-04-15,351.5
2004-04-16,351.26
2004-04-19,352.27
2004-04-20,356.6
2004-04-21,353.97
2004-04-22,353.12
2004-04-23,359.34
2004-04-26,361.74
2004-04-27,361.92
2004-04-28,357.71
2004-04-29,351.47
2004-04-30,349.91
2004-05-03,348.46
2004-05-04,351.1
2004-05-05,350.35
2004-05-06,344.61
2004-05-07,340.6
2004-05-10,333.85
2004-05-11,335.79
2004-05-12,333.38
2004-05-13,334.36
2004-05-14,333.56
2004-05-17,328.09
2004-05-18,331.54
2004-05-19,336.95
2004-05-20,336.63
2004-05-21,336.6
2004-05-24,339.66
2004-05-25,336.82
2004-05-26,338.68
2004-05-27,342.61
2004-05-28,343.67
2004-05-31,344.15
2004-06-01,341.05
2004-06-02,342.8
2004-06-03,342.04
2004-06-04,345.52
2004-06-07,352.24
2004-06-08,352.98
2004-06-09,352.08
2004-06-10,352.13
2004-06-11,352.16
2004-06-14,347.86
2004-06-15,347.28
2004-06-16,352.17
2004-06-17,350.71
2004-06-18,350.19
2004-06-21,351.13
2004-06-22,346.55
2004-06-23,348.01
2004-06-24,350.75
2004-06-25,351.87
2004-06-28,353.23
2004-06-29,356.96
2004-06-30,357.49
2004-07-01,355.64
2004-07-02,352.5
2004-07-05,352.51
2004-07-06,347.9
2004-07-07,346.9
2004-07-08,344.68
2004-07-09,343.63
2004-07-12,343.44
2004-07-13,343.99
2004-07-14,340.51
2004-07-15,340.16
2004-07-16,339.71
2004-07-19,337.51
2004-07-20,335.22
2004-07-21,341.22
2004-07-22,336.42
2004-07-23,335.53
2004-07-26,332.45
2004-07-27,333.68
2004-07-28,336.61
2004-07-29,338.35
2004-07-30,341.78
2004-08-02,339.82
2004-08-03,341.57
2004-08-04,336.58
2004-08-05,338.31
2004-08-06,329.11
2004-08-09,324.28
2004-08-10,325.58
2004-08-11,321.85
2004-08-12,321.57
2004-08-13,320.12
2004-08-16,320.24
2004-08-17,325.48
2004-08-18,325.65
2004-08-19,327.77
2004-08-20,326.36
2004-08-23,330.09
2004-08-24,332.61
2004-08-25,332.93
2004-08-26,336.47
2004-08-27,336.25
2004-08-30,336.81
2004-08-31,333.63
2004-09-01,334.85
2004-09-02,335.03
2004-09-03,337.06
2004-09-06,340.96
2004-09-07,341.56
2004-09-08,341.61
2004-09-09,338.61
2004-09-10,340.53
2004-09-13,343.99
2004-09-14,346.64
2004-09-15,346.08
2004-09-16,347.14
2004-09-17,348.47
2004-09-20,348.3
2004-09-21,349.53
2004-09-22,347.11
2004-09-23,343.69
2004-09-24,343.1
2004-09-27,340.73
2004-09-28,339.69
2004-09-29,343.34
2004-09-30,343.29
2004-10-01,344.49
2004-10-04,354.15
2004-10-05,354.33
2004-10-06,354.93
2004-10-07,355.2
2004-10-08,352.57
2004-10-11,352.94
2004-10-12,348.04
2004-10-13,350.08
2004-10-14,346.99
2004-10-15,344.31
2004-10-18,344.39
2004-10-19,347.54
2004-10-20,343.73
2004-10-21,344.1
2004-10-22,346.38
2004-10-25,339.49
2004-10-26,340.02
2004-10-27,341.67
2004-10-28,348.14
2004-10-29,348.26
2004-11-01,348.92
2004-11-02,353.22
2004-11-03,354.86
2004-11-04,353.61
2004-11-05,356.46
2004-11-08,356.84
2004-11-09,357.46
2004-11-10,358.96
2004-11-11,359.24
2004-11-12,363.43
2004-11-15,363.08
2004-11-16,361.08
2004-11-17,361.84
2004-11-18,365.44
2004-11-19,363.71
2004-11-22,360.02
2004-11-23,361.58
2004-11-24,362.12
2004-11-25,363.41
2004-11-26,363.59
2004-11-29,364.76
2004-11-30,362.28
2004-12-01,361.83
2004-12-02,368.16
2004-12-03,368.63
2004-12-06,368.04
2004-12-07,368.55
2004-12-08,367.28
2004-12-09,363.74
2004-12-10,365.44
2004-12-13,368.28
2004-12-14,371.11
2004-12-15,370.27
2004-12-16,370.55
2004-12-17,367.88
2004-12-20,367.67
2004-12-21,369.55
2004-12-22,372.02
2004-12-23,372.47
2004-12-27,372.49
2004-12-28,372.97
2004-12-29,372.64
2004-12-30,373.51
2005-01-03,373.95
2005-01-04,376.15
2005-01-05,373.79
2005-01-06,375.27
2005-01-07,377.5
2005-01-10,378.12
2005-01-11,374.64
2005-01-12,370.16
2005-01-13,370.99
2005-01-14,370.24
2005-01-17,373.95
2005-01-18,372.08
2005-01-19,374.85
2005-01-20,371.44
2005-01-21,371.48
2005-01-24,368.77
2005-01-25,371.07
2005-01-26,373.09
2005-01-27,370.97
2005-01-28,371.25
2005-01-31,373.3
2005-02-01,375.73
2005-02-02,378.41
2005-02-03,378.18
2005-02-04,379.81
2005-02-07,384.21
2005-02-08,385.16
2005-02-09,384.22
2005-02-10,383.52
2005-02-11,384.96
2005-02-14,386.74
2005-02-15,387.06
2005-02-16,384.93
2005-02-17,386.08
2005-02-18,385.5
2005-02-21,385.1
2005-02-22,381.69
2005-02-23,379.21
2005-02-24,380.28
2005-02-25,383.36
2005-02-28,385.39
2005-03-01,384.56
2005-03-02,386.93
2005-03-03,387.54
2005-03-04,387.6
2005-03-07,391.17
2005-03-08,388.69
2005-03-09,387.05
2005-03-10,384.32
2005-03-11,386.05
2005-03-14,384.9
2005-03-15,386.99
2005-03-16,381.58
2005-03-17,381.19
2005-03-18,382.46
2005-03-21,381.16
2005-03-22,379.99
2005-03-23,379.52
2005-03-24,382.3
2005-03-29,381.95
2005-03-30,382.65
2005-03-31,384.93
2005-04-01,385.24
2005-04-04,383.64
2005-04-05,386.14
2005-04-06,386.94
2005-04-07,386.51
2005-04-08,389.9
2005-04-11,388.72
2005-04-12,387.76
2005-04-13,389.96
2005-04-14,389.04
2005-04-15,382.68
2005-04-18,371.96
2005-04-19,372.95
2005-04-20,371.05
2005-04-21,370.58
2005-04-22,374.14
2005-04-25,373.67
2005-04-26,373.96
2005-04-27,369.21
2005-04-28,369.39
2005-04-29,368.86
2005-05-02,372.6
2005-05-03,374.05
2005-05-04,374.76
2005-05-05,378.56
2005-05-06,378.9
2005-05-09,379.49
2005-05-10,377.2
2005-05-11,376.29
2005-05-12,378.25
2005-05-13,377.07
2005-05-16,377.88
2005-05-17,376.39
2005-05-18,379.13
2005-05-19,384.75
2005-05-20,386.03
2005-05-23,388.27
2005-05-24,388.83
2005-05-25,388.41
2005-05-26,389.5
2005-05-27,392.94
2005-05-30,393.74
2005-05-31,395.5
2005-06-01,396.09
2005-06-02,400.12
2005-06-03,399.2
2005-06-06,398.41
2005-06-07,399.69
2005-06-08,402.8
2005-06-09,402.21
2005-06-10,405.61
2005-06-13,405.87
2005-06-14,406.87
2005-06-15,403.97
2005-06-16,405.54
2005-06-17,407.89
2005-06-20,406.1
2005-06-21,408.94
2005-06-22,409.21
2005-06-23,409.87
2005-06-24,406.34
2005-06-27,402.64
2005-06-28,403.45
2005-06-29,406.61
2005-06-30,408.02
2005-07-01,408.07
2005-07-04,410.94
2005-07-05,408.62
2005-07-06,411.13
2005-07-07,397.91
2005-07-08,406.43
2005-07-11,413.02
2005-07-12,414.78
2005-07-13,416.01
2005-07-14,418.63
2005-07-15,418.91
2005-07-18,420.12
2005-07-19,421.26
2005-07-20,424.43
2005-07-21,428.21
2005-07-22,428.89
2005-07-25,429.34
2005-07-26,430.01
2005-07-27,431.28
2005-07-28,432.99
2005-07-29,434.45
2005-08-01,434.94
2005-08-02,436.1
2005-08-03,437.05
2005-08-04,434.67
2005-08-05,431.02
2005-08-08,431.39
2005-08-09,432.07
2005-08-10,438.89
2005-08-11,440.18
2005-08-12,439.45
2005-08-15,438.23
2005-08-16,435.38
2005-08-17,432.23
2005-08-18,431.52
2005-08-19,432.97
2005-08-22,439.3
2005-08-23,436.98
2005-08-24,435.0
2005-08-25,432.87
2005-08-26,428.0
2005-08-29,423.42
2005-08-30,427.87
2005-08-31,428.53
2005-09-01,431.27
2005-09-02,431.47
2005-09-05,433.93
2005-09-06,438.18
2005-09-07,443.81
2005-09-08,443.83
2005-09-09,444.42
2005-09-12,445.23
2005-09-13,438.58
2005-09-14,437.73
2005-09-15,437.95
2005-09-16,439.56
2005-09-19,435.92
2005-09-20,441.53
2005-09-21,437.2
2005-09-22,433.72
2005-09-23,435.89
2005-09-26,438.72
2005-09-27,443.98
2005-09-28,446.6
2005-09-29,447.8
2005-09-30,449.5
2005-10-03,451.88
2005-10-04,453.19
2005-10-05,453.23
2005-10-06,445.71
2005-10-07,445.89
2005-10-10,447.93
2005-10-11,449.26
2005-10-12,443.94
2005-10-13,440.27
2005-10-14,439.89
2005-10-17,442.52
2005-10-18,441.07
2005-10-19,430.59
2005-10-20,432.8
2005-10-21,430.26
2005-10-24,430.75
2005-10-25,434.28
2005-10-26,434.06
2005-10-27,427.98
2005-10-28,424.98
2005-10-31,430.65
2005-11-01,437.41
2005-11-02,436.55
2005-11-03,442.56
2005-11-04,443.58
2005-11-07,444.32
2005-11-08,445.55
2005-11-09,445.92
2005-11-10,445.69
2005-11-11,447.28
2005-11-14,451.95
2005-11-15,452.22
2005-11-16,451.06
2005-11-17,453.17
2005-11-18,454.84
2005-11-21,456.36
2005-11-22,458.88
2005-11-23,459.59
2005-11-24,459.4
2005-11-25,460.11
2005-11-28,459.4
2005-11-29,458.27
2005-11-30,459.18
2005-12-01,462.58
2005-12-02,468.28
2005-12-05,467.92
2005-12-06,470.37
2005-12-07,467.59
2005-12-08,469.07
2005-12-09,468.87
2005-12-12,470.2
2005-12-13,470.81
2005-12-14,469.0
2005-12-15,469.79
2005-12-16,474.27
2005-12-19,474.28
2005-12-20,475.18
2005-12-21,477.98
2005-12-22,478.2
2005-12-23,479.95
2005-12-27,482.17
2005-12-28,482.22
2005-12-29,483.32
2005-12-30,479.59
2006-01-02,483.47
2006-01-03,485.04
2006-01-04,490.39
2006-01-05,489.75
2006-01-06,491.66
2006-01-09,492.0
2006-01-10,488.64
2006-01-11,492.23
2006-01-12,493.43
2006-01-13,488.95
2006-01-16,491.86
2006-01-17,487.7
2006-01-18,482.52
2006-01-19,486.07
2006-01-20,479.72
2006-01-23,479.35
2006-01-24,478.7
2006-01-25,486.92
2006-01-26,497.12
2006-01-27,505.47
2006-01-30,506.58
2006-01-31,507.28
2006-02-01,512.58
2006-02-02,506.56
2006-02-03,507.07
2006-02-06,508.07
2006-02-07,508.53
2006-02-08,507.69
2006-02-09,514.29
2006-02-10,511.84
2006-02-13,516.41
2006-02-14,516.9
2006-02-15,517.19
2006-02-16,519.53
2006-02-17,520.42
2006-02-20,520.76
2006-02-21,521.43
2006-02-22,526.49
2006-02-23,526.27
2006-02-24,527.89
2006-02-27,532.01
2006-02-28,522.2
2006-03-01,527.81
2006-03-02,520.96
2006-03-03,516.39
2006-03-06,519.32
2006-03-07,517.39
2006-03-08,511.12
2006-03-09,516.34
2006-03-10,522.42
2006-03-13,527.0
2006-03-14,528.36
2006-03-15,531.03
2006-03-16,531.12
2006-03-17,530.33
2006-03-20,532.32
2006-03-21,533.17
2006-03-22,534.93
2006-03-23,536.19
2006-03-24,538.49
2006-03-27,533.76
2006-03-28,531.67
2006-03-29,533.5
2006-03-30,539.25
2006-03-31,538.49
2006-04-03,542.97
2006-04-04,542.09
2006-04-05,543.6
2006-04-06,543.91
2006-04-07,537.62
2006-04-10,541.41
2006-04-11,533.83
2006-04-12,532.57
2006-04-13,534.36
2006-04-18,533.33
2006-04-19,541.32
2006-04-20,547.12
2006-04-21,550.13
2006-04-24,548.7
2006-04-25,549.02
2006-04-26,551.28
2006-04-27,547.71
2006-04-28,543.12
2006-05-02,546.96
2006-05-03,540.93
2006-05-04,546.5
2006-05-05,553.42
2006-05-08,555.37
2006-05-09,556.74
2006-05-10,554.9
2006-05-11,549.71
2006-05-12,536.98
2006-05-15,529.96
2006-05-16,529.0
2006-05-17,512.08
2006-05-18,510.94
2006-05-19,511.51
2006-05-22,497.71
2006-05-23,509.95
2006-05-24,502.23
2006-05-25,512.17
2006-05-26,520.68
2006-05-29,518.62
2006-05-30,506.83
2006-05-31,512.65
2006-06-01,514.09
2006-06-02,513.55
2006-06-05,507.99
2006-06-06,496.39
2006-06-07,499.04
2006-06-08,484.03
2006-06-09,491.31
2006-06-12,485.02
2006-06-13,474.64
2006-06-14,475.5
2006-06-15,487.3
2006-06-16,483.23
2006-06-19,489.04
2006-06-20,493.61
2006-06-21,494.4
2006-06-22,497.25
2006-06-23,497.05
2006-06-26,495.93
2006-06-27,491.18
2006-06-28,490.39
2006-06-29,501.23
2006-06-30,510.4
2006-07-03,513.65
2006-07-04,515.29
2006-07-05,506.05
2006-07-06,511.89
2006-07-07,510.3
2006-07-10,512.22
2006-07-11,504.9
2006-07-12,506.74
2006-07-13,496.92
2006-07-14,487.46
2006-07-17,485.83
2006-07-18,484.13
2006-07-19,496.55
2006-07-20,497.56
2006-07-21,489.11
2006-07-24,499.71
2006-07-25,499.48
2006-07-26,500.85
2006-07-27,507.65
2006-07-28,511.27
2006-07-31,509.95
2006-08-01,503.7
2006-08-02,510.84
2006-08-03,507.3
2006-08-04,514.32
2006-08-07,506.23
2006-08-08,508.35
2006-08-09,512.0
2006-08-10,506.04
2006-08-11,506.22
2006-08-14,511.51
2006-08-15,518.39
2006-08-16,522.11
2006-08-17,524.21
2006-08-18,523.17
2006-08-21,520.94
2006-08-22,522.67
2006-08-23,519.17
2006-08-24,521.86
2006-08-25,521.75
2006-08-28,525.04
2006-08-29,524.54
2006-08-30,526.6
2006-08-31,526.07
2006-09-01,527.94
2006-09-04,530.95
2006-09-05,528.74
2006-09-06,523.05
2006-09-07,519.16
2006-09-08,521.05
2006-09-11,520.76
2006-09-12,527.19
2006-09-13,530.38
2006-09-14,530.72
2006-09-15,533.02
2006-09-18,532.38
2006-09-19,528.09
2006-09-20,534.79
2006-09-21,535.15
2006-09-22,528.62
2006-09-25,530.45
2006-09-26,535.76
2006-09-27,538.39
2006-09-28,538.8
2006-09-29,540.58
2006-10-02,540.27
2006-10-03,539.3
2006-10-04,544.05
2006-10-05,546.75
2006-10-06,547.07
2006-10-09,547.3
2006-10-10,550.45
2006-10-11,550.73
2006-10-12,554.15
2006-10-13,554.97
2006-10-16,556.01
2006-10-17,549.51
2006-10-18,555.36
2006-10-19,555.39
2006-10-20,557.82
2006-10-23,561.13
2006-10-24,561.71
2006-10-25,563.39
2006-10-26,564.69
2006-10-27,562.61
2006-10-30,561.54
2006-10-31,562.87
2006-11-01,564.78
2006-11-02,559.33
2006-11-03,560.88
2006-11-06,568.53
2006-11-07,571.32
2006-11-08,570.21
2006-11-09,570.8
2006-11-10,570.83
2006-11-13,574.1
2006-11-14,573.48
2006-11-15,577.03
2006-11-16,578.41
2006-11-17,575.27
2006-11-20,577.97
2006-11-21,578.98
2006-11-22,580.76
2006-11-23,580.58
2006-11-24,575.21
2006-11-27,565.27
2006-11-28,563.38
2006-11-29,571.67
2006-11-30,567.14
2006-12-01,562.13
2006-12-04,566.49
2006-12-05,572.59
2006-12-06,572.85
2006-12-07,576.67
2006-12-08,577.81
2006-12-11,581.89
2006-12-12,582.49
2006-12-13,586.8
2006-12-14,589.73
2006-12-15,593.17
2006-12-18,594.13
2006-12-19,589.7
2006-12-20,593.01
2006-12-21,592.13
2006-12-22,586.52
2006-12-27,595.45
2006-12-28,595.87
2006-12-29,595.11
2007-01-02,602.61
2007-01-03,603.79
2007-01-04,601.92
2007-01-05,595.4
2007-01-08,596.66
2007-01-09,597.65
2007-01-10,593.39
2007-01-11,603.71
2007-01-12,605.29
2007-01-15,608.14
2007-01-16,606.94
2007-01-17,605.81
2007-01-18,605.31
2007-01-19,610.27
2007-01-22,606.09
2007-01-23,605.33
2007-01-24,611.6
2007-01-25,609.12
2007-01-26,606.34
2007-01-29,609.73
2007-01-30,614.75
2007-01-31,614.9
2007-02-01,620.69
2007-02-02,623.65
2007-02-05,623.15
2007-02-06,623.51
2007-02-07,626.96
2007-02-08,623.57
2007-02-09,626.95
2007-02-12,622.75
2007-02-13,626.36
2007-02-14,632.71
2007-02-15,632.48
2007-02-16,631.91
2007-02-19,635.07
2007-02-20,635.2
2007-02-21,631.8
2007-02-22,634.49
2007-02-23,636.36
2007-02-26,639.27
2007-02-27,618.34
2007-02-28,609.66
2007-03-01,602.76
2007-03-02,599.99
2007-03-05,592.76
2007-03-06,598.89
2007-03-07,601.95
2007-03-08,611.38
2007-03-09,611.52
2007-03-12,611.84
2007-03-13,604.19
2007-03-14,588.14
2007-03-15,600.61
2007-03-16,600.67
2007-03-19,609.3
2007-03-20,612.49
2007-03-21,613.93
2007-03-22,626.33
2007-03-23,630.15
2007-03-26,623.93
2007-03-27,626.87
2007-03-28,622.59
2007-03-29,630.28
2007-03-30,632.05
2007-04-02,634.24
2007-04-03,643.57
2007-04-04,646.02
2007-04-05,648.06
2007-04-10,654.35
2007-04-11,653.01
2007-04-12,651.56
2007-04-13,657.4
2007-04-16,667.95
2007-04-17,668.81
2007-04-18,663.06
2007-04-19,659.4
2007-04-20,668.02
2007-04-23,667.98
2007-04-24,661.9
2007-04-25,668.55
2007-04-26,672.44
2007-04-27,671.58
2007-04-30,674.14
2007-05-02,678.24
2007-05-03,678.62
2007-05-04,683.99
2007-05-07,684.98
2007-05-08,676.69
2007-05-09,679.36
2007-05-10,674.68
2007-05-11,679.77
2007-05-14,678.68
2007-05-15,682.36
2007-05-16,680.92
2007-05-17,682.86
2007-05-18,691.36
2007-05-21,692.04
2007-05-22,695.36
2007-05-23,701.85
2007-05-24,697.92
2007-05-25,700.68
2007-05-29,704.7
2007-05-30,702.73
2007-05-31,713.41
2007-06-01,722.2
2007-06-04,721.02
2007-06-05,716.88
2007-06-06,699.48
2007-06-07,689.43
2007-06-08,687.27
2007-06-11,697.95
2007-06-12,694.92
2007-06-13,695.05
2007-06-14,709.41
2007-06-15,724.41
2007-06-18,724.88
2007-06-19,724.53
2007-06-20,729.2
2007-06-21,718.06
2007-06-22,717.17
2007-06-25,715.18
2007-06-26,709.0
2007-06-27,703.68
2007-06-28,714.9
2007-06-29,722.14
2007-07-02,719.57
2007-07-03,728.0
2007-07-04,730.69
2007-07-05,723.87
2007-07-06,729.23
2007-07-09,732.15
2007-07-10,722.79
2007-07-11,716.78
2007-07-12,730.09
2007-07-13,732.82
2007-07-16,733.53
2007-07-17,727.51
2007-07-18,715.26
2007-07-19,723.52
2007-07-20,713.73
2007-07-23,718.88
2007-07-24,707.04
2007-07-25,696.74
2007-07-26,679.62
2007-07-27,675.38
2007-07-30,675.95
2007-07-31,688.3
2007-08-01,678.33
2007-08-02,682.99
2007-08-03,674.8
2007-08-06,674.03
2007-08-07,679.11
2007-08-08,687.66
2007-08-09,674.09
2007-08-10,662.62
2007-08-13,674.26
2007-08-14,670.08
2007-08-15,669.97
2007-08-16,651.49
2007-08-17,659.55
2007-08-20,663.16
2007-08-21,665.22
2007-08-22,674.3
2007-08-23,675.98
2007-08-24,675.84
2007-08-27,674.48
2007-08-28,668.31
2007-08-29,669.29
2007-08-30,677.05
2007-08-31,687.8
2007-09-03,689.5
2007-09-04,696.07
2007-09-05,684.21
2007-09-06,687.03
2007-09-07,670.84
2007-09-10,664.38
2007-09-11,672.35
2007-09-12,673.96
2007-09-13,678.67
2007-09-14,675.04
2007-09-17,671.82
2007-09-18,680.39
2007-09-19,696.38
2007-09-20,694.45
2007-09-21,700.4
2007-09-24,700.64
2007-09-25,697.92
2007-09-26,701.51
2007-09-27,705.94
2007-09-28,706.08
2007-10-01,711.36
2007-10-02,714.31
2007-10-03,715.91
2007-10-04,714.99
2007-10-05,721.13
2007-10-08,719.03
2007-10-09,719.79
2007-10-10,720.56
2007-10-11,725.62
2007-10-12,726.17
2007-10-15,720.22
2007-10-16,717.84
2007-10-17,720.85
2007-10-18,714.66
2007-10-19,711.12
2007-10-22,702.51
2007-10-23,708.48
2007-10-24,707.03
2007-10-25,716.4
2007-10-26,718.12
2007-10-29,723.67
2007-10-30,720.36
2007-10-31,725.43
2007-11-01,713.79
2007-11-02,710.72
2007-11-05,706.3
2007-11-06,709.07
2007-11-07,706.16
2007-11-08,706.72
2007-11-09,704.25
2007-11-12,702.03
2007-11-13,697.78
2007-11-14,699.73
2007-11-15,688.74
2007-11-16,682.49
2007-11-19,670.01
2007-11-20,680.06
2007-11-21,667.48
2007-11-22,670.63
2007-11-23,676.13
2007-11-26,673.61
2007-11-27,671.19
2007-11-28,689.31
2007-11-29,693.37
2007-11-30,703.13
2007-12-03,699.82
2007-12-04,695.99
2007-12-05,708.27
2007-12-06,707.63
2007-12-07,713.05
2007-12-10,716.56
2007-12-11,714.73
2007-12-12,719.57
2007-12-13,705.62
2007-12-14,707.5
2007-12-17,695.4
2007-12-18,697.91
2007-12-19,696.28
2007-12-20,699.16
2007-12-21,710.9
2007-12-27,713.75
2007-12-28,716.65
2008-01-02,706.95
2008-01-03,702.2
2008-01-04,692.06
2008-01-07,690.04
2008-01-08,693.71
2008-01-09,685.17
2008-01-10,677.8
2008-01-11,678.01
2008-01-14,680.52
2008-01-15,665.39
2008-01-16,655.62
2008-01-17,650.82
2008-01-18,642.55
2008-01-21,598.14
2008-01-22,599.52
2008-01-23,573.26
2008-01-24,605.99
2008-01-25,607.63
2008-01-28,606.79
2008-01-29,615.26
2008-01-30,612.93
2008-01-31,610.83
2008-02-01,622.72
2008-02-04,626.49
2008-02-05,604.72
2008-02-06,611.45
2008-02-07,600.31
2008-02-08,603.15
2008-02-11,600.79
2008-02-12,622.1
2008-02-13,623.66
2008-02-14,623.2
2008-02-15,612.02
2008-02-18,623.73
2008-02-19,626.76
2008-02-20,618.01
2008-02-21,619.38
2008-02-22,611.56
2008-02-25,618.35
2008-02-26,627.26
2008-02-27,627.79
2008-02-28,615.68
2008-02-29,605.77
2008-03-03,600.43
2008-03-04,588.44
2008-03-05,600.81
2008-03-06,593.17
2008-03-07,585.39
2008-03-10,578.1
2008-03-11,585.47
2008-03-12,592.1
2008-03-13,583.17
2008-03-14,579.42
2008-03-17,554.53
2008-03-18,572.98
2008-03-19,569.46
2008-03-20,565.63
2008-03-25,583.73
2008-03-26,581.69
2008-03-27,590.39
2008-03-28,588.9
2008-03-31,587.24
2008-04-01,603.05
2008-04-02,606.66
2008-04-03,604.02
2008-04-04,606.79
2008-04-07,611.81
2008-04-08,606.47
2008-04-09,602.39
2008-04-10,600.65
2008-04-11,592.74
2008-04-14,588.72
2008-04-15,591.72
2008-04-16,602.2
2008-04-17,599.89
2008-04-18,613.57
2008-04-21,609.18
2008-04-22,605.51
2008-04-23,611.72
2008-04-24,612.94
2008-04-25,619.34
2008-04-28,622.52
2008-04-29,618.43
2008-04-30,624.02
2008-05-02,632.77
2008-05-05,633.47
2008-05-06,630.14
2008-05-07,636.1
2008-05-08,636.34
2008-05-09,630.28
2008-05-12,633.4
2008-05-13,635.38
2008-05-14,638.72
2008-05-15,639.07
2008-05-16,645.12
2008-05-19,652.8
2008-05-20,641.63
2008-05-21,635.5
2008-05-22,638.4
2008-05-23,626.66
2008-05-26,626.48
2008-05-27,626.44
2008-05-28,632.84
2008-05-29,634.71
2008-05-30,639.1
2008-06-02,632.15
2008-06-03,634.06
2008-06-04,629.92
2008-06-05,628.92
2008-06-06,617.24
2008-06-09,616.97
2008-06-10,612.49
2008-06-11,602.45
2008-06-12,607.5
2008-06-13,611.46
2008-06-16,609.58
2008-06-17,615.75
2008-06-18,609.05
2008-06-19,608.69
2008-06-20,597.29
2008-06-23,596.88
2008-06-24,591.26
2008-06-25,598.59
2008-06-26,584.82
2008-06-27,580.99
2008-06-30,580.4
2008-07-01,570.27
2008-07-02,567.37
2008-07-03,569.76
2008-07-04,563.72
2008-07-07,574.0
2008-07-08,565.24
2008-07-09,573.06
2008-07-10,566.01
2008-07-11,552.85
2008-07-14,556.55
2008-07-15,545.34
2008-07-16,551.98
2008-07-17,562.78
2008-07-18,570.1
2008-07-21,574.67
2008-07-22,575.55
2008-07-23,583.6
2008-07-24,573.87
2008-07-25,573.35
2008-07-28,566.51
2008-07-29,569.16
2008-07-30,576.01
2008-07-31,578.57
2008-08-01,570.59
2008-08-04,565.94
2008-08-05,578.73
2008-08-06,583.32
2008-08-07,582.09
2008-08-08,584.22
2008-08-11,588.33
2008-08-12,586.21
2008-08-13,573.0
2008-08-14,574.96
2008-08-15,575.65
2008-08-18,575.03
2008-08-19,562.94
2008-08-20,566.31
2008-08-21,559.74
2008-08-22,569.02
2008-08-25,565.21
2008-08-26,568.9
2008-08-27,567.97
2008-08-28,575.9
2008-08-29,577.15
2008-09-01,576.77
2008-09-02,584.19
2008-09-03,578.5
2008-09-04,562.4
2008-09-05,548.25
2008-09-08,560.31
2008-09-09,555.49
2008-09-10,552.56
2008-09-11,549.5
2008-09-12,555.91
2008-09-15,539.63
2008-09-16,531.67
2008-09-17,522.84
2008-09-18,521.3
2008-09-19,548.9
2008-09-22,541.79
2008-09-23,536.77
2008-09-24,535.4
2008-09-25,544.5
2008-09-26,534.15
2008-09-29,510.14
2008-09-30,513.1
2008-10-01,510.12
2008-10-02,497.42
2008-10-03,507.28
2008-10-06,470.38
2008-10-07,464.0
2008-10-08,437.16
2008-10-09,427.21
2008-10-10,398.87
2008-10-13,443.65
2008-10-14,455.45
2008-10-15,426.9
2008-10-16,406.17
2008-10-17,418.93
2008-10-20,424.08
2008-10-21,420.45
2008-10-22,401.71
2008-10-23,395.53
2008-10-24,375.4
2008-10-27,374.52
2008-10-28,410.86
2008-10-29,414.21
2008-10-30,421.14
2008-10-31,431.88
2008-11-03,432.75
2008-11-04,454.46
2008-11-05,444.34
2008-11-06,415.62
2008-11-07,425.35
2008-11-10,432.32
2008-11-11,410.98
2008-11-12,398.47
2008-11-13,401.44
2008-11-14,405.88
2008-11-17,392.49
2008-11-18,394.11
2008-11-19,375.48
2008-11-20,362.94
2008-11-21,356.6
2008-11-24,389.56
2008-11-25,387.96
2008-11-26,388.91
2008-11-27,398.35
2008-11-28,397.61
2008-12-01,375.27
2008-12-02,385.9
2008-12-03,388.44
2008-12-04,388.7
2008-12-05,373.53
2008-12-08,400.13
2008-12-09,404.67
2008-12-10,407.12
2008-12-11,404.17
2008-12-12,396.13
2008-12-15,395.67
2008-12-16,401.34
2008-12-17,400.22
2008-12-18,404.38
2008-12-19,398.96
2008-12-22,395.13
2008-12-23,394.94
2008-12-29,402.63
2008-12-30,411.51
2009-01-02,424.9
2009-01-05,426.13
2009-01-06,429.38
2009-01-07,421.71
2009-01-08,416.12
2009-01-09,408.5
2009-01-12,402.6
2009-01-13,395.83
2009-01-14,378.21
2009-01-15,371.39
2009-01-16,373.61
2009-01-19,369.24
2009-01-20,362.84
2009-01-21,364.35
2009-01-22,360.66
2009-01-23,356.84
2009-01-26,368.82
2009-01-27,368.85
2009-01-28,385.25
2009-01-29,377.92
2009-01-30,371.65
2009-02-02,365.56
2009-02-03,373.89
2009-02-04,383.14
2009-02-05,384.52
2009-02-06,395.39
2009-02-09,397.82
2009-02-10,384.57
2009-02-11,386.22
2009-02-12,376.52
2009-02-13,377.29
2009-02-16,373.63
2009-02-17,361.0
2009-02-18,359.73
2009-02-19,360.65
2009-02-20,344.18
2009-02-23,337.32
2009-02-24,333.46
2009-02-25,329.8
2009-02-26,337.82
2009-02-27,330.22
2009-03-02,318.94
2009-03-03,316.97
2009-03-04,333.35
2009-03-05,317.02
2009-03-06,313.89
2009-03-09,315.29
2009-03-10,331.3
2009-03-11,333.79
2009-03-12,337.04
2009-03-13,337.27
2009-03-16,344.93
2009-03-17,340.17
2009-03-18,340.37
2009-03-19,344.05
2009-03-20,346.09
2009-03-23,354.7
2009-03-24,355.64
2009-03-25,359.18
2009-03-26,362.54
2009-03-27,358.37
2009-03-30,341.11
2009-03-31,348.98
2009-04-01,353.37
2009-04-02,374.37
2009-04-03,374.78
2009-04-06,372.81
2009-04-07,370.07
2009-04-08,373.31
2009-04-09,385.04
2009-04-14,390.99
2009-04-15,390.38
2009-04-16,395.54
2009-04-17,401.92
2009-04-20,385.57
2009-04-21,386.82
2009-04-22,394.73
2009-04-23,390.73
2009-04-24,402.02
2009-04-27,402.95
2009-04-28,395.27
2009-04-29,403.55
2009-04-30,409.86
2009-05-04,421.5
2009-05-05,418.23
2009-05-06,420.94
2009-05-07,414.39
2009-05-08,422.84
2009-05-11,417.4
2009-05-12,416.13
2009-05-13,404.92
2009-05-14,406.74
2009-05-15,407.77
2009-05-18,417.09
2009-05-19,426.36
2009-05-20,433.41
2009-05-21,421.95
2009-05-22,423.53
2009-05-25,423.18
2009-05-26,427.97
2009-05-27,429.77
2009-05-28,423.83
2009-05-29,424.44
2009-06-01,441.3
2009-06-02,441.84
2009-06-03,434.36
2009-06-04,435.25
2009-06-05,436.43
2009-06-08,430.11
2009-06-09,429.53
2009-06-10,434.57
2009-06-11,439.32
2009-06-12,436.31
2009-06-15,421.59
2009-06-16,421.05
2009-06-17,412.7
2009-06-18,415.78
2009-06-19,416.32
2009-06-22,403.77
2009-06-23,405.08
2009-06-24,416.06
2009-06-25,413.4
2009-06-26,411.67
2009-06-29,420.57
2009-06-30,415.07
2009-07-01,422.94
2009-07-02,408.37
2009-07-03,406.98
2009-07-06,401.96
2009-07-07,397.54
2009-07-08,395.31
2009-07-09,400.06
2009-07-10,395.67
2009-07-13,407.74
2009-07-14,413.06
2009-07-15,425.38
2009-07-16,427.99
2009-07-17,429.42
2009-07-20,433.37
2009-07-21,439.07
2009-07-22,440.8
2009-07-23,450.49
2009-07-24,449.1
2009-07-27,450.34
2009-07-28,443.54
2009-07-29,451.09
2009-07-30,458.95
2009-07-31,457.15
2009-08-03,465.29
2009-08-04,464.57
2009-08-05,459.92
2009-08-06,461.58
2009-08-07,468.51
2009-08-10,465.47
2009-08-11,454.93
2009-08-12,460.56
2009-08-13,465.49
2009-08-14,459.05
2009-08-17,450.02
2009-08-18,454.59
2009-08-19,454.05
2009-08-20,460.66
2009-08-21,472.82
2009-08-24,477.55
2009-08-25,480.66
2009-08-26,477.67
2009-08-27,473.45
2009-08-28,477.91
2009-08-31,473.16
2009-09-01,461.59
2009-09-02,460.3
2009-09-03,460.07
2009-09-04,467.21
2009-09-07,474.27
2009-09-08,476.11
2009-09-09,483.56
2009-09-10,485.28
2009-09-11,487.92
2009-09-14,487.18
2009-09-15,488.98
2009-09-16,495.48
2009-09-17,498.14
2009-09-18,495.92
2009-09-21,491.93
2009-09-22,495.71
2009-09-23,495.15
2009-09-24,487.14
2009-09-25,485.33
2009-09-28,498.28
2009-09-29,496.81
2009-09-30,494.35
2009-10-01,483.84
2009-10-02,475.87
2009-10-05,479.66
2009-10-06,492.97
2009-10-07,492.08
2009-10-08,499.02
2009-10-09,498.81
2009-10-12,504.61
2009-10-13,498.8
2009-10-14,510.24
2009-10-15,508.14
2009-10-16,500.41
2009-10-19,509.26
2009-10-20,505.9
2009-10-21,507.27
2009-10-22,500.91
2009-10-23,499.44
2009-10-26,490.91
2009-10-27,489.01
2009-10-28,476.03
2009-10-29,484.6
2009-10-30,470.69
2009-11-02,471.76
2009-11-03,465.3
2009-11-04,474.01
2009-11-05,477.29
2009-11-06,478.58
2009-11-09,489.55
2009-11-10,487.64
2009-11-11,492.52
2009-11-12,492.13
2009-11-13,493.83
2009-11-16,503.92
2009-11-17,501.48
2009-11-18,502.54
2009-11-19,494.84
2009-11-20,491.35
2009-11-23,503.36
2009-11-24,500.59
2009-11-25,503.32
2009-11-26,486.94
2009-11-27,493.3
2009-11-30,488.51
2009-12-01,501.65
2009-12-02,502.25
2009-12-03,501.39
2009-12-04,505.4
2009-12-07,503.19
2009-12-08,495.16
2009-12-09,491.52
2009-12-10,496.46
2009-12-11,500.45
2009-12-14,504.17
2009-12-15,504.91
2009-12-16,512.22
2009-12-17,507.35
2009-12-18,506.2
2009-12-21,513.75
2009-12-22,514.85
2009-12-23,515.74
2009-12-28,518.85
2009-12-29,520.01
2009-12-30,516.05
2010-01-04,523.96
2010-01-05,523.64
2010-01-06,524.33
2010-01-07,523.83
2010-01-08,525.55
2010-01-11,525.93
2010-01-12,517.59
2010-01-13,519.71
2010-01-14,522.48
2010-01-15,513.14
2010-01-18,516.37
2010-01-19,520.56
2010-01-20,510.21
2010-01-21,501.77
2010-01-22,496.67
2010-01-25,491.91
2010-01-26,494.76
2010-01-27,492.25
2010-01-28,484.26
2010-01-29,489.82
2010-02-01,493.88
2010-02-02,499.07
2010-02-03,496.01
2010-02-04,483.77
2010-02-05,474.46
2010-02-08,478.12
2010-02-09,479.77
2010-02-10,483.03
2010-02-11,480.58
2010-02-12,479.9
2010-02-15,480.92
2010-02-16,487.59
2010-02-17,492.85
2010-02-18,495.66
2010-02-19,498.74
2010-02-22,496.21
2010-02-23,489.06
2010-02-24,489.42
2010-02-25,481.9
2010-02-26,487.81
2010-03-01,497.52
2010-03-02,503.01
2010-03-03,506.8
2010-03-04,505.31
2010-03-05,512.32
2010-03-08,512.28
2010-03-09,512.93
2010-03-10,517.71
2010-03-11,517.28
2010-03-12,518.58
2010-03-15,515.05
2010-03-16,520.72
2010-03-17,525.17
2010-03-18,523.89
2010-03-19,521.36
2010-03-22,521.73
2010-03-23,524.48
2010-03-24,526.21
2010-03-25,533.95
2010-03-26,532.97
2010-03-29,535.94
2010-03-30,534.42
2010-03-31,535.64
2010-04-01,543.01
2010-04-06,545.14
2010-04-07,542.76
2010-04-08,538.04
2010-04-09,544.95
2010-04-12,544.95
2010-04-13,543.25
2010-04-14,547.77
2010-04-15,549.08
2010-04-16,539.97
2010-04-19,537.88
2010-04-20,547.21
2010-04-21,544.83
2010-04-22,539.11
2010-04-23,547.31
2010-04-26,553.57
2010-04-27,538.4
2010-04-28,531.25
2010-04-29,537.15
2010-04-30,536.2
2010-05-03,539.22
2010-05-04,524.84
2010-05-05,519.6
2010-05-06,514.84
2010-05-07,498.22
2010-05-10,525.02
2010-05-11,526.3
2010-05-12,539.44
2010-05-13,544.9
2010-05-14,528.06
2010-05-17,527.98
2010-05-18,535.48
2010-05-19,520.77
2010-05-20,509.49
2010-05-21,506.54
2010-05-24,504.87
2010-05-25,491.62
2010-05-26,500.41
2010-05-27,516.27
2010-05-28,517.13
2010-05-31,519.01
2010-06-01,519.88
2010-06-02,520.06
2010-06-03,526.75
2010-06-04,516.75
2010-06-07,513.22
2010-06-08,509.37
2010-06-09,519.74
2010-06-10,526.77
2010-06-11,526.57
2010-06-14,533.54
2010-06-15,537.49
2010-06-16,538.4
2010-06-17,541.25
2010-06-18,541.01
2010-06-21,547.51
2010-06-22,545.19
2010-06-23,539.66
2010-06-24,531.62
2010-06-25,527.78
2010-06-28,535.48
2010-06-29,517.77
2010-06-30,518.87
2010-07-01,509.33
2010-07-02,507.93
2010-07-05,506.63
2010-07-06,517.88
2010-07-07,521.86
2010-07-08,525.56
2010-07-09,528.25
2010-07-12,529.4
2010-07-13,538.97
2010-07-14,540.25
2010-07-15,535.18
2010-07-16,526.23
2010-07-19,523.48
2010-07-20,519.84
2010-07-21,522.74
2010-07-22,535.8
2010-07-23,538.05
2010-07-26,541.16
2010-07-27,541.82
2010-07-28,539.13
2010-07-29,535.01
2010-07-30,535.45
2010-08-02,547.85
2010-08-03,549.08
2010-08-04,551.04
2010-08-05,551.38
2010-08-06,545.29
2010-08-09,553.11
2010-08-10,547.26
2010-08-11,535.49
2010-08-12,533.48
2010-08-13,531.78
2010-08-16,532.0
2010-08-17,540.32
2010-08-18,538.91
2010-08-19,529.93
2010-08-20,523.56
2010-08-23,524.13
2010-08-24,517.11
2010-08-25,513.65
2010-08-26,515.44
2010-08-27,519.01
2010-08-30,516.24
2010-08-31,517.45
2010-09-01,531.06
2010-09-02,531.49
2010-09-03,535.66
2010-09-06,537.41
2010-09-07,534.17
2010-09-08,538.03
2010-09-09,543.12
2010-09-10,542.85
2010-09-13,546.68
2010-09-14,547.93
2010-09-15,546.73
2010-09-16,545.76
2010-09-17,542.99
2010-09-20,549.98
2010-09-21,548.72
2010-09-22,542.83
2010-09-23,540.66
2010-09-24,550.24
2010-09-27,548.71
2010-09-28,548.64
2010-09-29,546.53
2010-09-30,545.46
2010-10-01,544.16
2010-10-04,537.68
2010-10-05,544.36
2010-10-06,549.03
2010-10-07,549.52
2010-10-08,551.08
2010-10-11,553.07
2010-10-12,552.82
2010-10-13,563.99
2010-10-14,565.95
2010-10-15,568.96
2010-10-18,570.9
2010-10-19,568.11
2010-10-20,571.14
2010-10-21,578.25
2010-10-22,578.17
2010-10-25,581.48
2010-10-26,579.38
2010-10-27,575.44
2010-10-28,577.68
2010-10-29,578.36
2010-11-01,578.91
2010-11-02,582.8
2010-11-03,580.01
2010-11-04,589.62
2010-11-05,591.08
2010-11-08,590.91
2010-11-09,594.3
2010-11-10,588.48
2010-11-11,588.11
2010-11-12,589.01
2010-11-15,593.94
2010-11-16,582.69
2010-11-17,585.88
2010-11-18,597.38
2010-11-19,598.41
2010-11-22,596.81
2010-11-23,586.63
2010-11-24,596.88
2010-11-25,602.23
2010-11-26,599.72
2010-11-29,586.89
2010-11-30,586.34
2010-12-01,601.82
2010-12-02,610.92
2010-12-03,610.41
2010-12-06,611.9
2010-12-07,616.05
2010-12-08,613.43
2010-12-09,611.78
2010-12-10,615.68
2010-12-13,618.3
2010-12-14,618.05
2010-12-15,617.59
2010-12-16,618.01
2010-12-17,614.49
2010-12-20,617.9
2010-12-21,623.11
2010-12-22,622.82
2010-12-23,622.4
2010-12-27,615.06
2010-12-28,615.38
2010-12-29,617.51
2010-12-30,611.3
2011-01-03,618.56
2011-01-04,617.35
2011-01-05,613.47
2011-01-06,616.55
2011-01-07,614.23
2011-01-10,606.01
2011-01-11,614.44
2011-01-12,625.25
2011-01-13,625.22
2011-01-14,625.2
2011-01-17,625.1
2011-01-18,630.74
2011-01-19,625.22
2011-01-20,618.87
2011-01-21,622.07
2011-01-24,622.06
2011-01-25,621.13
2011-01-26,628.29
2011-01-27,630.68
2011-01-28,626.41
2011-01-31,623.85
2011-02-01,633.12
2011-02-02,632.47
2011-02-03,633.43
2011-02-04,635.52
2011-02-07,641.81
2011-02-08,645.53
2011-02-09,645.27
2011-02-10,646.2
2011-02-11,648.95
2011-02-14,651.54
2011-02-15,651.2
2011-02-16,652.47
2011-02-17,651.39
2011-02-18,653.1
2011-02-21,643.9
2011-02-22,642.99
2011-02-23,631.66
2011-02-24,625.45
2011-02-25,631.56
2011-02-28,639.16
2011-03-01,635.75
2011-03-02,631.59
2011-03-03,635.28
2011-03-04,631.46
2011-03-07,630.49
2011-03-08,631.18
2011-03-09,628.93
2011-03-10,622.27
2011-03-11,614.93
2011-03-14,605.12
2011-03-15,586.83
2011-03-16,576.24
2011-03-17,588.8
2011-03-18,590.35
2011-03-21,603.58
2011-03-22,600.22
2011-03-23,602.05
2011-03-24,613.08
2011-03-25,614.3
2011-03-28,614.51
2011-03-29,614.04
2011-03-30,624.14
2011-03-31,622.97
2011-04-01,634.48
2011-04-04,634.69
2011-04-05,634.61
2011-04-06,637.69
2011-04-07,633.91
2011-04-08,636.91
2011-04-11,635.06
2011-04-12,626.05
2011-04-13,632.23
2011-04-14,629.63
2011-04-15,632.46
2011-04-18,619.18
2011-04-19,620.78
2011-04-20,638.26
2011-04-21,642.23
2011-04-26,647.6
2011-04-27,652.0
2011-04-28,657.39
2011-04-29,660.86
2011-05-02,662.27
2011-05-03,659.71
2011-05-04,648.92
2011-05-05,648.85
2011-05-06,658.54
2011-05-09,652.63
2011-05-10,660.17
2011-05-11,659.64
2011-05-12,655.16
2011-05-13,652.5
2011-05-16,650.94
2011-05-17,640.36
2011-05-18,643.78
2011-05-19,648.69
2011-05-20,641.81
2011-05-23,629.13
2011-05-24,631.97
2011-05-25,633.25
2011-05-26,628.93
2011-05-27,633.3
2011-05-30,633.71
2011-05-31,644.78
2011-06-01,638.97
2011-06-02,627.4
2011-06-03,629.92
2011-06-06,627.9
2011-06-07,629.1
2011-06-08,624.74
2011-06-09,633.29
2011-06-10,625.63
2011-06-13,626.65
2011-06-14,636.45
2011-06-16,628.07
2011-06-17,631.95
2011-06-20,630.57
2011-06-21,642.17
2011-06-22,641.56
2011-06-23,630.96
2011-06-24,629.19
2011-06-27,627.7
2011-06-28,632.59
2011-06-29,643.79
2011-06-30,651.43
2011-07-01,655.14
2011-07-04,658.1
2011-07-05,657.73
2011-07-06,656.99
2011-07-07,661.2
2011-07-08,655.29
2011-07-11,639.85
2011-07-12,635.22
2011-07-13,643.41
2011-07-14,638.06
2011-07-15,638.34
2011-07-18,627.91
2011-07-19,635.2
2011-07-20,637.83
2011-07-21,643.19
2011-07-22,646.49
2011-07-25,648.21
2011-07-26,647.66
2011-07-27,639.11
2011-07-28,632.66
2011-07-29,630.15
2011-08-01,613.91
2011-08-02,598.66
2011-08-03,584.48
2011-08-04,563.47
2011-08-05,548.97
2011-08-08,520.43
2011-08-09,522.43
2011-08-10,498.86
2011-08-11,515.61
2011-08-12,533.03
2011-08-15,535.87
2011-08-16,531.89
2011-08-17,527.65
2011-08-18,497.55
2011-08-19,487.3
2011-08-22,486.91
2011-08-23,491.7
2011-08-24,504.8
2011-08-25,497.53
2011-08-26,493.63
2011-08-29,505.34
2011-08-30,504.26
2011-08-31,517.06
2011-09-01,513.03
2011-09-02,496.23
2011-09-05,470.75
2011-09-06,466.34
2011-09-07,484.95
2011-09-08,485.62
2011-09-09,466.61
2011-09-12,455.58
2011-09-13,463.28
2011-09-14,478.29
2011-09-15,491.84
2011-09-16,497.83
2011-09-19,484.09
2011-09-20,496.7
2011-09-21,485.22
2011-09-22,461.3
2011-09-23,463.05
2011-09-26,474.38
2011-09-27,498.78
2011-09-28,494.68
2011-09-29,499.65
2011-09-30,487.21
2011-10-03,476.28
2011-10-04,461.34
2011-10-05,482.37
2011-10-06,497.93
2011-10-07,500.97
2011-10-10,515.37
2011-10-11,516.71
2011-10-12,528.15
2011-10-13,521.86
2011-10-14,527.02
2011-10-17,518.11
2011-10-18,520.02
2011-10-19,522.77
2011-10-20,510.3
2011-10-21,527.46
2011-10-24,535.52
2011-10-25,534.12
2011-10-26,532.0
2011-10-27,558.39
2011-10-28,558.96
2011-10-31,541.57
2011-11-01,515.78
2011-11-02,526.76
2011-11-03,541.46
2011-11-04,528.86
2011-11-07,525.59
2011-11-08,528.47
2011-11-09,517.34
2011-11-10,519.41
2011-11-11,535.83
2011-11-14,529.52
2011-11-15,524.49
2011-11-16,522.79
2011-11-17,517.02
2011-11-18,512.42
2011-11-21,495.2
2011-11-22,489.43
2011-11-23,482.58
2011-11-24,481.23
2011-11-25,486.12
2011-11-28,507.73
2011-11-29,512.04
2011-11-30,536.67
2011-12-01,531.89
2011-12-02,535.83
2011-12-05,538.23
2011-12-06,531.84
2011-12-07,528.64
2011-12-08,518.16
2011-12-09,526.96
2011-12-12,510.38
2011-12-13,509.83
2011-12-14,500.58
2011-12-15,505.27
2011-12-16,503.08
2011-12-19,500.61
2011-12-20,515.58
2011-12-21,511.27
2011-12-22,516.22
2011-12-23,518.84
2011-12-27,519.67
2011-12-28,510.21
2011-12-29,516.41
2011-12-30,520.73
2012-01-02,535.58
2012-01-03,543.27
2012-01-04,538.71
2012-01-05,537.46
2012-01-06,535.03
2012-01-09,531.59
2012-01-10,543.45
2012-01-11,543.31
2012-01-12,545.87
2012-01-13,542.81
2012-01-16,549.02
2012-01-17,558.63
2012-01-18,560.69
2012-01-19,566.52
2012-01-20,565.22
2012-01-23,568.11
2012-01-24,565.89
2012-01-25,566.54
2012-01-26,576.56
2012-01-27,574.16
2012-01-30,568.04
2012-01-31,570.03
2012-02-01,583.56
2012-02-02,587.11
2012-02-03,596.84
2012-02-06,596.52
2012-02-07,595.04
2012-02-08,595.21
2012-02-09,598.54
2012-02-10,590.58
2012-02-13,594.44
2012-02-14,593.26
2012-02-15,596.11
2012-02-16,595.17
2012-02-17,603.42
2012-02-20,611.98
2012-02-21,608.23
2012-02-22,603.01
2012-02-23,600.25
2012-02-24,604.86
2012-02-27,603.23
2012-02-28,606.61
2012-02-29,604.24
2012-03-01,610.95
2012-03-02,609.54
2012-03-05,604.65
2012-03-06,584.08
2012-03-07,587.76
2012-03-08,601.54
2012-03-09,605.84
2012-03-12,607.52
2012-03-13,615.63
2012-03-14,622.04
2012-03-15,627.35
2012-03-16,628.27
2012-03-19,627.86
2012-03-20,618.99
2012-03-21,620.58
2012-03-22,613.58
2012-03-23,615.43
2012-03-26,622.86
2012-03-27,622.96
2012-03-28,616.1
2012-03-29,605.53
2012-03-30,612.14
2012-04-02,621.48
2012-04-03,615.8
2012-04-04,598.54
2012-04-05,598.48
2012-04-10,583.88
2012-04-11,589.83
2012-04-12,596.65
2012-04-13,583.81
2012-04-16,587.04
2012-04-17,601.43
2012-04-18,595.76
2012-04-19,590.53
2012-04-20,596.76
2012-04-23,577.39
2012-04-24,583.11
2012-04-25,593.48
2012-04-26,597.68
2012-04-27,603.48
2012-04-30,600.43
2012-05-02,596.52
2012-05-03,595.52
2012-05-04,583.59
2012-05-07,584.39
2012-05-08,573.66
2012-05-09,575.72
2012-05-10,579.14
2012-05-11,584.39
2012-05-14,573.43
2012-05-15,569.27
2012-05-16,567.48
2012-05-17,561.03
2012-05-18,556.79
2012-05-21,562.05
2012-05-22,571.8
2012-05-23,559.13
2012-05-24,561.33
2012-05-25,563.16
2012-05-28,562.41
2012-05-29,569.32
2012-05-30,559.18
2012-05-31,557.68
2012-06-01,539.42
2012-06-04,532.3
2012-06-05,531.8
2012-06-06,543.43
2012-06-07,548.64
2012-06-08,546.89
2012-06-11,547.7
2012-06-12,548.59
2012-06-13,547.36
2012-06-14,545.82
2012-06-15,553.26
2012-06-18,555.0
2012-06-19,565.24
2012-06-20,568.3
2012-06-21,564.26
2012-06-22,557.09
2012-06-25,545.79
2012-06-26,545.44
2012-06-27,552.71
2012-06-28,546.2
2012-06-29,568.84
2012-07-02,575.76
2012-07-03,583.46
2012-07-04,582.87
2012-07-05,580.47
2012-07-06,569.82
2012-07-09,567.66
2012-07-10,572.67
2012-07-11,573.11
2012-07-12,569.95
2012-07-13,581.95
2012-07-16,582.9
2012-07-17,583.88
2012-07-18,592.54
2012-07-19,599.43
2012-07-20,588.79
2012-07-23,570.24
2012-07-24,568.14
2012-07-25,569.71
2012-07-26,584.2
2012-07-27,592.77
2012-07-30,599.9
2012-07-31,599.13
2012-08-01,597.94
2012-08-02,585.51
2012-08-03,606.93
2012-08-06,612.26
2012-08-07,616.25
2012-08-08,615.26
2012-08-09,615.04
2012-08-10,613.53
2012-08-13,610.31
2012-08-14,615.46
2012-08-15,613.21
2012-08-16,617.52
2012-08-17,622.18
2012-08-20,620.96
2012-08-21,625.68
2012-08-22,619.45
2012-08-23,613.93
2012-08-24,615.0
2012-08-27,621.17
2012-08-28,617.53
2012-08-29,618.4
2012-08-30,608.82
2012-08-31,614.82
2012-09-03,618.13
2012-09-04,611.02
2012-09-05,613.34
2012-09-06,630.09
2012-09-07,634.4
2012-09-10,634.29
2012-09-11,641.57
2012-09-12,644.64
2012-09-13,641.83
2012-09-14,651.13
2012-09-17,649.81
2012-09-18,644.96
2012-09-19,648.9
2012-09-20,649.01
2012-09-21,654.46
2012-09-24,651.13
2012-09-25,652.49
2012-09-26,639.58
2012-09-27,640.94
2012-09-28,635.3
2012-10-01,644.54
2012-10-02,643.11
2012-10-03,644.64
2012-10-04,643.96
2012-10-05,651.61
2012-10-08,642.81
2012-10-09,638.22
2012-10-10,635.9
2012-10-11,642.33
2012-10-12,638.43
2012-10-15,641.0
2012-10-16,650.71
2012-10-17,652.49
2012-10-18,655.57
2012-10-19,650.66
2012-10-22,646.66
2012-10-23,633.69
2012-10-24,635.65
2012-10-25,636.58
2012-10-26,639.2
2012-10-29,636.97
2012-10-30,643.84
2012-10-31,642.25
2012-11-01,648.72
2012-11-02,651.19
2012-11-05,647.93
2012-11-06,652.18
2012-11-07,640.61
2012-11-08,637.61
2012-11-09,634.22
2012-11-12,634.71
2012-11-13,634.42
2012-11-14,629.02
2012-11-15,623.38
2012-11-16,615.38
2012-11-19,630.19
2012-11-20,634.45
2012-11-21,635.94
2012-11-22,641.44
2012-11-23,646.58
2012-11-26,645.45
2012-11-27,649.23
2012-11-28,649.81
2012-11-29,655.23
2012-11-30,655.92
2012-12-03,658.14
2012-12-04,657.75
2012-12-05,659.45
2012-12-06,666.23
2012-12-07,664.84
2012-12-10,665.72
2012-12-11,670.96
2012-12-12,672.87
2012-12-13,670.07
2012-12-14,671.41
2012-12-17,671.95
2012-12-18,676.06
2012-12-19,677.58
2012-12-20,677.88
2012-12-21,674.68
2012-12-27,676.09
2012-12-28,673.11
2013-01-02,687.36
2013-01-03,686.01
2013-01-04,687.81
2013-01-07,684.19
2013-01-08,681.37
2013-01-09,684.18
2013-01-10,683.37
2013-01-11,684.26
2013-01-14,685.28
2013-01-15,680.77
2013-01-16,682.36
2013-01-17,686.7
2013-01-18,684.48
2013-01-21,688.27
2013-01-22,684.28
2013-01-23,685.83
2013-01-24,689.48
2013-01-25,698.16
2013-01-28,696.47
2013-01-29,697.09
2013-01-30,693.94
2013-01-31,690.49
2013-02-01,696.53
2013-02-04,680.39
2013-02-05,682.72
2013-02-06,676.68
2013-02-07,677.52
2013-02-08,683.35
2013-02-11,681.74
2013-02-12,684.18
2013-02-13,689.68
2013-02-14,683.28
2013-02-15,680.58
2013-02-18,683.18
2013-02-19,693.49
2013-02-20,691.87
2013-02-21,679.78
2013-02-22,685.61
2013-02-25,694.14
2013-02-26,680.03
2013-02-27,686.47
2013-02-28,692.13
2013-03-01,689.26
2013-03-04,687.21
2013-03-05,701.87
2013-03-06,705.68
2013-03-07,707.68
2013-03-08,710.95
2013-03-11,710.62
2013-03-12,709.28
2013-03-13,709.67
2013-03-14,716.55
2013-03-15,715.37
2013-03-18,713.12
2013-03-19,707.67
2013-03-20,711.54
2013-03-21,705.9
2013-03-22,704.27
2013-03-25,701.31
2013-03-26,702.45
2013-03-27,694.53
2013-03-28,695.76
2013-04-02,708.09
2013-04-03,702.54
2013-04-04,696.49
2013-04-05,682.68
2013-04-08,683.77
2013-04-09,681.82
2013-04-10,696.86
2013-04-11,702.64
2013-04-12,692.4
2013-04-15,688.96
2013-04-16,686.17
2013-04-17,670.97
2013-04-18,668.39
2013-04-19,667.89
2013-04-22,669.88
2013-04-23,685.13
2013-04-24,693.08
2013-04-25,699.04
2013-04-26,697.14
2013-04-29,702.19
2013-04-30,705.55
2013-05-02,709.41
2013-05-03,722.47
2013-05-06,722.04
2013-05-07,727.73
2013-05-08,733.38
2013-05-09,734.65
2013-05-10,736.17
2013-05-13,736.05
2013-05-14,741.42
2013-05-15,743.6
2013-05-16,744.17
2013-05-17,746.49
2013-05-20,752.0
2013-05-21,753.44
2013-05-22,758.22
2013-05-23,742.7
2013-05-24,739.33
2013-05-27,745.78
2013-05-28,754.57
2013-05-29,742.31
2013-05-30,747.22
2013-05-31,743.16
2013-06-03,737.38
2013-06-04,738.65
2013-06-05,729.9
2013-06-06,722.0
2013-06-07,734.29
2013-06-10,738.91
2013-06-11,731.53
2013-06-12,725.71
2013-06-13,721.42
2013-06-14,724.93
2013-06-17,732.13
2013-06-18,733.67
2013-06-19,731.29
2013-06-20,708.58
2013-06-21,696.47
2013-06-24,686.68
2013-06-25,697.37
2013-06-26,708.31
2013-06-27,713.5
2013-06-28,710.59
2013-07-01,713.27
2013-07-02,707.4
2013-07-03,700.24
2013-07-04,714.31
2013-07-05,699.12
2013-07-08,712.67
2013-07-09,720.6
2013-07-10,721.23
2013-07-11,728.87
2013-07-12,733.04
2013-07-15,734.79
2013-07-16,732.04
2013-07-17,736.01
2013-07-18,743.71
2013-07-19,743.12
2013-07-22,742.8
2013-07-23,741.35
2013-07-24,746.84
2013-07-25,740.93
2013-07-26,736.43
2013-07-29,737.93
2013-07-30,739.69
2013-07-31,740.14
2013-08-01,751.74
2013-08-02,751.51
2013-08-05,751.6
2013-08-06,743.89
2013-08-07,741.0
2013-08-08,746.16
2013-08-09,748.3
2013-08-12,750.27
2013-08-13,755.09
2013-08-14,757.45
2013-08-15,751.71
2013-08-16,753.05
2013-08-19,750.99
2013-08-20,745.24
2013-08-21,744.03
2013-08-22,753.8
2013-08-23,755.86
2013-08-26,756.98
2013-08-27,740.14
2013-08-28,732.2
2013-08-29,736.11
2013-08-30,728.73
2013-09-02,741.21
2013-09-03,735.81
2013-09-04,736.69
2013-09-05,740.46
2013-09-06,743.06
2013-09-09,743.6
2013-09-10,758.0
2013-09-11,762.03
2013-09-12,761.86
2013-09-13,763.36
2013-09-16,772.42
2013-09-17,770.48
2013-09-18,773.83
2013-09-19,778.06
2013-09-20,776.2
2013-09-23,773.15
2013-09-24,775.49
2013-09-25,775.72
2013-09-26,775.78
2013-09-27,775.91
2013-09-30,770.59
2013-10-01,778.41
2013-10-02,773.73
2013-10-03,771.16
2013-10-04,772.98
2013-10-07,770.3
2013-10-08,767.51
2013-10-09,763.74
2013-10-10,778.06
2013-10-11,781.25
2013-10-14,781.25
2013-10-15,788.75
2013-10-16,791.85
2013-10-17,789.62
2013-10-18,795.11
2013-10-21,796.41
2013-10-22,802.76
2013-10-23,800.42
2013-10-24,805.22
2013-10-25,805.53
2013-10-28,804.77
2013-10-29,808.16
2013-10-30,808.26
2013-10-31,810.48
2013-11-01,808.94
2013-11-04,811.76
2013-11-05,809.33
2013-11-06,812.75
2013-11-07,815.01
2013-11-08,814.09
2013-11-11,817.21
2013-11-12,814.01
2013-11-13,811.43
2013-11-14,819.84
2013-11-15,821.78
2013-11-18,826.88
2013-11-19,824.51
2013-11-20,825.16
2013-11-21,824.22
2013-11-22,826.22
2013-11-25,833.01
2013-11-26,832.11
2013-11-27,836.95
2013-11-28,839.77
2013-11-29,841.59
2013-12-02,841.59
2013-12-03,825.73
2013-12-04,818.78
2013-12-05,813.78
2013-12-06,821.14
2013-12-09,823.56
2013-12-10,817.22
2013-12-11,813.99
2013-12-12,808.04
2013-12-13,806.97
2013-12-16,819.85
2013-12-17,814.39
2013-12-18,822.26
2013-12-19,834.93
2013-12-20,840.23
2013-12-23,847.56
2013-12-27,855.98
2013-12-30,853.14
2014-01-02,841.29
2014-01-03,845.2
2014-01-06,844.56
2014-01-07,850.69
2014-01-08,850.26
2014-01-09,844.53
2014-01-10,849.45
2014-01-13,853.31
2014-01-14,854.76
2014-01-15,870.8
2014-01-16,869.96
2014-01-17,872.16
2014-01-20,869.94
2014-01-21,871.2
2014-01-22,870.64
2014-01-23,863.11
2014-01-24,841.9
2014-01-27,836.82
2014-01-28,843.29
2014-01-29,837.15
2014-01-30,839.72
2014-01-31,834.36
2014-02-03,824.14
2014-02-04,819.57
2014-02-05,819.07
2014-02-06,831.75
2014-02-07,835.72
2014-02-10,835.32
2014-02-11,850.7
2014-02-12,856.31
2014-02-13,860.87
2014-02-14,866.57
2014-02-17,867.39
2014-02-18,867.27
2014-02-19,867.33
2014-02-20,863.19
2014-02-21,866.79
2014-02-24,870.6
2014-02-25,869.8
2014-02-26,866.37
2014-02-27,860.52
2014-02-28,869.31
2014-03-03,840.77
2014-03-04,860.78
2014-03-05,857.52
2014-03-06,858.26
2014-03-07,842.41
2014-03-10,834.84
2014-03-11,837.9
2014-03-12,826.95
2014-03-13,812.89
2014-03-14,814.9
2014-03-17,826.91
2014-03-18,832.5
2014-03-19,835.2
2014-03-20,835.49
2014-03-21,838.72
2014-03-24,825.13
2014-03-25,837.64
2014-03-26,846.76
2014-03-27,846.94
2014-03-28,858.09
2014-03-31,856.42
2014-04-01,861.22
2014-04-02,863.09
2014-04-03,863.52
2014-04-04,869.05
2014-04-07,853.09
2014-04-08,849.8
2014-04-09,852.75
2014-04-10,848.42
2014-04-11,836.24
2014-04-14,836.26
2014-04-15,821.92
2014-04-16,835.1
2014-04-17,843.33
2014-04-22,859.89
2014-04-23,855.11
2014-04-24,855.4
2014-04-25,842.79
2014-04-28,846.01
2014-04-29,857.18
2014-04-30,858.51
2014-05-02,855.29
2014-05-05,852.68
2014-05-06,847.91
2014-05-07,851.73
2014-05-08,860.16
2014-05-09,858.54
2014-05-12,869.04
2014-05-13,872.35
2014-05-14,872.1
2014-05-15,863.48
2014-05-16,860.21
2014-05-19,863.26
2014-05-20,861.92
2014-05-21,866.99
2014-05-22,869.62
2014-05-23,874.18
2014-05-26,885.13
2014-05-27,889.43
2014-05-28,889.28
2014-05-29,889.48
2014-05-30,889.9
2014-06-02,890.91
2014-06-03,887.76
2014-06-04,888.22
2014-06-05,890.52
2014-06-06,894.91
2014-06-09,896.92
2014-06-10,898.32
2014-06-11,891.52
2014-06-12,891.38
2014-06-13,887.95
2014-06-16,885.19
2014-06-17,888.67
2014-06-18,889.73
2014-06-19,895.87
2014-06-20,894.73
2014-06-23,888.84
2014-06-24,889.9
2014-06-25,883.2
2014-06-26,878.54
2014-06-27,879.72
2014-06-30,881.17
2014-07-01,886.56
2014-07-02,887.73
2014-07-03,897.56
2014-07-04,895.64
2014-07-07,886.65
2014-07-08,874.67
2014-07-09,876.81
2014-07-10,864.26
2014-07-11,865.12
2014-07-14,875.45
2014-07-15,869.3
2014-07-16,881.05
2014-07-17,872.89
2014-07-18,869.69
2014-07-21,860.46
2014-07-22,870.4
2014-07-23,872.24
2014-07-24,875.79
2014-07-25,863.18
2014-07-28,858.38
2014-07-29,862.85
2014-07-30,857.46
2014-07-31,840.72
2014-08-01,824.44
2014-08-04,819.54
2014-08-05,822.21
2014-08-06,816.43
2014-08-07,809.24
2014-08-08,806.14
2014-08-11,822.11
2014-08-12,812.64
2014-08-13,822.95
2014-08-14,825.76
2014-08-15,815.1
2014-08-18,827.94
2014-08-19,835.9
2014-08-20,833.96
2014-08-21,841.45
2014-08-22,836.73
2014-08-25,850.61
2014-08-26,856.73
2014-08-27,855.67
2014-08-28,846.23
2014-08-29,846.53
2014-09-01,847.18
2014-09-02,849.68
2014-09-03,859.52
2014-09-04,867.45
2014-09-05,869.07
2014-09-08,869.96
2014-09-09,865.86
2014-09-10,864.08
2014-09-11,863.38
2014-09-12,860.65
2014-09-15,860.81
2014-09-16,857.71
2014-09-17,860.63
2014-09-18,871.39
2014-09-19,871.48
2014-09-22,867.47
2014-09-23,853.95
2014-09-24,858.81
2014-09-25,846.93
2014-09-26,845.45
2014-09-29,840.21
2014-09-30,844.57
2014-10-01,836.49
2014-10-02,820.42
2014-10-06,822.16
2014-10-07,811.17
2014-10-08,802.88
2014-10-09,802.89
2014-10-10,784.47
2014-10-13,785.76
2014-10-14,787.43
2014-10-15,766.35
2014-10-16,767.06
2014-10-17,791.28
2014-10-20,780.26
2014-10-21,795.42
2014-10-22,801.23
2014-10-23,809.77
2014-10-24,804.65
2014-10-27,797.14
2014-10-28,810.62
2014-10-29,812.79
2014-10-30,816.23
2014-10-31,833.99
2014-11-03,828.77
2014-11-04,821.49
2014-11-05,833.83
2014-11-06,838.86
2014-11-07,832.25
2014-11-10,837.93
2014-11-11,839.42
2014-11-12,826.42
2014-11-13,829.56
2014-11-14,830.07
2014-11-17,834.84
2014-11-18,847.52
2014-11-19,849.34
2014-11-20,850.67
2014-11-21,871.08
2014-11-24,876.24
2014-11-25,882.11
2014-11-26,886.29
2014-11-27,891.18
2014-11-28,891.6
2014-12-01,889.93
2014-12-02,887.47
2014-12-03,891.59
2014-12-04,881.57
2014-12-05,900.98
2014-12-08,894.94
2014-12-09,876.28
2014-12-10,876.49
2014-12-11,881.55
2014-12-12,859.56
2014-12-15,837.99
2014-12-16,856.44
2014-12-17,855.37
2014-12-18,878.28
2014-12-19,876.79
2014-12-22,883.79
2014-12-23,888.86
2014-12-29,889.1
2014-12-30,879.54
2015-01-02,876.68
2015-01-05,853.07
2015-01-06,852.62
2015-01-07,856.83
2015-01-08,883.69
2015-01-09,869.52
2015-01-12,880.14
2015-01-13,893.44
2015-01-14,882.9
2015-01-15,901.2
2015-01-16,912.13
2015-01-19,919.07
2015-01-20,920.74
2015-01-21,924.25
2015-01-22,936.56
2015-01-23,955.36
2015-01-26,968.24
2015-01-27,953.28
2015-01-28,960.8
2015-01-29,962.48
2015-01-30,959.2
2015-02-02,969.78
2015-02-03,975.76
2015-02-04,978.66
2015-02-05,979.33
2015-02-06,974.13
2015-02-09,957.76
2015-02-10,966.06
2015-02-11,965.64
2015-02-12,981.18
2015-02-13,984.56
2015-02-16,981.22
2015-02-17,978.72
2015-02-18,985.7
2015-02-19,989.98
2015-02-20,993.59
2015-02-23,1001.43
2015-02-24,1006.94
2015-02-25,1006.75
2015-02-26,1016.89
2015-02-27,1022.6
2015-03-02,1023.63
2015-03-03,1012.07
2015-03-04,1020.11
2015-03-05,1030.07
2015-03-06,1034.23
2015-03-09,1036.4
2015-03-10,1030.13
2015-03-11,1056.24
2015-03-12,1056.15
2015-03-13,1064.94
2015-03-16,1086.76
2015-03-17,1070.25
2015-03-18,1064.93
2015-03-19,1064.68
2015-03-20,1076.06
2015-03-23,1063.42
2015-03-24,1072.88
2015-03-25,1061.45
2015-03-26,1057.71
2015-03-27,1060.38
2015-03-30,1078.78
2015-03-31,1068.54
2015-04-01,1072.27
2015-04-02,1070.0
2015-04-07,1083.19
2015-04-08,1077.15
2015-04-09,1089.23
2015-04-10,1107.09
2015-04-13,1104.09
2015-04-14,1095.22
2015-04-15,1095.55
2015-04-16,1076.06
2015-04-17,1049.53
2015-04-20,1066.44
2015-04-21,1071.35
2015-04-22,1064.46
2015-04-23,1052.01
2015-04-24,1058.85
2015-04-27,1078.76
2015-04-28,1059.09
2015-04-29,1026.25
2015-04-30,1027.34
2015-05-04,1041.5
2015-05-05,1016.77
2015-05-06,1016.76
2015-05-07,1021.82
2015-05-08,1048.48
2015-05-11,1046.37
2015-05-12,1029.07
2015-05-13,1020.19
2015-05-14,1037.85
2015-05-15,1029.53
2015-05-18,1041.6
2015-05-19,1064.6
2015-05-20,1063.75
2015-05-21,1064.68
2015-05-22,1060.5
2015-05-26,1044.64
2015-05-27,1057.01
2015-05-28,1049.11
2015-05-29,1027.09
2015-06-01,1029.84
2015-06-02,1020.74
2015-06-03,1027.5
2015-06-04,1020.36
2015-06-05,1007.38
2015-06-08,995.65
2015-06-09,990.16
2015-06-10,1012.75
2015-06-11,1018.99
2015-06-12,1006.61
2015-06-15,987.57
2015-06-16,993.06
2015-06-17,986.73
2015-06-18,996.29
2015-06-19,991.99
2015-06-22,1026.87
2015-06-23,1035.41
2015-06-24,1029.33
2015-06-25,1029.73
2015-06-26,1031.65
2015-06-29,997.11
2015-06-30,985.54
2015-07-01,1006.06
2015-07-02,998.85
2015-07-03,995.73
2015-07-06,981.94
2015-07-07,964.26
2015-07-08,968.65
2015-07-09,990.36
2015-07-10,1017.64
2015-07-13,1032.8
2015-07-14,1035.06
2015-07-15,1037.17
2015-07-16,1052.92
2015-07-17,1050.38
2015-07-20,1056.06
2015-07-21,1044.87
2015-07-22,1037.84
2015-07-23,1037.04
2015-07-24,1023.94
2015-07-27,997.9
2015-07-28,1009.15
2015-07-29,1012.98
2015-07-30,1015.87
2015-07-31,1020.93
2015-08-03,1033.85
2015-08-04,1035.98
2015-08-05,1050.32
2015-08-06,1046.31
2015-08-07,1036.78
2015-08-10,1046.5
2015-08-11,1020.3
2015-08-12,987.92
2015-08-13,998.21
2015-08-14,997.13
2015-08-17,993.47
2015-08-18,991.94
2015-08-19,971.72
2015-08-20,948.47
2015-08-21,921.21
2015-08-24,879.76
2015-08-25,922.16
2015-08-26,911.02
2015-08-27,939.0
2015-08-28,937.73
2015-08-31,935.45
2015-09-01,913.66
2015-09-02,917.12
2015-09-03,940.64
2015-09-04,916.37
2015-09-07,922.0
2015-09-08,936.21
2015-09-09,940.28
2015-09-10,933.11
2015-09-11,925.05
2015-09-14,924.92
2015-09-15,929.78
2015-09-16,934.16
2015-09-17,934.38
2015-09-18,909.48
2015-09-21,911.0
2015-09-22,877.39
2015-09-23,881.49
2015-09-24,865.25
2015-09-25,888.13
2015-09-28,870.11
2015-09-29,866.94
2015-09-30,885.74
2015-10-01,873.47
2015-10-02,877.18
2015-10-05,900.6
2015-10-06,908.35
2015-10-07,913.05
2015-10-08,915.69
2015-10-09,923.68
2015-10-12,924.9
2015-10-13,915.32
2015-10-14,905.27
2015-10-15,917.62
2015-10-16,919.83
2015-10-19,925.37
2015-10-20,923.9
2015-10-21,932.51
2015-10-22,953.87
2015-10-23,979.96
2015-10-26,980.79
2015-10-27,970.51
2015-10-28,983.26
2015-10-29,982.44
2015-10-30,985.88
2015-11-02,994.58
2015-11-03,993.82
2015-11-04,984.42
2015-11-05,987.45
2015-11-06,995.81
2015-11-09,980.76
2015-11-10,981.88
2015-11-11,987.4
2015-11-12,976.2
2015-11-13,969.57
2015-11-16,971.62
2015-11-17,993.93
2015-11-18,993.13
2015-11-19,1003.75
2015-11-20,1006.59
2015-11-23,1004.23
2015-11-24,990.26
2015-11-25,1010.37
2015-11-26,1023.31
2015-11-27,1021.3
2015-11-30,1029.47
2015-12-01,1019.89
2015-12-02,1014.95
2015-12-03,982.0
2015-12-04,979.56
2015-12-07,992.21
2015-12-08,973.15
2015-12-09,966.67
2015-12-10,966.04
2015-12-11,943.32
2015-12-14,926.26
2015-12-15,953.3
2015-12-16,956.22
2015-12-17,978.3
2015-12-18,967.59
2015-12-21,957.5
2015-12-22,957.11
2015-12-23,977.29
2015-12-28,971.05
2015-12-29,989.09
2015-12-30,979.19
2016-01-04,941.38
2016-01-05,942.9
2016-01-06,933.47
2016-01-07,911.95
2016-01-08,901.02
2016-01-11,898.48
2016-01-12,913.42
2016-01-13,911.16
2016-01-14,895.57
2016-01-15,872.58
2016-01-18,869.0
2016-01-19,883.26
2016-01-20,857.34
2016-01-21,873.16
2016-01-22,892.49
2016-01-25,891.41
2016-01-26,898.52
2016-01-27,902.99
2016-01-28,882.07
2016-01-29,897.13
2016-02-01,894.23
2016-02-02,878.61
2016-02-03,865.67
2016-02-04,862.47
2016-02-05,852.96
2016-02-08,822.67
2016-02-09,813.77
2016-02-10,827.14
2016-02-11,803.9
2016-02-12,822.15
2016-02-15,845.15
2016-02-16,838.84
2016-02-17,861.11
2016-02-18,869.26
2016-02-19,862.61
2016-02-22,878.77
2016-02-23,865.28
2016-02-24,842.06
2016-02-25,857.12
2016-02-26,872.0
2016-02-29,872.56
2016-03-01,892.26
2016-03-02,896.15
2016-03-03,894.17
2016-03-04,900.49
2016-03-07,896.12
2016-03-08,886.86
2016-03-09,889.55
2016-03-10,870.31
2016-03-11,900.15
2016-03-14,914.06
2016-03-15,908.66
2016-03-16,913.68
2016-03-17,906.35
2016-03-18,911.06
2016-03-21,910.9
2016-03-22,914.8
2016-03-23,918.03
2016-03-24,903.34
2016-03-29,906.92
2016-03-30,921.56
2016-03-31,914.72
2016-04-01,901.34
2016-04-04,903.44
2016-04-05,881.55
2016-04-06,887.45
2016-04-07,879.5
2016-04-08,888.39
2016-04-11,893.03
2016-04-12,899.0
2016-04-13,921.42
2016-04-14,926.26
2016-04-15,922.05
2016-04-18,927.78
2016-04-19,946.92
2016-04-20,952.57
2016-04-21,951.89
2016-04-22,946.63
2016-04-25,940.64
2016-04-26,938.28
2016-04-27,942.57
2016-04-28,944.16
2016-04-29,920.96
2016-05-02,928.0
2016-05-03,911.87
2016-05-04,903.79
2016-05-05,906.2
2016-05-06,907.55
2016-05-09,916.18
2016-05-10,922.6
2016-05-11,917.77
2016-05-12,908.42
2016-05-13,916.21
2016-05-17,911.66
2016-05-18,916.24
2016-05-19,904.29
2016-05-20,915.07
2016-05-23,909.43
2016-05-24,926.73
2016-05-25,938.63
2016-05-26,944.72
2016-05-27,945.96
2016-05-30,949.34
2016-05-31,944.28
2016-06-01,939.33
2016-06-02,940.4
2016-06-03,931.4
2016-06-06,933.19
2016-06-07,947.56
2016-06-08,941.81
2016-06-09,930.87
2016-06-10,908.08
2016-06-13,891.43
2016-06-14,878.84
2016-06-15,886.26
2016-06-16,879.94
2016-06-17,887.86
2016-06-20,917.57
2016-06-21,921.22
2016-06-22,925.62
2016-06-23,941.47
2016-06-24,883.75
2016-06-27,855.1
2016-06-28,871.09
2016-06-29,886.13
2016-06-30,892.55
2016-07-01,902.49
2016-07-04,895.59
2016-07-05,879.38
2016-07-06,865.36
2016-07-07,870.44
2016-07-08,888.92
2016-07-11,907.3
2016-07-12,917.62
2016-07-13,915.2
2016-07-14,926.54
2016-07-15,926.35
2016-07-18,927.14
2016-07-19,921.66
2016-07-20,935.14
2016-07-21,935.62
2016-07-22,935.59
2016-07-25,940.32
2016-07-26,944.8
2016-07-27,951.72
2016-07-28,947.25
2016-07-29,952.59
2016-08-01,952.11
2016-08-02,935.79
2016-08-03,937.0
2016-08-04,942.27
2016-08-05,954.66
2016-08-08,959.81
2016-08-09,981.6
2016-08-10,979.01
2016-08-11,987.58
2016-08-12,984.83
2016-08-15,986.83
2016-08-16,980.28
2016-08-17,968.04
2016-08-18,974.83
2016-08-19,969.69
2016-08-22,965.73
2016-08-23,974.36
2016-08-24,976.51
2016-08-25,968.53
2016-08-26,973.51
2016-08-29,970.24
2016-08-30,979.35
2016-08-31,973.72
2016-09-01,969.95
2016-09-02,982.88
2016-09-05,982.29
2016-09-06,983.44
2016-09-07,989.13
2016-09-08,981.95
2016-09-09,971.71
2016-09-12,960.42
2016-09-13,956.88
2016-09-14,956.62
2016-09-15,961.13
2016-09-16,949.33
2016-09-19,957.9
2016-09-20,959.62
2016-09-21,963.1
2016-09-22,983.65
2016-09-23,979.17
2016-09-26,960.58
2016-09-27,957.48
2016-09-28,964.93
2016-09-29,962.17
2016-09-30,970.75
2016-10-04,980.25
2016-10-05,976.66
2016-10-06,975.3
2016-10-07,967.16
2016-10-10,978.54
2016-10-11,974.67
2016-10-12,970.17
2016-10-13,961.1
2016-10-14,975.04
2016-10-17,968.41
2016-10-18,979.5
2016-10-19,981.03
2016-10-20,984.2
2016-10-21,984.63
2016-10-24,988.38
2016-10-25,987.19
2016-10-26,982.79
2016-10-27,983.14
2016-10-28,981.23
2016-10-31,978.89
2016-11-01,966.56
2016-11-02,953.06
2016-11-03,949.29
2016-11-04,942.9
2016-11-07,959.18
2016-11-08,960.65
2016-11-09,972.42
2016-11-10,968.38
2016-11-11,970.72
2016-11-14,971.89
2016-11-15,976.86
2016-11-16,971.64
2016-11-17,973.67
2016-11-18,971.9
2016-11-21,973.43
2016-11-22,976.25
2016-11-23,971.75
2016-11-24,974.68
2016-11-25,976.32
2016-11-28,966.63
2016-11-29,969.58
2016-11-30,971.21
2016-12-01,961.36
2016-12-02,958.99
2016-12-05,972.78
2016-12-06,980.88
2016-12-07,998.65
2016-12-08,1014.41
2016-12-09,1017.83
2016-12-12,1016.2
2016-12-13,1023.66
2016-12-14,1020.49
2016-12-15,1029.63
2016-12-16,1033.33
2016-12-19,1036.17
2016-12-20,1039.39
2016-12-21,1041.01
2016-12-22,1039.92
2016-12-23,1039.76
2016-12-27,1042.26
2016-12-28,1042.65
2016-12-29,1040.59
2016-12-30,1042.86
2017-01-02,1054.03
2017-01-03,1053.05
2017-01-04,1051.72
2017-01-05,1052.42
2017-01-06,1053.1
2017-01-09,1050.65
2017-01-10,1052.09
2017-01-11,1058.26
2017-01-12,1048.04
2017-01-13,1057.24
2017-01-16,1052.09
2017-01-17,1050.39
2017-01-18,1055.93
2017-01-19,1055.66
2017-01-20,1058.57
2017-01-23,1052.26
2017-01-24,1057.15
2017-01-25,1074.21
2017-01-26,1077.67
2017-01-27,1075.4
2017-01-30,1063.7
2017-01-31,1051.73
2017-02-01,1061.59
2017-02-02,1060.02
2017-02-03,1061.52
2017-02-06,1048.32
2017-02-07,1052.53
2017-02-08,1053.47
2017-02-09,1061.43
2017-02-10,1064.51
2017-02-13,1074.23
2017-02-14,1074.8
2017-02-15,1076.8
2017-02-16,1074.36
2017-02-17,1074.6
2017-02-20,1080.13
2017-02-21,1091.85
2017-02-22,1093.87
2017-02-23,1088.6
2017-02-24,1075.83
2017-02-27,1077.63
2017-02-28,1078.64
2017-03-01,1097.9
2017-03-02,1097.53
2017-03-03,1094.23
2017-03-06,1088.97
2017-03-07,1089.42
2017-03-08,1089.4
2017-03-09,1090.14
2017-03-10,1089.75
2017-03-13,1092.16
2017-03-14,1092.01
2017-03-15,1093.86
2017-03-16,1100.64
2017-03-17,1102.11
2017-03-20,1098.37
2017-03-21,1089.79
2017-03-22,1083.78
2017-03-23,1095.83
2017-03-24,1098.72
2017-03-27,1092.33
2017-03-28,1105.8
2017-03-29,1110.37
2017-03-30,1115.27
2017-03-31,1120.8
2017-04-03,1116.73
2017-04-04,1119.27
2017-04-05,1114.6
2017-04-06,1115.71
2017-04-07,1116.46
2017-04-10,1115.4
2017-04-11,1110.09
2017-04-12,1112.13
2017-04-13,1108.55
2017-04-18,1099.19
2017-04-19,1100.91
2017-04-20,1101.6
2017-04-21,1102.75
2017-04-24,1137.31
2017-04-25,1138.79
2017-04-26,1139.86
2017-04-27,1137.81
2017-04-28,1137.78
2017-05-02,1145.03
2017-05-03,1145.79
2017-05-04,1156.91
2017-05-05,1162.4
2017-05-08,1160.69
2017-05-09,1165.78
2017-05-10,1166.36
2017-05-11,1161.46
2017-05-12,1167.38
2017-05-15,1171.34
2017-05-16,1171.71
2017-05-17,1155.56
2017-05-18,1151.29
2017-05-19,1157.92
2017-05-22,1156.72
2017-05-23,1160.4
2017-05-24,1160.29
2017-05-25,1159.63
2017-05-26,1158.38
2017-05-29,1161.03
2017-05-30,1159.05
2017-05-31,1159.99
2017-06-01,1166.24
2017-06-02,1179.57
2017-06-06,1168.1
2017-06-07,1165.89
2017-06-08,1168.0
2017-06-09,1177.08
2017-06-12,1164.8
2017-06-13,1171.65
2017-06-14,1174.93
2017-06-15,1164.31
2017-06-16,1170.94
2017-06-19,1183.03
2017-06-20,1176.66
2017-06-21,1173.11
2017-06-22,1174.33
2017-06-23,1168.67
2017-06-26,1171.95
2017-06-27,1161.71
2017-06-28,1158.67
2017-06-29,1138.31
2017-06-30,1132.19
2017-07-03,1145.26
2017-07-04,1142.03
2017-07-05,1144.17
2017-07-06,1137.32
2017-07-07,1137.94
2017-07-10,1143.88
2017-07-11,1143.49
2017-07-12,1160.29
2017-07-13,1162.52
2017-07-14,1162.95
2017-07-17,1159.89
2017-07-18,1146.27
2017-07-19,1148.94
2017-07-20,1147.7
2017-07-21,1129.88
2017-07-24,1126.46
2017-07-25,1131.41
2017-07-26,1136.49
2017-07-27,1130.47
2017-07-28,1124.73
2017-07-31,1121.34
2017-08-01,1133.09
2017-08-02,1128.29
2017-08-03,1125.89
2017-08-04,1138.54
2017-08-07,1136.03
2017-08-08,1138.99
2017-08-09,1126.76
2017-08-10,1113.85
2017-08-11,1112.27
2017-08-14,1126.29
2017-08-15,1127.12
2017-08-16,1134.9
2017-08-17,1130.42
2017-08-18,1127.09
2017-08-21,1118.84
2017-08-22,1132.68
2017-08-23,1128.73
2017-08-24,1129.04
2017-08-25,1128.15
2017-08-28,1123.86
2017-08-29,1108.2
2017-08-30,1114.25
2017-08-31,1119.7
2017-09-01,1127.35
2017-09-04,1123.39
2017-09-05,1125.39
2017-09-06,1132.32
2017-09-07,1140.11
2017-09-08,1141.15
2017-09-11,1156.8
2017-09-12,1161.25
2017-09-13,1162.87
2017-09-14,1162.67
2017-09-15,1160.7
2017-09-18,1165.04
2017-09-19,1165.77
2017-09-20,1166.23
2017-09-21,1169.01
2017-09-22,1169.16
2017-09-25,1169.39
2017-09-26,1170.12
2017-09-27,1173.95
2017-09-28,1179.05
2017-09-29,1189.55
2017-10-02,1196.67
2017-10-04,1202.54
2017-10-05,1201.83
2017-10-06,1199.76
2017-10-09,1200.79
2017-10-10,1198.97
2017-10-11,1202.07
2017-10-12,1204.7
2017-10-13,1205.38
2017-10-16,1207.0
2017-10-17,1205.47
2017-10-18,1209.84
2017-10-19,1202.71
2017-10-20,1202.54
2017-10-23,1203.54
2017-10-24,1204.31
2017-10-25,1198.89
2017-10-26,1215.78
2017-10-27,1224.01
2017-10-30,1225.58
2017-11-01,1245.08
2017-11-02,1242.91
2017-11-03,1246.85
2017-11-06,1246.2
2017-11-07,1238.82
2017-11-08,1238.83
2017-11-09,1220.39
2017-11-10,1216.77
2017-11-13,1210.89
2017-11-14,1209.12
2017-11-15,1201.89
2017-11-16,1210.49
2017-11-17,1206.75
2017-11-20,1213.5
2017-11-21,1223.97
2017-11-22,1211.13
2017-11-23,1211.24
2017-11-24,1215.38
2017-11-27,1210.08
2017-11-28,1215.5
2017-11-29,1215.38
2017-11-30,1214.16
2017-12-01,1199.59
2017-12-04,1216.26
2017-12-05,1215.68
2017-12-06,1211.34
2017-12-07,1215.15
2017-12-08,1224.36
2017-12-11,1221.58
2017-12-12,1226.45
2017-12-13,1222.28
2017-12-14,1217.9
2017-12-15,1220.48
2017-12-18,1238.72
2017-12-19,1231.85
2017-12-20,1219.48
2017-12-21,1222.8
2017-12-22,1219.77
2017-12-27,1220.82
2017-12-28,1213.98
2017-12-29,1209.51
2018-01-02,1206.4
2018-01-03,1217.42
2018-01-04,1234.09
2018-01-05,1247.95
2018-01-08,1252.76
2018-01-09,1255.23
2018-01-10,1244.85
2018-01-11,1238.55
2018-01-12,1242.76
2018-01-15,1238.83
2018-01-16,1244.14
2018-01-17,1239.28
2018-01-18,1248.26
2018-01-19,1261.24
2018-01-22,1263.2
2018-01-23,1270.0
2018-01-24,1256.84
2018-01-25,1245.74
2018-01-26,1250.35
2018-01-29,1248.37
2018-01-30,1236.38
2018-01-31,1236.54
2018-02-01,1221.42
2018-02-02,1201.12
2018-02-05,1189.49
2018-02-06,1162.75
2018-02-07,1183.78
2018-02-08,1152.86
2018-02-09,1140.08
2018-02-12,1156.01
2018-02-13,1148.51
2018-02-14,1162.74
2018-02-15,1164.97
2018-02-16,1176.04
2018-02-19,1169.86
2018-02-20,1179.13
2018-02-21,1177.58
2018-02-22,1176.88
2018-02-23,1178.69
2018-02-26,1182.89
2018-02-27,1179.53
2018-02-28,1175.06
2018-03-01,1152.05
2018-03-02,1126.19
2018-03-05,1142.45
2018-03-06,1146.46
2018-03-07,1157.52
2018-03-08,1168.51
2018-03-09,1169.27
2018-03-12,1175.79
2018-03-13,1159.03
2018-03-14,1158.61
2018-03-15,1168.05
2018-03-16,1169.08
2018-03-19,1155.89
2018-03-20,1165.0
2018-03-21,1164.9
2018-03-22,1144.55
2018-03-23,1127.35
2018-03-26,1118.58
2018-03-27,1135.07
2018-03-28,1130.18
2018-03-29,1144.5
2018-04-03,1135.44
2018-04-04,1129.37
2018-04-05,1160.86
2018-04-06,1155.46
2018-04-09,1157.77
2018-04-10,1169.77
2018-04-11,1161.5
2018-04-12,1171.88
2018-04-13,1174.42
2018-04-16,1169.57
2018-04-17,1186.9
2018-04-18,1188.6
2018-04-19,1186.26
2018-04-20,1183.52
2018-04-23,1186.19
2018-04-24,1183.71
2018-04-25,1169.61
2018-04-26,1178.49
2018-04-27,1184.75
2018-04-30,1187.85
2018-05-02,1205.72
2018-05-03,1196.83
2018-05-04,1206.89
2018-05-07,1219.54
2018-05-08,1217.23
2018-05-09,1219.29
2018-05-10,1226.11
2018-05-11,1224.16
2018-05-14,1222.44
2018-05-15,1221.56
2018-05-16,1223.97
2018-05-17,1234.5
2018-05-18,1232.26
2018-05-22,1239.74
2018-05-23,1222.91
2018-05-24,1212.85
2018-05-25,1220.56
2018-05-28,1215.15
2018-05-29,1196.42
2018-05-30,1205.71
2018-05-31,1192.3
2018-06-01,1202.31
2018-06-04,1207.12
2018-06-05,1209.52
2018-06-06,1213.38
2018-06-07,1210.85
2018-06-08,1206.85
2018-06-11,1213.59
2018-06-12,1214.99
2018-06-13,1220.0
2018-06-14,1238.04
2018-06-15,1227.41
2018-06-18,1212.7
2018-06-19,1197.75
2018-06-20,1200.61
2018-06-21,1184.37
2018-06-22,1189.83
2018-06-25,1161.64
2018-06-26,1159.43
2018-06-27,1167.99
2018-06-28,1149.96
2018-06-29,1162.24
2018-07-02,1155.46
2018-07-03,1166.02
2018-07-04,1161.96
2018-07-05,1175.47
2018-07-06,1178.97
2018-07-09,1183.84
2018-07-10,1190.65
2018-07-11,1174.21
2018-07-12,1181.56
2018-07-13,1185.53
2018-07-16,1187.81
2018-07-17,1196.75
2018-07-18,1206.89
2018-07-19,1199.58
2018-07-20,1189.8
2018-07-23,1189.05
2018-07-24,1201.54
2018-07-25,1193.19
2018-07-26,1211.73
2018-07-27,1216.39
2018-07-30,1210.58
2018-07-31,1210.78
2018-08-01,1205.3
2018-08-02,1190.1
2018-08-03,1197.03
2018-08-06,1196.28
2018-08-07,1198.68
2018-08-08,1198.26
2018-08-09,1203.21
2018-08-10,1181.96
2018-08-13,1177.76
2018-08-14,1176.53
2018-08-15,1157.3
2018-08-16,1166.15
2018-08-17,1163.93
2018-08-20,1174.94
2018-08-21,1179.71
2018-08-22,1180.32
2018-08-23,1180.31
2018-08-24,1183.45
2018-08-27,1197.29
2018-08-28,1197.3
2018-08-29,1200.06
2018-08-30,1194.46
2018-08-31,1183.07
2018-09-03,1181.18
2018-09-04,1168.39
2018-09-05,1151.71
2018-09-06,1144.21
2018-09-07,1145.31
2018-09-10,1148.33
2018-09-11,1146.58
2018-09-12,1151.58
2018-09-13,1151.39
2018-09-14,1158.45
2018-09-17,1155.85
2018-09-18,1160.78
2018-09-19,1163.94
2018-09-20,1170.73
2018-09-21,1178.34
2018-09-24,1170.19
2018-09-25,1171.86
2018-09-26,1172.25
2018-09-27,1175.4
2018-09-28,1159.95
2018-10-01,1168.78
2018-10-02,1163.32
2018-10-04,1157.19
2018-10-05,1143.59
2018-10-08,1126.52
2018-10-09,1128.07
2018-10-10,1101.72
2018-10-11,1085.41
2018-10-12,1084.93
2018-10-15,1090.96
2018-10-16,1109.76
2018-10-17,1105.15
2018-10-18,1095.2
2018-10-19,1089.96
2018-10-22,1086.91
2018-10-23,1062.16
2018-10-24,1053.78
2018-10-25,1066.03
2018-10-26,1056.51
2018-10-29,1069.61
2018-10-30,1066.58
2018-10-31,1083.66
2018-11-01,1088.39
2018-11-02,1096.11
2018-11-05,1090.94
2018-11-06,1088.94
2018-11-07,1097.89
2018-11-08,1092.87
2018-11-09,1091.39
2018-11-12,1071.91
2018-11-13,1085.73
2018-11-14,1081.57
2018-11-15,1074.66
2018-11-16,1072.75
2018-11-19,1061.74
2018-11-20,1044.15
2018-11-21,1060.2
2018-11-22,1051.36
2018-11-23,1055.95
2018-11-26,1070.98
2018-11-27,1067.46
2018-11-28,1067.17
2018-11-29,1068.55
2018-11-30,1062.63
2018-12-03,1081.73
2018-12-04,1066.91
2018-12-05,1055.18
2018-12-06,1020.31
2018-12-07,1019.28
2018-12-10,1001.57
2018-12-11,1014.11
2018-12-12,1029.93
2018-12-13,1028.98
2018-12-14,1022.06
2018-12-17,1010.38
2018-12-18,1007.88
2018-12-19,1010.8
2018-12-20,995.12
2018-12-21,997.14
2018-12-27,975.67
2018-12-28,990.45
2019-01-02,993.69
2019-01-03,979.92
2019-01-04,1013.15
2019-01-07,1013.59
2019-01-08,1021.26
2019-01-09,1030.9
2019-01-10,1031.27
2019-01-11,1027.79
2019-01-14,1024.24
2019-01-15,1027.84
2019-01-16,1032.0
2019-01-17,1030.86
2019-01-18,1056.44
2019-01-21,1052.59
2019-01-22,1047.35
2019-01-23,1048.51
2019-01-24,1054.86
2019-01-25,1069.23
2019-01-28,1062.5
2019-01-29,1062.28
2019-01-30,1059.2
2019-01-31,1057.3
2019-02-01,1057.31
2019-02-04,1057.35
2019-02-05,1075.07
2019-02-06,1072.91
2019-02-07,1044.28
2019-02-08,1031.03
2019-02-11,1040.84
2019-02-12,1050.5
2019-02-13,1054.05
2019-02-14,1048.02
2019-02-15,1066.54
2019-02-18,1067.78
2019-02-19,1068.67
2019-02-20,1076.88
2019-02-21,1076.24
2019-02-22,1077.99
2019-02-25,1082.25
2019-02-26,1085.0
2019-02-27,1079.65
2019-02-28,1083.17
2019-03-01,1094.15
2019-03-04,1095.79
2019-03-05,1097.06
2019-03-06,1093.65
2019-03-07,1084.72
2019-03-08,1077.85
2019-03-11,1085.86
2019-03-12,1084.35
2019-03-13,1088.7
2019-03-14,1091.82
2019-03-15,1100.49
2019-03-18,1099.31
2019-03-19,1111.51
2019-03-20,1093.64
2019-03-21,1089.57
2019-03-22,1073.26
2019-03-25,1070.21
2019-03-26,1077.74
2019-03-27,1077.18
2019-03-28,1075.28
2019-03-29,1083.74
2019-04-01,1098.67
2019-04-02,1105.66
2019-04-03,1123.06
2019-04-04,1124.92
2019-04-05,1126.28
2019-04-08,1122.18
2019-04-09,1111.48
2019-04-10,1116.13
2019-04-11,1120.51
2019-04-12,1128.28
2019-04-15,1132.18
2019-04-16,1140.92
2019-04-17,1145.44
2019-04-18,1150.7
2019-04-23,1152.97
2019-04-24,1159.81
2019-04-25,1156.28
2019-04-26,1159.12
2019-04-29,1161.83
2019-04-30,1162.42
2019-05-02,1162.03
2019-05-03,1167.74
2019-05-06,1154.35
2019-05-07,1139.05
2019-05-08,1146.6
2019-05-09,1128.24
2019-05-10,1133.98
2019-05-13,1115.0
2019-05-14,1125.38
2019-05-15,1135.09
2019-05-16,1152.5
2019-05-17,1144.79
2019-05-20,1126.85
2019-05-21,1135.91
2019-05-22,1136.8
2019-05-23,1116.91
2019-05-24,1121.24
2019-05-27,1125.99
2019-05-28,1124.41
2019-05-29,1105.91
2019-05-30,1111.85
2019-05-31,1097.08
2019-06-03,1101.2
2019-06-04,1115.84
2019-06-05,1116.33
2019-06-06,1110.19
2019-06-07,1117.7
2019-06-11,1129.18
2019-06-12,1125.29
2019-06-13,1129.1
2019-06-14,1120.4
2019-06-17,1119.02
2019-06-18,1141.09
2019-06-19,1141.09
2019-06-20,1145.71
2019-06-21,1143.37
2019-06-24,1138.1
2019-06-25,1133.84
2019-06-26,1134.6
2019-06-27,1138.69
2019-06-28,1151.35
2019-07-01,1161.59
2019-07-02,1161.8
2019-07-03,1171.42
2019-07-04,1173.78
2019-07-05,1166.82
2019-07-08,1163.96
2019-07-09,1154.61
2019-07-10,1148.93
2019-07-11,1144.88
2019-07-12,1143.75
2019-07-15,1149.74
2019-07-16,1153.19
2019-07-17,1144.97
2019-07-18,1132.31
2019-07-19,1135.27
2019-07-22,1137.97
2019-07-23,1155.09
2019-07-24,1161.09
2019-07-25,1149.35
2019-07-26,1154.5
2019-07-29,1154.68
2019-07-30,1130.27
2019-07-31,1136.26
2019-08-01,1143.72
2019-08-02,1112.1
2019-08-05,1086.78
2019-08-06,1081.55
2019-08-07,1089.03
2019-08-08,1106.36
2019-08-09,1092.62
2019-08-12,1088.91
2019-08-13,1093.23
2019-08-14,1070.55
2019-08-15,1060.69
2019-08-16,1076.61
2019-08-19,1091.46
2019-08-20,1084.24
2019-08-21,1100.57
2019-08-22,1095.93
2019-08-23,1085.46
2019-08-26,1088.09
2019-08-27,1095.54
2019-08-28,1092.22
2019-08-29,1104.17
2019-08-30,1114.63
2019-09-02,1115.12
2019-09-03,1111.11
2019-09-04,1122.57
2019-09-05,1132.96
2019-09-06,1138.48
2019-09-09,1143.35
2019-09-10,1147.4
2019-09-11,1154.06
2019-09-12,1157.02
2019-09-13,1161.74
2019-09-16,1154.23
2019-09-17,1152.05
2019-09-18,1152.74
2019-09-19,1158.55
2019-09-20,1157.93
2019-09-23,1145.55
2019-09-24,1142.98
2019-09-25,1135.79
2019-09-26,1140.57
2019-09-27,1149.24
2019-09-30,1152.86
2019-10-01,1140.16
2019-10-02,1112.21
2019-10-04,1121.28
2019-10-07,1126.86
2019-10-08,1116.18
2019-10-09,1126.69
2019-10-10,1129.85
2019-10-11,1160.39
2019-10-14,1159.61
2019-10-15,1172.79
2019-10-16,1176.71
2019-10-17,1177.61
2019-10-18,1175.27
2019-10-21,1187.76
2019-10-22,1189.76
2019-10-23,1191.2
2019-10-24,1197.54
2019-10-25,1197.66
2019-10-28,1202.64
2019-10-29,1199.59
2019-10-30,1198.99
2019-10-31,1194.09
2019-11-01,1204.28
2019-11-04,1221.11
2019-11-05,1221.89
2019-11-06,1224.82
2019-11-07,1234.93
2019-11-08,1227.84
2019-11-11,1226.06
2019-11-12,1230.91
2019-11-13,1225.32
2019-11-14,1220.18
2019-11-15,1226.48
2019-11-18,1222.92
2019-11-19,1224.92
2019-11-20,1219.72
2019-11-21,1216.65
2019-11-22,1220.32
2019-11-25,1228.7
2019-11-26,1230.01
2019-11-27,1234.29
2019-11-28,1231.01
2019-11-29,1229.42
2019-12-02,1207.33
2019-12-03,1208.48
2019-12-04,1222.08
2019-12-05,1216.28
2019-12-06,1225.69
2019-12-09,1221.69
2019-12-10,1218.28
2019-12-11,1225.05
2019-12-12,1231.78
2019-12-13,1239.26
2019-12-16,1252.3
2019-12-17,1242.44
2019-12-18,1236.33
2019-12-19,1236.16
2019-12-20,1243.32
2019-12-23,1243.03
2019-12-27,1247.57
2019-12-30,1238.89
2020-01-02,1253.33
2020-01-03,1240.39
2020-01-06,1231.35
2020-01-07,1240.18
2020-01-08,1247.55
2020-01-09,1262.09
2020-01-10,1260.32
2020-01-13,1256.49
2020-01-14,1256.8
2020-01-15,1254.88
2020-01-16,1255.25
2020-01-17,1263.45
2020-01-20,1267.02
2020-01-21,1267.2
2020-01-22,1264.08
2020-01-23,1252.21
2020-01-24,1267.87
2020-01-27,1235.77
2020-01-28,1244.57
2020-01-29,1246.55
2020-01-30,1229.96
2020-01-31,1216.25
2020-02-03,1221.41
2020-02-04,1240.83
2020-02-05,1258.56
2020-02-06,1265.9
2020-02-07,1258.8
2020-02-10,1257.95
2020-02-11,1272.14
2020-02-12,1283.52
2020-02-13,1279.95
2020-02-14,1280.41
2020-02-17,1282.72
2020-02-18,1272.84
2020-02-19,1285.19
2020-02-20,1275.14
2020-02-21,1265.8
2020-02-24,1215.27
2020-02-25,1193.03
2020-02-26,1190.29
2020-02-27,1152.09
2020-02-28,1113.36
2020-03-02,1110.69
2020-03-03,1122.95
2020-03-04,1134.63
2020-03-05,1116.15
2020-03-06,1081.84
2020-03-09,999.57
2020-03-10,989.64
2020-03-11,981.33
2020-03-12,860.55
2020-03-13,865.17
2020-03-16,820.05
2020-03-17,830.11
2020-03-18,784.77
2020-03-19,801.97
2020-03-20,834.1
2020-03-23,818.74
2020-03-24,902.35
2020-03-25,920.11
2020-03-26,934.46
2020-03-27,900.28
2020-03-30,914.19
2020-03-31,927.23
2020-04-01,895.61
2020-04-02,898.84
2020-04-03,893.66
2020-04-06,940.61
2020-04-07,962.8
2020-04-08,963.75
2020-04-09,986.36
2020-04-14,999.62
2020-04-15,962.79
2020-04-16,967.26
2020-04-17,994.55
2020-04-20,999.71
2020-04-21,963.88
2020-04-22,978.81
2020-04-23,987.99
2020-04-24,973.28
2020-04-27,1000.88
2020-04-28,1012.77
2020-04-29,1041.13
2020-04-30,1020.92
2020-05-04,985.86
2020-05-05,1011.58
2020-05-06,1003.1
2020-05-07,1019.81
2020-05-08,1032.26
2020-05-11,1025.65
2020-05-12,1026.24
2020-05-13,1004.04
2020-05-14,983.37
2020-05-15,994.45
2020-05-18,1042.96
2020-05-19,1047.45
2020-05-20,1060.48
2020-05-21,1048.69
2020-05-22,1051.33
2020-05-25,1079.52
2020-05-26,1091.59
2020-05-27,1101.55
2020-05-28,1113.35
2020-05-29,1097.58
2020-06-02,1134.08
2020-06-03,1173.43
2020-06-04,1169.84
2020-06-05,1199.29
2020-06-08,1197.51
2020-06-09,1179.72
2020-06-10,1172.42
2020-06-11,1124.77
2020-06-12,1123.28
2020-06-15,1119.94
2020-06-16,1155.09
2020-06-17,1161.72
2020-06-18,1153.94
2020-06-19,1158.77
2020-06-22,1151.55
2020-06-23,1173.06
2020-06-24,1135.95
2020-06-25,1145.27
2020-06-26,1137.44
2020-06-29,1146.6
2020-06-30,1155.0
2020-07-01,1153.17
2020-07-02,1182.02
2020-07-03,1176.43
2020-07-06,1196.04
2020-07-07,1184.64
2020-07-08,1175.18
2020-07-09,1175.64
2020-07-10,1186.14
2020-07-13,1199.88
2020-07-14,1188.45
2020-07-15,1206.22
2020-07-16,1202.21
2020-07-17,1204.96
2020-07-20,1217.37
2020-07-21,1227.71
2020-07-22,1226.17
2020-07-23,1224.68
2020-07-24,1197.85
2020-07-27,1198.79
2020-07-28,1197.88
2020-07-29,1198.77
2020-07-30,1158.01
2020-07-31,1151.65
2020-08-03,1181.9
2020-08-04,1177.25
2020-08-05,1183.86
2020-08-06,1179.37
2020-08-07,1189.16
2020-08-10,1189.73
2020-08-11,1212.01
2020-08-12,1222.66
2020-08-13,1217.85
2020-08-14,1206.54
2020-08-17,1210.74
2020-08-18,1207.57
2020-08-19,1215.98
2020-08-20,1203.01
2020-08-21,1198.18
2020-08-24,1222.65
2020-08-25,1222.74
2020-08-26,1236.12
2020-08-27,1226.31
2020-08-28,1220.73
2020-08-31,1213.99
2020-09-01,1216.93
2020-09-02,1237.46
2020-09-03,1217.93
2020-09-04,1199.93
2020-09-07,1223.73
2020-09-08,1212.9
2020-09-09,1236.69
2020-09-10,1233.6
2020-09-11,1231.61
2020-09-14,1232.01
2020-09-15,1233.41
2020-09-16,1238.94
2020-09-17,1234.92
2020-09-18,1227.87
2020-09-21,1176.93
2020-09-22,1182.37
2020-09-23,1187.84
2020-09-24,1183.32
2020-09-25,1173.44
2020-09-28,1207.67
2020-09-29,1205.87
2020-09-30,1202.43
2020-10-01,1202.92
2020-10-02,1199.28
2020-10-05,1214.03
2020-10-06,1217.85
2020-10-07,1218.45
2020-10-08,1229.38
2020-10-09,1231.64
2020-10-12,1239.94
2020-10-13,1230.33
2020-10-14,1232.55
2020-10-15,1204.12
2020-10-16,1221.13
2020-10-19,1216.99
2020-10-20,1206.33
2020-10-21,1188.0
2020-10-22,1186.88
2020-10-23,1192.37
2020-10-26,1146.06
2020-10-27,1135.51
2020-10-28,1091.17
2020-10-29,1093.3
2020-10-30,1088.72
2020-11-02,1107.04
2020-11-03,1132.78
2020-11-04,1156.16
2020-11-05,1173.05
2020-11-06,1165.76
2020-11-09,1209.65
2020-11-10,1215.28
2020-11-11,1224.46
2020-11-12,1214.91
2020-11-13,1219.69
2020-11-16,1225.98
2020-11-17,1225.73
2020-11-18,1233.84
2020-11-19,1225.13
2020-11-20,1231.57
2020-11-23,1230.72
2020-11-24,1242.09
2020-11-25,1243.2
2020-11-26,1243.41
2020-11-27,1249.76
2020-11-30,1247.98
2020-12-01,1255.49
2020-12-02,1249.63
2020-12-03,1245.91
2020-12-04,1252.98
2020-12-07,1248.22
2020-12-08,1251.66
2020-12-09,1256.19
2020-12-10,1252.69
2020-12-11,1237.66
2020-12-14,1247.58
2020-12-15,1260.82
2020-12-16,1279.86
2020-12-17,1289.96
2020-12-18,1289.21
2020-12-21,1255.66
2020-12-22,1271.22
2020-12-23,1284.32
2020-12-28,1301.53
2020-12-29,1301.75
2020-12-30,1297.81
2021-01-04,1300.91
2021-01-05,1297.06
2021-01-06,1313.61
2021-01-07,1320.06
2021-01-08,1328.24
2021-01-11,1316.23
2021-01-12,1317.85
2021-01-13,1319.31
2021-01-14,1325.48
2021-01-15,1305.97
2021-01-18,1312.5
2021-01-19,1311.89
2021-01-20,1323.81
2021-01-21,1327.83
2021-01-22,1325.34
2021-01-25,1308.04
2021-01-26,1324.15
2021-01-27,1304.8
2021-01-28,1308.3
2021-01-29,1288.73
2021-02-01,1305.76
2021-02-02,1324.88
2021-02-03,1334.72
2021-02-04,1344.98
2021-02-05,1343.34
2021-02-08,1344.03
2021-02-09,1339.19
2021-02-10,1333.6
2021-02-11,1346.59
2021-02-12,1346.92
2021-02-15,1354.71
2021-02-16,1353.58
2021-02-17,1337.31
2021-02-18,1331.71
2021-02-19,1342.62
2021-02-22,1333.87
2021-02-23,1319.55
2021-02-24,1328.24
2021-02-25,1324.9
2021-02-26,1314.52
2021-03-01,1335.46
2021-03-02,1335.96
2021-03-03,1340.05
2021-03-04,1334.68
2021-03-05,1321.09
2021-03-08,1355.71
2021-03-09,1362.56
2021-03-10,1368.75
2021-03-11,1374.43
2021-03-12,1368.17
2021-03-15,1365.28
2021-03-16,1375.4
2021-03-17,1377.99
2021-03-18,1394.7
2021-03-19,1378.87
2021-03-22,1384.25
2021-03-23,1382.18
2021-03-24,1374.99
2021-03-25,1372.62
2021-03-26,1384.33
2021-03-29,1387.92
2021-03-30,1405.89
2021-03-31,1405.61
2021-04-01,1419.08
2021-04-06,1428.0
2021-04-07,1425.38
2021-04-08,1428.27
2021-04-09,1432.07
2021-04-12,1427.67
2021-04-13,1431.03
2021-04-14,1429.02
2021-04-15,1434.79
2021-04-16,1453.34
2021-04-19,1445.11
2021-04-20,1422.4
2021-04-21,1425.89
2021-04-22,1439.57
2021-04-23,1436.79
2021-04-26,1440.9
2021-04-27,1439.38
2021-04-28,1441.72
2021-04-29,1429.37
2021-04-30,1426.72
2021-05-03,1436.37
2021-05-04,1399.17
2021-05-05,1426.47
2021-05-06,1423.46
2021-05-07,1442.79
2021-05-10,1439.98
2021-05-11,1412.07
2021-05-12,1412.78
2021-05-13,1416.41
2021-05-14,1436.48
2021-05-17,1436.64
2021-05-18,1438.85
2021-05-19,1415.64
2021-05-20,1438.06
2021-05-21,1444.09
2021-05-25,1450.39
2021-05-26,1450.71
2021-05-27,1445.78
2021-05-28,1457.61
2021-05-31,1449.48
2021-06-01,1464.48
2021-06-02,1465.71
2021-06-03,1468.49
2021-06-04,1474.98
2021-06-07,1479.51
2021-06-08,1474.91
2021-06-09,1469.64
2021-06-10,1468.76
2021-06-11,1480.7
2021-06-14,1481.49
2021-06-15,1484.06
2021-06-16,1480.97
2021-06-17,1482.79
2021-06-18,1459.51
2021-06-21,1471.89
2021-06-22,1473.61
2021-06-23,1458.57
2021-06-24,1473.11
2021-06-25,1478.03
2021-06-28,1470.62
2021-06-29,1481.32
2021-06-30,1465.84
2021-07-01,1472.6
2021-07-02,1477.29
2021-07-05,1479.1
2021-07-06,1469.19
2021-07-07,1484.43
2021-07-08,1459.87
2021-07-09,1482.61
2021-07-12,1492.89
2021-07-13,1494.59
2021-07-14,1493.28
2021-07-15,1476.66
2021-07-16,1469.2
2021-07-19,1434.1
2021-07-20,1438.42
2021-07-21,1458.6
2021-07-22,1468.82
2021-07-23,1482.24
2021-07-26,1478.93
2021-07-27,1468.69
2021-07-28,1475.44
2021-07-29,1482.61
2021-07-30,1470.53
2021-08-02,1475.78
2021-08-03,1474.87
2021-08-04,1486.52
2021-08-05,1491.99
2021-08-06,1491.79
2021-08-09,1493.05
2021-08-10,1497.21
2021-08-11,1500.26
2021-08-12,1509.59
2021-08-13,1513.78
2021-08-16,1505.21
2021-08-17,1504.13
2021-08-18,1510.59
2021-08-19,1490.86
2021-08-20,1493.21
2021-08-23,1499.86
2021-08-24,1506.99
2021-08-25,1502.92
2021-08-26,1496.56
2021-08-27,1502.31
2021-08-30,1506.54
2021-08-31,1498.91
2021-09-01,1500.83
2021-09-02,1503.56
2021-09-03,1497.39
2021-09-06,1507.76
2021-09-07,1504.71
2021-09-08,1483.59
2021-09-09,1484.99
2021-09-10,1484.52
2021-09-13,1488.09
2021-09-14,1491.14
2021-09-15,1478.95
2021-09-16,1481.21
2021-09-17,1468.05
2021-09-20,1433.83
2021-09-21,1453.02
2021-09-22,1466.66
2021-09-23,1479.74
2021-09-24,1468.66
2021-09-27,1471.86
2021-09-28,1443.69
2021-09-29,1451.73
2021-09-30,1443.43
2021-10-01,1432.47
2021-10-04,1421.18
2021-10-05,1433.3
2021-10-06,1411.31
2021-10-07,1434.33
2021-10-08,1431.83
2021-10-11,1431.19
2021-10-12,1428.56
2021-10-13,1438.1
2021-10-14,1456.5
2021-10-15,1468.53
2021-10-18,1459.36
2021-10-19,1464.47
2021-10-20,1464.58
2021-10-21,1462.97
2021-10-22,1468.87
2021-10-25,1473.7
2021-10-26,1488.11
2021-10-27,1482.35
2021-10-28,1481.92
2021-10-29,1477.4
2021-11-01,1490.46
2021-11-02,1501.89
2021-11-03,1507.34
2021-11-04,1513.48
2021-11-05,1510.89
2021-11-08,1509.16
2021-11-09,1507.38
2021-11-10,1508.53
2021-11-11,1509.83
2021-11-12,1511.84
2021-11-15,1517.91
2021-11-16,1524.65
2021-11-17,1525.31
2021-11-18,1523.17
2021-11-19,1518.07
2021-11-22,1511.03
2021-11-23,1491.06
2021-11-24,1483.65
2021-11-25,1487.59
2021-11-26,1432.35
2021-11-29,1435.28
2021-11-30,1418.88
2021-12-01,1452.42
2021-12-02,1430.01
2021-12-03,1421.7
2021-12-06,1438.67
2021-12-07,1478.54
2021-12-08,1467.55
2021-12-09,1462.0
2021-12-10,1458.57
2021-12-13,1461.54
2021-12-14,1444.02
2021-12-15,1446.65
2021-12-16,1458.15
2021-12-17,1449.35
2021-12-20,1425.17
2021-12-21,1441.63
2021-12-22,1454.15
2021-12-23,1468.26
2021-12-27,1476.0
2021-12-28,1486.8
2021-12-29,1477.58
2021-12-30,1479.33
2022-01-03,1494.25
2022-01-04,1503.81
2022-01-05,1512.2
2022-01-06,1492.85
2022-01-07,1485.66
2022-01-10,1466.7
2022-01-11,1484.23
2022-01-12,1490.87
2022-01-13,1494.23
2022-01-14,1483.3
2022-01-17,1487.66
2022-01-18,1472.39
2022-01-19,1472.68
2022-01-20,1482.31
2022-01-21,1452.96
2022-01-24,1396.88
2022-01-25,1406.91
2022-01-26,1436.3
2022-01-27,1442.02
2022-01-28,1425.24
2022-01-31,1438.99
2022-02-01,1453.09
2022-02-02,1453.41
2022-02-03,1433.77
2022-02-04,1413.39
2022-02-07,1422.27
2022-02-08,1423.69
2022-02-09,1447.49
2022-02-10,1442.55
2022-02-11,1439.07
2022-02-14,1408.93
2022-02-15,1437.91
2022-02-16,1435.43
2022-02-17,1425.39
2022-02-18,1402.37
2022-02-21,1375.04
2022-02-22,1369.0
2022-02-23,1361.37
2022-02-24,1307.53
2022-02-25,1353.3
2022-02-28,1345.61
2022-03-01,1298.04
2022-03-02,1302.21
2022-03-03,1271.97
2022-03-04,1214.4
2022-03-07,1190.18
2022-03-08,1191.51
2022-03-09,1282.56
2022-03-10,1247.34
2022-03-11,1264.8
2022-03-14,1291.88
2022-03-15,1289.74
2022-03-16,1336.61
2022-03-17,1332.81
2022-03-18,1334.78
2022-03-21,1328.55
2022-03-22,1341.18
2022-03-23,1322.55
2022-03-24,1317.51
2022-03-25,1317.77
2022-03-28,1326.23
2022-03-29,1363.72
2022-03-30,1343.4
2022-03-31,1323.43
2022-04-01,1326.99
2022-04-04,1336.38
2022-04-05,1328.5
2022-04-06,1302.49
2022-04-07,1295.3
2022-04-08,1313.05
2022-04-11,1302.99
2022-04-12,1296.64
2022-04-13,1292.78
2022-04-14,1299.16
2022-04-19,1300.31
2022-04-20,1317.27
2022-04-21,1329.31
2022-04-22,1300.61
2022-04-25,1279.77
2022-04-26,1261.91
2022-04-27,1263.74
2022-04-28,1280.84
2022-04-29,1286.32
2022-05-02,1270.66
2022-05-03,1279.89
2022-05-04,1275.52
2022-05-05,1262.56
2022-05-06,1243.83
2022-05-09,1213.56
2022-05-10,1228.32
2022-05-11,1255.07
2022-05-12,1246.24
2022-05-13,1271.46
2022-05-16,1268.05
2022-05-17,1287.0
2022-05-18,1271.0
2022-05-19,1261.08
2022-05-20,1270.5
2022-05-23,1286.56
2022-05-24,1266.54
2022-05-25,1273.61
2022-05-26,1294.08
2022-05-27,1310.8
2022-05-30,1325.03
2022-05-31,1310.22
2022-06-01,1306.7
2022-06-02,1318.77
2022-06-03,1314.94
2022-06-06,1330.62
2022-06-07,1322.05
2022-06-08,1313.87
2022-06-09,1291.87
2022-06-10,1252.73
2022-06-13,1219.74
2022-06-14,1208.42
2022-06-15,1225.77
2022-06-16,1185.87
2022-06-17,1195.07
2022-06-20,1208.78
2022-06-21,1208.85
2022-06-22,1196.33
2022-06-23,1171.19
2022-06-24,1190.44
2022-06-27,1199.09
2022-06-28,1201.64
2022-06-29,1180.21
2022-06-30,1157.28
2022-07-01,1159.35
2022-07-04,1154.96
2022-07-05,1122.41
2022-07-06,1138.03
2022-07-07,1164.26
2022-07-08,1182.11
2022-07-11,1160.76
2022-07-12,1163.82
2022-07-13,1149.7
2022-07-14,1128.73
2022-07-15,1157.17
2022-07-18,1167.8
2022-07-19,1200.2
2022-07-20,1200.61
2022-07-21,1195.81
2022-07-22,1196.7
2022-07-25,1192.09
2022-07-26,1177.69
2022-07-27,1185.42
2022-07-28,1197.61
2022-07-29,1215.99
2022-08-01,1219.08
2022-08-02,1215.96
2022-08-03,1229.62
2022-08-04,1237.86
2022-08-05,1227.65
2022-08-08,1236.77
2022-08-09,1220.04
2022-08-10,1236.21
2022-08-11,1237.07
2022-08-12,1243.86
2022-08-15,1244.35
2022-08-16,1251.7
2022-08-17,1226.03
2022-08-18,1231.01
2022-08-19,1215.56
2022-08-22,1184.62
2022-08-23,1182.37
2022-08-24,1184.85
2022-08-25,1189.35
2022-08-26,1162.13
2022-08-29,1156.83
2022-08-30,1163.59
2022-08-31,1154.05
2022-09-01,1133.79
2022-09-02,1169.97
2022-09-05,1145.31
2022-09-06,1154.49
2022-09-07,1158.49
2022-09-08,1157.61
2022-09-09,1177.7
2022-09-12,1204.73
2022-09-13,1181.92
2022-09-14,1166.78
2022-09-15,1158.72
2022-09-16,1140.15
2022-09-19,1144.49
2022-09-20,1132.26
2022-09-21,1138.44
2022-09-22,1116.66
2022-09-23,1089.68
2022-09-26,1084.48
2022-09-27,1077.28
2022-09-28,1080.19
2022-09-29,1059.37
2022-09-30,1073.27
2022-10-03,1083.33
2022-10-04,1123.91
2022-10-05,1108.3
2022-10-06,1105.24
2022-10-07,1087.03
2022-10-10,1085.58
2022-10-11,1078.12
2022-10-12,1072.53
2022-10-13,1086.81
2022-10-14,1094.69
2022-10-17,1115.78
2022-10-18,1127.44
2022-10-19,1122.78
2022-10-20,1126.51
2022-10-21,1122.1
2022-10-24,1138.53
2022-10-25,1156.29
2022-10-26,1168.17
2022-10-27,1167.59
2022-10-28,1163.92
2022-10-31,1164.64
2022-11-01,1173.04
2022-11-02,1164.42
2022-11-03,1148.89
2022-11-04,1178.53
2022-11-07,1187.34
2022-11-08,1201.79
2022-11-09,1198.91
2022-11-10,1244.4
2022-11-11,1256.86
2022-11-14,1265.87
2022-11-15,1270.11
2022-11-16,1254.12
2022-11-17,1258.49
2022-11-18,1272.62
2022-11-21,1265.41
2022-11-22,1269.33
2022-11-23,1268.96
2022-11-24,1280.44
2022-11-25,1280.75
2022-11-28,1268.47
2022-11-29,1267.02
2022-11-30,1273.44
2022-12-01,1283.03
2022-12-02,1287.27
2022-12-05,1279.52
2022-12-06,1268.64
2022-12-07,1260.42
2022-12-08,1259.86
2022-12-09,1268.39
2022-12-12,1261.51
2022-12-13,1278.72
2022-12-14,1273.83
2022-12-15,1234.22
2022-12-16,1225.31
2022-12-19,1228.82
2022-12-20,1224.01
2022-12-21,1244.0
2022-12-22,1227.22
2022-12-23,1229.89
2022-12-27,1233.59
2022-12-28,1228.21
2022-12-29,1242.28
2022-12-30,1229.25
2023-01-02,1245.83
2023-01-03,1258.18
2023-01-04,1287.86
2023-01-05,1289.25
2023-01-06,1302.99
2023-01-09,1320.79
2023-01-10,1319.94
2023-01-11,1336.44
2023-01-12,1347.66
2023-01-13,1349.69
2023-01-16,1357.16
2023-01-17,1361.88
2023-01-18,1363.58
2023-01-19,1337.57
2023-01-20,1347.82
2023-01-23,1355.57
2023-01-24,1353.13
2023-01-25,1351.76
2023-01-26,1358.56
2023-01-27,1364.48
2023-01-30,1360.55
2023-01-31,1360.25
2023-02-01,1365.53
2023-02-02,1398.55
2023-02-03,1396.64
2023-02-06,1384.34
2023-02-07,1380.0
2023-02-08,1384.7
2023-02-09,1395.6
2023-02-10,1373.41
2023-02-13,1379.33
2023-02-14,1378.63
2023-02-15,1389.82
2023-02-16,1392.73
2023-02-17,1388.43
2023-02-20,1388.65
2023-02-21,1379.76
2023-02-22,1377.19
2023-02-23,1382.96
2023-02-24,1356.37
2023-02-27,1371.02
2023-02-28,1369.64
2023-03-01,1366.22
2023-03-02,1367.05
2023-03-03,1389.63
2023-03-06,1397.49
2023-03-07,1387.48
2023-03-08,1392.85
2023-03-09,1390.33
2023-03-10,1372.65
2023-03-13,1331.72
2023-03-14,1355.27
2023-03-15,1311.95
2023-03-16,1330.75
2023-03-17,1312.1
2023-03-20,1325.26
2023-03-21,1347.61
2023-03-22,1348.83
2023-03-23,1351.52
2023-03-24,1327.58
2023-03-27,1341.88
2023-03-28,1342.35
2023-03-29,1358.42
2023-03-30,1377.45
2023-03-31,1386.68
2023-04-03,1380.68
2023-04-04,1382.44
2023-04-05,1372.87
2023-04-06,1379.68
2023-04-11,1386.52
2023-04-12,1389.55
2023-04-13,1393.85
2023-04-14,1401.86
2023-04-17,1399.91
2023-04-18,1408.54
2023-04-19,1408.42
2023-04-20,1398.73
2023-04-21,1406.77
2023-04-24,1405.56
2023-04-25,1405.07
2023-04-26,1399.55
2023-04-27,1400.11
2023-04-28,1410.72
2023-05-02,1393.63
2023-05-03,1401.17
2023-05-04,1395.37
2023-05-05,1416.04
2023-05-08,1415.85
2023-05-09,1414.06
2023-05-10,1409.99
2023-05-11,1404.47
2023-05-12,1410.4
2023-05-15,1410.85
2023-05-16,1406.71
2023-05-17,1409.99
2023-05-18,1428.39
2023-05-19,1437.25
2023-05-22,1433.63
2023-05-23,1427.75
2023-05-24,1399.89
2023-05-25,1395.26
2023-05-26,1411.48
2023-05-29,1408.65
2023-05-30,1404.44
2023-05-31,1384.2
2023-06-01,1398.88
2023-06-02,1417.23
2023-06-05,1410.27
2023-06-06,1411.95
2023-06-07,1410.2
2023-06-08,1413.29
2023-06-09,1408.97
2023-06-12,1421.37
2023-06-13,1433.08
2023-06-14,1440.36
2023-06-15,1437.06
2023-06-16,1442.42
2023-06-19,1427.72
2023-06-20,1416.64
2023-06-21,1410.06
2023-06-22,1410.09
2023-06-23,1397.04
2023-06-26,1395.08
2023-06-27,1397.4
2023-06-28,1407.19
2023-06-29,1406.61
2023-06-30,1424.52
2023-07-03,1419.24
2023-07-04,1417.62
2023-07-05,1406.0
2023-07-06,1370.28
2023-07-07,1377.42
2023-07-10,1382.45
2023-07-11,1393.42
2023-07-12,1415.76
2023-07-13,1425.37
2023-07-14,1422.69
2023-07-17,1418.3
2023-07-18,1424.9
2023-07-19,1425.65
2023-07-20,1431.58
2023-07-21,1429.06
2023-07-24,1428.37
2023-07-25,1432.7
2023-07-26,1425.85
2023-07-27,1452.22
2023-07-28,1455.2
2023-07-31,1453.87
2023-08-01,1436.34
2023-08-02,1415.74
2023-08-03,1405.59
2023-08-04,1411.28
2023-08-07,1410.4
2023-08-08,1395.84
2023-08-09,1401.91
2023-08-10,1415.21
2023-08-11,1401.04
2023-08-14,1406.58
2023-08-15,1395.04
2023-08-16,1397.54
2023-08-17,1386.72
2023-08-18,1376.77
2023-08-21,1377.1
2023-08-22,1386.46
2023-08-23,1387.93
2023-08-24,1378.09
2023-08-25,1377.9
2023-08-28,1391.23
2023-08-29,1404.49
2023-08-30,1399.54
2023-08-31,1404.87
2023-09-01,1397.23
2023-09-04,1396.11
2023-09-05,1390.92
2023-09-06,1387.41
2023-09-07,1382.18
2023-09-08,1384.37
2023-09-11,1390.9
2023-09-12,1385.2
2023-09-13,1379.98
2023-09-14,1393.8
2023-09-15,1400.08
2023-09-18,1384.68
2023-09-19,1380.35
2023-09-20,1391.51
2023-09-21,1373.38
2023-09-22,1372.99
2023-09-25,1358.45
2023-09-26,1342.22
2023-09-27,1338.62
2023-09-28,1346.02
2023-09-29,1353.4
2023-10-02,1341.38
2023-10-03,1325.8
2023-10-04,1327.04
2023-10-05,1323.92
2023-10-06,1338.07
2023-10-09,1329.39
2023-10-10,1355.21
2023-10-11,1356.34
2023-10-12,1352.44
2023-10-13,1333.24
2023-10-16,1336.92
2023-10-17,1335.29
2023-10-18,1322.33
2023-10-19,1317.9
2023-10-20,1296.7
2023-10-23,1295.99
2023-10-24,1303.05
2023-10-25,1300.69
2023-10-26,1285.69
2023-10-27,1283.16
2023-10-30,1285.1
2023-10-31,1293.87
2023-11-01,1302.07
2023-11-02,1324.26
2023-11-03,1330.9
2023-11-06,1325.49
2023-11-07,1327.4
2023-11-08,1334.94
2023-11-09,1349.82
2023-11-10,1336.78
2023-11-13,1345.23
2023-11-14,1371.62
2023-11-15,1384.12
2023-11-16,1382.96
2023-11-17,1395.36
2023-11-20,1394.27
2023-11-21,1389.72
2023-11-22,1395.55
2023-11-23,1398.03
2023-11-24,1401.44
2023-11-27,1396.6
2023-11-28,1397.62
2023-11-29,1413.37
2023-11-30,1415.85
2023-12-01,1431.11
2023-12-04,1431.14
2023-12-05,1442.63
2023-12-06,1452.69
2023-12-07,1448.99
2023-12-08,1458.57
2023-12-11,1460.64
2023-12-12,1459.78
2023-12-13,1456.74
2023-12-14,1462.34
2023-12-15,1462.67
2023-12-18,1453.45
2023-12-19,1462.2
2023-12-20,1463.7
2023-12-21,1458.2
2023-12-22,1457.96
2023-12-27,1462.7
2023-12-28,1458.64
2023-12-29,1463.03
2024-01-02,1461.13
2024-01-03,1441.02
2024-01-04,1445.47
2024-01-05,1442.97
2024-01-08,1452.42
2024-01-09,1450.31
2024-01-10,1450.11
2024-01-11,1437.62
2024-01-12,1448.65
2024-01-15,1440.74
2024-01-16,1435.04
2024-01-17,1421.5
2024-01-18,1432.78
2024-01-19,1431.73
2024-01-22,1443.67
2024-01-23,1441.67
2024-01-24,1467.74
2024-01-25,1467.19
2024-01-26,1471.92
2024-01-29,1470.69
2024-01-30,1472.2
2024-01-31,1467.7
2024-02-01,1464.2
2024-02-02,1466.4
2024-02-05,1465.57
2024-02-06,1475.64
2024-02-07,1466.95
2024-02-08,1470.88
2024-02-09,1467.84
2024-02-12,1479.3
2024-02-13,1464.1
2024-02-14,1471.04
2024-02-15,1479.98
2024-02-16,1488.03
2024-02-19,1486.33
2024-02-20,1481.87
2024-02-21,1485.11
2024-02-22,1507.24
2024-02-23,1510.56
2024-02-26,1510.49
2024-02-27,1522.44
2024-02-28,1520.95
2024-02-29,1527.27
2024-03-01,1534.16
2024-03-04,1530.35
2024-03-05,1526.51
2024-03-06,1529.3
2024-03-07,1540.02
2024-03-08,1536.55
2024-03-11,1531.36
2024-03-12,1551.56
2024-03-13,1549.84
2024-03-14,1546.11
2024-03-15,1542.78
2024-03-18,1542.25
2024-03-19,1545.59
2024-03-20,1546.63
2024-03-21,1560.61
2024-03-22,1563.55
2024-03-25,1568.67
2024-03-26,1580.32
2024-03-27,1588.84
2024-03-28,1589.96
2024-04-02,1573.71
2024-04-03,1582.24
2024-04-04,1587.24
2024-04-05,1566.34
2024-04-08,1578.32
2024-04-09,1561.57
2024-04-10,1563.2
2024-04-11,1551.71
2024-04-12,1547.72
2024-04-15,1554.0
2024-04-16,1530.54
2024-04-17,1529.78
2024-04-18,1536.39
2024-04-19,1527.32
2024-04-22,1538.3
2024-04-23,1562.25
2024-04-24,1557.06
2024-04-25,1543.54
2024-04-26,1565.4
2024-04-29,1564.36
2024-04-30,1549.04
2024-05-02,1546.62
2024-05-03,1555.23
2024-05-06,1569.64
2024-05-07,1589.25
2024-05-08,1593.47
2024-05-09,1608.39
2024-05-10,1617.19
2024-05-13,1616.69
2024-05-14,1617.34
2024-05-15,1629.94
2024-05-16,1620.35
2024-05-17,1617.26
2024-05-20,1621.57
2024-05-21,1616.16
2024-05-22,1612.89
2024-05-23,1613.5
2024-05-24,1615.0
2024-05-27,1622.47
2024-05-28,1614.22
2024-05-29,1594.7
2024-05-30,1597.12
2024-05-31,1598.73
2024-06-03,1609.46
2024-06-04,1594.02
2024-06-05,1608.72
2024-06-06,1614.56
2024-06-07,1607.77
2024-06-10,1602.71
2024-06-11,1591.07
2024-06-12,1613.77
2024-06-13,1581.42
2024-06-14,1558.34
2024-06-17,1561.61
2024-06-18,1565.69
2024-06-19,1559.91
2024-06-20,1576.25
2024-06-21,1566.0
2024-06-24,1581.62
2024-06-25,1577.29
2024-06-26,1576.84
2024-06-27,1581.72
2024-06-28,1583.73
2024-07-01,1586.9
2024-07-02,1575.69
2024-07-03,1591.96
2024-07-04,1598.62
2024-07-05,1601.5
2024-07-08,1600.55
2024-07-09,1581.59
2024-07-10,1596.47
2024-07-11,1608.99
2024-07-12,1626.18
2024-07-15,1612.06
2024-07-16,1605.6
2024-07-17,1599.25
2024-07-18,1593.93
2024-07-19,1576.88
2024-07-22,1595.85
2024-07-23,1606.49
2024-07-24,1592.0
2024-07-25,1584.66
2024-07-26,1594.03
2024-07-29,1586.38
2024-07-30,1592.89
2024-07-31,1596.96
2024-08-01,1563.61
2024-08-02,1526.58
2024-08-05,1497.15
2024-08-06,1497.68
2024-08-07,1518.44
2024-08-08,1523.73
2024-08-09,1528.19
2024-08-12,1528.38
2024-08-13,1535.91
2024-08-14,1542.68
2024-08-15,1567.13
2024-08-16,1578.06
2024-08-19,1586.43
2024-08-20,1579.88
2024-08-21,1588.34
2024-08-22,1591.92
2024-08-23,1603.83
2024-08-26,1602.47
2024-08-27,1608.32
2024-08-28,1615.71
2024-08-29,1628.47
2024-08-30,1630.24
2024-09-02,1632.96
2024-09-03,1617.7
2024-09-04,1604.83
2024-09-05,1605.18
2024-09-06,1582.39
2024-09-09,1593.31
2024-09-10,1577.61
2024-09-11,1582.4
2024-09-12,1598.16
2024-09-13,1615.28
2024-09-16,1609.56
2024-09-17,1619.62
2024-09-18,1619.53
2024-09-19,1643.77
2024-09-20,1619.38
2024-09-23,1629.34
2024-09-24,1640.78
2024-09-25,1636.44
2024-09-26,1665.54
2024-09-27,1687.34
2024-09-30,1675.18
2024-10-01,1666.89
2024-10-02,1663.69
2024-10-03,1650.57
2024-10-04,1660.75
2024-10-07,1658.62
2024-10-08,1655.5
2024-10-09,1671.96
2024-10-10,1666.74
2024-10-11,1676.98
2024-10-14,1686.52
2024-10-15,1683.8
2024-10-16,1680.73
2024-10-17,1690.26
2024-10-18,1698.68
2024-10-21,1682.05
2024-10-22,1677.36
2024-10-23,1673.41
2024-10-24,1679.44
2024-10-25,1682.43
2024-10-28,1688.83
2024-10-29,1682.2
2024-10-30,1661.16
2024-10-31,1644.16
2024-11-01,1658.19
2024-11-04,1649.76
2024-11-05,1658.9
2024-11-06,1638.36
2024-11-07,1664.87
2024-11-08,1654.51
2024-11-11,1673.65
2024-11-12,1640.11
2024-11-13,1637.64
2024-11-14,1660.35
2024-11-15,1656.32
2024-11-18,1653.45
2024-11-19,1643.11
2024-11-20,1637.42
2024-11-21,1646.85
2024-11-22,1663.66
2024-11-25,1671.8
2024-11-26,1662.17
2024-11-27,1657.29
2024-11-28,1667.09
2024-11-29,1682.51
2024-12-02,1705.16
2024-12-03,1711.63
2024-12-04,1731.04
2024-12-05,1744.18
2024-12-06,1746.86
2024-12-09,1741.71
2024-12-10,1739.0
2024-12-11,1745.04
2024-12-12,1744.28
2024-12-13,1741.0
2024-12-16,1732.66
2024-12-17,1725.0
2024-12-18,1723.99
2024-12-19,1700.74
2024-12-20,1695.7
2024-12-23,1694.49
2024-12-27,1705.27
2024-12-30,1698.92
2025-01-02,1705.67
2025-01-03,1695.48
2025-01-06,1722.16
2025-01-07,1733.85
2025-01-08,1731.38
2025-01-09,1731.64
2025-01-10,1721.44
2025-01-13,1713.67
2025-01-14,1725.46
2025-01-15,1754.15
2025-01-16,1758.24
2025-01-17,1778.19
2025-01-20,1784.28
2025-01-21,1788.5
2025-01-22,1805.13
2025-01-23,1816.43
2025-01-24,1816.76
2025-01-27,1808.29
2025-01-28,1820.56
2025-01-29,1837.63
2025-01-30,1848.73
2025-01-31,1848.46
2025-02-03,1821.74
2025-02-04,1829.31
2025-02-05,1836.87
2025-02-06,1864.76
2025-02-07,1855.47
2025-02-10,1867.25
2025-02-11,1878.38
2025-02-12,1885.16
2025-02-13,1925.71
2025-02-14,1918.14
2025-02-17,1943.05
2025-02-18,1945.8
2025-02-19,1911.29
2025-02-20,1902.86
2025-02-21,1904.83
2025-02-24,1915.48
2025-02-25,1915.02
2025-02-26,1947.02
2025-02-27,1927.56
2025-02-28,1925.21
2025-03-03,1971.83
2025-03-04,1902.94
2025-03-05,1973.09
2025-03-06,2003.11
2025-03-07,1967.61
2025-03-10,1935.82
2025-03-11,1907.99
2025-03-12,1936.36
2025-03-13,1926.42
2025-03-14,1961.02
2025-03-17,1976.93
2025-03-18,1998.73
2025-03-19,1989.64
2025-03-20,1965.32
2025-03-21,1955.28
2025-03-24,1951.84
2025-03-25,1970.34
2025-03-26,1948.62
2025-03-27,1935.14
2025-03-28,1913.81
2025-03-31,1888.11
2025-04-01,1917.28
2025-04-02,1907.24
2025-04-03,1850.95
2025-04-04,1761.2
2025-04-07,1693.46
2025-04-08,1736.81
2025-04-09,1686.85
2025-04-10,1761.42
2025-04-11,1749.39
2025-04-14,1799.22
2025-04-15,1827.0
2025-04-16,1831.53
2025-04-17,1824.99
2025-04-22,1832.66
2025-04-23,1886.78
2025-04-24,1897.66
2025-04-25,1912.82
2025-04-28,1913.15
2025-04-29,1926.9
2025-04-30,1932.31
2025-05-02,1979.55
2025-05-05,1999.74
2025-05-06,1991.71
2025-05-07,1981.22
2025-05-08,2000.1
2025-05-09,2013.24
2025-05-12,2019.81
2025-05-13,2024.2
2025-05-14,2014.92
2025-05-15,2030.34
2025-05-16,2035.75
2025-05-19,2049.7
2025-05-20,2060.52
2025-05-21,2066.46
2025-05-22,2054.14
2025-05-23,2025.62
2025-05-26,2059.31
2025-05-27,2075.42
2025-05-28,2060.1
2025-05-29,2051.84
2025-05-30,2056.88
2025-06-02,2051.8
2025-06-03,2062.59
2025-06-04,2077.13
2025-06-05,2085.03
2025-06-06,2082.04
2025-06-09,2071.26
2025-06-10,2055.47
2025-06-11,2052.93
2025-06-12,2036.46
2025-06-13,2012.91
2025-06-16,2029.18
2025-06-17,2006.59
2025-06-18,1994.99
2025-06-19,1970.84
2025-06-20,1992.23
2025-06-23,1985.58
2025-06-24,2018.25
2025-06-25,2005.9
2025-06-26,2016.11
2025-06-27,2048.28
2025-06-30,2040.14
2025-07-01,2022.57
2025-07-02,2030.7
2025-07-03,2042.22
2025-07-04,2030.27
2025-07-07,2055.43
2025-07-08,2067.6
2025-07-09,2096.32
2025-07-10,2089.35
2025-07-11,2071.02
2025-07-14,2061.86
2025-07-15,2055.81
2025-07-16,2048.33
2025-07-17,2076.88
2025-07-18,2069.71
2025-07-21,2072.59
2025-07-22,2052.45
2025-07-23,2068.98
2025-07-24,2074.28
2025-07-25,2068.46
2025-07-28,2047.51
2025-07-29,2066.84
2025-07-30,2069.46
2025-07-31,2055.46
2025-08-01,2003.53
2025-08-04,2029.08
2025-08-05,2036.26
2025-08-06,2041.61
2025-08-07,2067.17
2025-08-08,2066.64
2025-08-11,2058.58
2025-08-12,2047.75
2025-08-13,2061.2
2025-08-14,2075.07
2025-08-15,2070.12
2025-08-18,2068.55
2025-08-19,2077.89
2025-08-20,2068.38
2025-08-21,2066.86
2025-08-22,2075.27
2025-08-25,2068.56
2025-08-26,2057.63
2025-08-27,2048.52
2025-08-28,2047.56
2025-08-29,2035.06
2025-09-01,2045.05
2025-09-02,1996.64
2025-09-03,2002.64
2025-09-04,2015.58
2025-09-05,2004.97
2025-09-08,2022.39
2025-09-09,2014.26
2025-09-10,2005.0
2025-09-11,2006.92
2025-09-12,2007.2
2025-09-15,2010.8
2025-09-16,1976.99
2025-09-17,1981.4
2025-09-18,2009.18
2025-09-19,2003.16
2025-09-22,1992.69
2025-09-23,2000.62
2025-09-24,2005.79
2025-09-25,1993.22
2025-09-26,2008.19
2025-09-29,2009.46
2025-09-30,2020.36
2025-10-01,2039.05
2025-10-02,2064.42
2025-10-03,2061.31
2025-10-06,2062.7
2025-10-07,2061.9
2025-10-08,2076.16
2025-10-09,2078.55
2025-10-10,2045.65
2025-10-13,2058.58
2025-10-14,2042.79
2025-10-15,2036.81
2025-10-16,2044.23
2025-10-17,2008.27
2025-10-20,2045.56
2025-10-21,2048.54
2025-10-22,2034.31
2025-10-23,2038.22
2025-10-24,2042.25
2025-10-27,2046.93
2025-10-28,2045.66
2025-10-29,2030.67
2025-10-30,2026.95
2025-10-31,2012.47
2025-11-03,2026.61
2025-11-04,2009.39
2025-11-05,2017.61
2025-11-06,1992.11
2025-11-07,1978.38
2025-11-10,2010.23
2025-11-11,2020.71
2025-11-12,2046.18
2025-11-13,2020.15
2025-11-14,2008.07
2025-11-17,1982.32
2025-11-18,1946.95
2025-11-19,1947.32
2025-11-20,1954.12
2025-11-21,1938.74
2025-11-24,1954.94
2025-11-25,1974.3
2025-11-26,1995.23
2025-11-27,2001.63
2025-11-28,2009.76
2025-12-01,1995.08
2025-12-02,2006.68
2025-12-03,1999.73
2025-12-04,2018.06
2025-12-05,2031.14
2025-12-08,2031.52
2025-12-09,2043.4
2025-12-10,2041.63
2025-12-11,2056.63
2025-12-12,2047.76
2025-12-15,2051.17
2025-12-16,2040.13
2025-12-17,2030.86
2025-12-18,2050.22
2025-12-19,2056.33
2025-12-22,2056.93
2025-12-23,2059.91
2025-12-29,2062.72
2025-12-30,2073.96
2026-01-02,2077.07
2026-01-05,2103.63
2026-01-06,2106.08
2026-01-07,2124.43
2026-01-08,2123.59
2026-01-09,2135.89
2026-01-12,2147.71
2026-01-13,2145.8
2026-01-14,2135.38
2026-01-15,2142.71
2026-01-16,2136.24
2026-01-19,2109.99
2026-01-20,2085.39
2026-01-21,2075.3
2026-01-22,2105.84
2026-01-23,2109.81
2026-01-26,2115.95
2026-01-27,2114.32
2026-01-28,2111.09
2026-01-29,2067.57
2026-01-30,2086.11
2026-02-02,2109.04
2026-02-03,2110.23
2026-02-04,2097.26
2026-02-05,2086.45
2026-02-06,2105.2
2026-02-09,2130.01
2026-02-10,2129.22
2026-02-11,2118.98
2026-02-12,2112.71
2026-02-13,2117.9
2026-02-16,2105.77
2026-02-17,2123.05
2026-02-18,2145.4
2026-02-19,2133.5
2026-02-20,2151.24
2026-02-23,2130.91
2026-02-24,2130.9
2026-02-25,2145.32
2026-02-26,2153.36
2026-02-27,2155.46
2026-03-02,2100.84
2026-03-03,2027.59
2026-03-04,2064.72
2026-03-05,2029.45
2026-03-06,2010.36
2026-03-09,1991.77
2026-03-10,2041.08
2026-03-11,2013.21
2026-03-12,2011.56
2026-03-13,1999.19
2026-03-16,2007.91
2026-03-17,2024.68
2026-03-18,2006.5
2026-03-19,1949.31
2026-03-20,1910.48
2026-03-23,1932.24
2026-03-24,1931.69
2026-03-25,1960.0
2026-03-26,1931.72
2026-03-27,1904.14
2026-03-30,1926.72
2026-03-31,1937.3
2026-04-01,1989.22
2026-04-02,1978.44
2026-04-07,1958.95
2026-04-08,2054.74
2026-04-09,2033.9
2026-04-10,2037.33
2026-04-13,2030.91
2026-04-14,2055.94
2026-04-15,2061.24
2026-04-16,2069.13
2026-04-17,2115.09
2026-04-20,2091.21
2026-04-21,2080.49
2026-04-22,2076.29
2026-04-23,2069.39
2026-04-24,2064.62
2026-04-27,2061.67
2026-04-28,2054.9
2026-04-29,2044.02
2026-04-30,2074.98
