Date,Calculated PE Ratio,Calculated Index Dividend Yield,Calculated Price to Book,Calculated Index Market Capitalisation
1998-04-17,29.71,2.19,2.86,915758304959.531
1998-04-20,30.62,2.13,2.93,942217537488.432
1998-04-21,30.79,2.12,2.94,936377781593.492
1998-04-22,30.64,2.13,2.92,933050604199.24
1998-04-23,30.12,2.17,2.85,916615160703.129
1998-04-24,29.43,2.21,2.8,899514931131.54
1998-04-27,29.08,2.23,2.77,889569233187.956
1998-04-28,28.68,2.26,2.73,880962038553.453
1998-04-29,29.14,2.23,2.77,896698374574.989
1998-04-30,29.16,2.22,2.77,896890807877.474
1998-05-01,29.13,2.22,2.77,896890807877.474
1998-05-04,30.15,2.15,2.86,925483484230.736
1998-05-05,29.66,2.18,2.82,912953585493.115
1998-05-06,29.41,2.19,2.82,911945375734.087
1998-05-07,29.11,2.21,2.82,903664782711.688
1998-05-08,29.45,2.18,2.81,913957701106.947
1998-05-11,29.92,2.15,2.85,926111590559.507
1998-05-12,29.77,2.17,2.82,919568835242.838
1998-05-13,30.24,2.14,2.83,928881972578.394
1998-05-14,30.2,2.14,2.81,928135635014.802
1998-05-15,30.29,2.13,2.82,932608045944.688
1998-05-18,30.13,2.15,2.8,925867485250.252
1998-05-19,30.32,2.13,2.81,933286241867.647
1998-05-20,30.87,2.1,2.85,945629084372.875
1998-05-21,30.85,2.1,2.85,945629084372.875
1998-05-22,31.08,2.09,2.87,952723089699.002
1998-05-25,31.16,2.08,2.87,953394884530.353
1998-05-26,31.49,2.06,2.9,962559709340.791
1998-05-27,30.71,2.11,2.83,941690171430.544
1998-05-28,30.44,2.13,2.81,934065147234.167
1998-05-29,30.85,2.1,2.84,944482279417.434
1998-06-01,30.72,2.09,2.82,944520524050.148
1998-06-02,30.72,2.1,2.82,945582038335.643
1998-06-03,30.87,2.08,2.83,950827037698.573
1998-06-04,30.59,2.16,2.8,943557770408.982
1998-06-05,30.75,2.17,2.76,930327086227.331
1998-06-08,30.96,2.15,2.79,942044167289.591
1998-06-09,30.68,2.15,2.77,935499776694.293
1998-06-10,30.68,2.16,2.77,935845606945.389
1998-06-11,30.68,2.15,2.77,935845606945.389
1998-06-12,30.27,2.17,2.76,952153876711.677
1998-06-15,29.58,2.23,2.69,930796782251.014
1998-06-16,29.79,2.21,2.73,937779961282.934
1998-06-17,30.36,2.17,2.78,953573237988.475
1998-06-18,30.39,2.16,2.79,955566263928.358
1998-06-19,30.27,2.17,2.78,952453341808.337
1998-06-22,30.05,2.12,2.76,945744968638.89
1998-06-23,30.29,2.04,2.77,954406398742.733
1998-06-24,30.75,2.15,2.79,962369251857.779
1998-06-25,31.16,2.13,2.82,974057712405.986
1998-06-26,31.19,0.85,2.82,975224749811.589
1998-06-29,31.38,2.11,2.84,980832641047.535
1998-06-30,31.29,2.13,2.83,979195702570.264
1998-07-01,31.37,2.02,2.84,981140071526.155
1998-07-02,31.37,2.12,2.84,984050070191.683
1998-07-03,31.58,2.1,2.85,991604574737.579
1998-07-06,31.78,2.16,2.77,962186907095.198
1998-07-07,31.93,2.15,2.78,967054411476.969
1998-07-08,32.41,2.04,2.11,978027987848.126
1998-07-09,32.39,2.05,2.11,977403059104.83
1998-07-10,32.32,2.05,2.1,977278222045.372
1998-07-13,32.47,2.04,2.11,984837922693.69
1998-07-14,32.82,1.86,2.13,994331159999.08
1998-07-15,32.89,1.86,2.14,997411575635.919
1998-07-16,32.83,1.87,2.13,994897578671.459
1998-07-17,33.11,1.85,2.15,1004530647556.79
1998-07-20,33.23,1.84,3.05,1041293093311.79
1998-07-21,33.19,1.85,3.05,1039106470903.91
1998-07-22,32.9,1.85,3.02,1029679796876.52
1998-07-23,32.64,1.87,3.0,1020653436093.12
1998-07-24,32.55,1.88,2.99,1017652739334.71
1998-07-27,31.83,1.92,2.92,995994531678.622
1998-07-28,31.75,1.93,2.92,994903569618.525
1998-07-29,31.55,1.93,2.9,988850833873.598
1998-07-30,31.67,1.92,2.91,994241990056.396
1998-07-31,31.66,1.92,2.92,993484627694.636
1998-08-03,31.22,1.95,2.87,974900065563.981
1998-08-04,31.21,1.95,2.88,976132268709.959
1998-08-05,30.57,2.0,2.82,955423952618.581
1998-08-06,30.0,2.04,2.77,937154800871.241
1998-08-07,30.36,2.01,2.8,947544608337.637
1998-08-10,29.85,2.04,2.76,933004967900.073
1998-08-11,28.77,2.11,2.66,900514563281.062
1998-08-12,29.4,2.07,2.72,919809704736.097
1998-08-13,29.14,2.09,2.7,914126858796.01
1998-08-14,29.61,2.06,2.74,928948512935.173
1998-08-17,29.59,2.05,2.74,929490531201.587
1998-08-18,30.14,2.02,2.79,948330972247.077
1998-08-19,30.28,2.02,2.8,953058298459.478
1998-08-20,29.75,2.04,2.73,936406601623.352
1998-08-21,28.19,2.07,2.59,890392493026.49
1998-08-24,28.38,0.66,2.61,898139333756.513
1998-08-25,29.01,1.85,2.67,916442465086.945
1998-08-26,28.33,2.14,2.61,896355671615.631
1998-08-27,27.46,2.2,2.53,869324175908.438
1998-08-28,27.07,2.23,2.49,856849603199.665
1998-08-31,26.28,2.3,2.42,831317466698.537
1998-09-01,26.06,2.31,2.28,823293089516.471
1998-09-02,26.95,2.24,2.4,853319177714.832
1998-09-03,26.19,2.3,2.36,832351513656.606
1998-09-04,26.28,2.29,2.36,835648004560.724
1998-09-07,26.76,2.26,2.47,858058956707.383
1998-09-08,27.55,2.19,2.54,884181240818.476
1998-09-09,27.32,2.21,2.52,877362441325.678
1998-09-11,25.87,2.32,2.4,833816712177.439
1998-09-14,26.59,2.27,2.46,855780231360.599
1998-09-15,26.24,2.3,2.43,844189462613.315
1998-09-16,26.35,2.29,2.44,848114902552.369
1998-09-17,25.22,2.38,2.35,806391082962.732
1998-09-18,24.85,2.42,2.31,796020554516.497
1998-09-21,23.92,2.5,2.24,770399085954.301
1998-09-22,24.59,2.44,2.3,792403831362.644
1998-09-23,25.13,2.39,2.35,808012303848.494
1998-09-24,24.87,2.35,2.33,801883632985.484
1998-09-25,24.47,2.38,2.29,790059071375.835
1998-09-28,24.74,1.88,2.33,800520776823.139
1998-09-29,24.46,2.38,2.3,789381801146.316
1998-09-30,23.95,2.35,2.25,772959832438.913
1998-10-01,22.66,2.48,2.13,732304140788.31
1998-10-02,21.78,2.61,2.05,693911031883.65
1998-10-05,21.76,1.4,2.05,681046686608.243
1998-10-06,21.83,2.62,2.1,706895619504.251
1998-10-07,21.54,2.18,2.07,698687443545.707
1998-10-08,20.7,2.63,2.01,680898310817.914
1998-10-09,21.39,2.65,2.07,714946238815.746
1998-10-12,22.54,2.52,2.17,751729730279.728
1998-10-13,22.69,2.29,2.2,759849175625.693
1998-10-14,22.94,1.23,2.22,769422555332.007
1998-10-15,23.36,2.42,2.26,781940561852.513
1998-10-16,23.75,2.37,2.3,794907346653.339
1998-10-19,23.62,2.39,2.29,791318229322.078
1998-10-20,24.25,1.66,2.35,810736943161.727
1998-10-21,23.93,1.93,2.32,798773902305.926
1998-10-22,23.66,2.04,2.29,787435398043.797
1998-10-23,23.72,1.84,2.29,789610346785.252
1998-10-26,24.4,1.0,2.48,767618460585.531
1998-10-27,25.0,1.5,2.53,784232429382.922
1998-10-28,24.3,1.54,2.46,763602477162.637
1998-10-29,24.4,1.52,2.47,764546345568.378
1998-10-30,24.99,1.51,2.53,782910471202.507
1998-11-02,25.41,1.48,2.57,795842816747.366
1998-11-03,25.21,1.49,2.55,789717747767.444
1998-11-04,25.89,1.45,2.61,809336402304.393
1998-11-05,25.69,1.47,2.6,805485023702.98
1998-11-06,25.78,1.46,2.61,809544691167.944
1998-11-09,25.51,1.48,2.58,800869390166.835
1998-11-10,25.06,1.5,2.54,788172299166.083
1998-11-11,25.31,1.49,2.56,794132576322.073
1998-11-12,24.87,1.51,2.53,781349776690.203
1998-11-13,24.9,1.5,2.53,781447067671.526
1998-11-16,25.27,1.31,2.58,798784168729.9
1998-11-17,24.83,1.52,2.54,785446954670.907
1998-11-18,24.83,1.52,2.54,785234786684.426
1998-11-19,25.16,1.08,2.57,793650274283.552
1998-11-20,25.64,1.48,2.61,809438088112.464
1998-11-23,26.11,1.44,2.66,826062602861.189
1998-11-24,25.92,0.95,2.63,817972459768.487
1998-11-25,25.85,1.29,2.63,815297444287.08
1998-11-26,26.27,1.25,2.67,827821005168.65
1998-11-27,26.57,0.96,2.69,838103856958.938
1998-11-30,26.18,1.45,2.64,825610464089.926
1998-12-01,25.07,1.5,2.55,795052091284.519
1998-12-02,24.7,1.06,2.51,785890288867.131
1998-12-03,25.12,1.29,2.51,799338760248.079
1998-12-04,25.15,1.11,2.51,799339983041.471
1998-12-07,24.89,1.52,2.48,791053384442.922
1998-12-08,24.78,1.28,2.47,788390295044.048
1998-12-09,24.57,1.11,2.46,782825323991.349
1998-12-10,24.47,0.95,2.45,778935286493.202
1998-12-11,24.01,1.63,2.29,765163559792.518
1998-12-14,23.9,1.13,2.28,763032678921.481
1998-12-15,24.15,1.53,2.3,770651807092.13
1998-12-16,24.6,1.35,2.33,783854360138.151
1998-12-17,24.89,2.02,2.36,835544230308.871
1998-12-18,24.52,1.08,2.33,821780092763.175
1998-12-21,25.16,2.0,2.39,842452966127.424
1998-12-22,25.35,0.88,2.4,848672630869.247
1998-12-23,25.91,1.98,2.45,866552017070.502
1998-12-24,25.91,1.12,2.45,866552017070.502
1998-12-28,26.26,1.88,2.48,877112753441.761
1998-12-29,26.25,1.17,2.51,873271492217.115
1998-12-30,26.12,1.87,2.47,872512535075.646
1998-12-31,26.04,2.19,2.71,850195781435.0
1999-01-04,27.41,1.13,2.85,890432981276.0
1999-01-05,27.26,0.91,2.83,890843110749.0
1999-01-06,28.16,0.9,2.84,918178144724.0
1999-01-07,27.99,0.96,2.83,904015587916.0
1999-01-08,27.67,1.04,2.8,911070709191.0
1999-01-11,27.43,2.28,2.78,895954864109.0
1999-01-12,26.95,0.97,2.74,888775149665.0
1999-01-13,25.72,2.46,2.62,848920531377.0
1999-01-14,25.59,0.9,2.61,849592961780.0
1999-01-15,25.88,2.46,2.64,855402272883.0
1999-01-18,26.25,2.29,2.67,870348991868.0
1999-01-19,26.39,1.0,2.69,877473244639.0
1999-01-25,25.69,2.63,2.59,843599250324.0
1999-01-26,25.74,2.57,2.6,845702211219.0
1999-01-27,26.06,2.38,2.63,854980927412.0
1999-01-28,26.17,1.15,2.64,863670068983.0
1999-02-01,26.77,2.35,2.74,879444272371.0
1999-02-02,26.57,0.9,2.69,884923041069.0
1999-02-04,26.23,2.44,2.67,881597349029.0
1999-02-08,26.06,1.06,2.66,878148044743.0
1999-02-10,24.9,2.53,2.58,840894221289.0
1999-02-12,25.38,2.43,2.72,918559914555.0
1999-02-15,25.3,0.99,2.68,928581273196.0
1999-02-16,25.4,0.9,2.69,935447213281.0
1999-02-17,24.98,1.17,2.65,917903553378.0
1999-02-18,25.14,2.63,2.66,925973697701.0
1999-02-19,24.92,1.19,2.65,930736158815.0
1999-02-22,25.06,2.63,1.71,933388524911.0
1999-02-23,25.67,2.57,1.75,956724399095.0
1999-02-24,25.6,2.52,1.77,966085792933.0
1999-02-25,24.75,2.58,1.74,953775712346.0
1999-02-26,24.39,1.88,1.71,926595399523.0
1999-03-01,24.13,2.49,1.68,925562778059.0
1999-03-02,22.77,2.62,1.69,929209509732.0
1999-03-03,22.32,2.66,1.66,910276744415.0
1999-03-04,22.15,2.02,1.55,902752775597.0
1999-03-05,22.78,2.17,1.59,926829551412.0
1999-03-08,22.56,1.66,1.58,918672133580.0
1999-03-09,22.46,1.52,1.68,917024546921.0
1999-03-10,22.26,1.67,1.66,906815377604.0
1999-03-11,22.4,1.69,1.68,911545496938.0
1999-03-12,23.43,1.62,1.75,949831989246.0
1999-03-15,23.51,1.62,1.76,952202667893.0
1999-03-16,23.67,1.62,1.77,961400752569.0
1999-03-17,23.62,1.61,1.77,958726469799.0
1999-03-18,23.77,1.62,1.75,948422589286.0
1999-03-19,24.09,1.63,1.78,960311204023.0
1999-03-22,23.77,1.65,1.75,949543646597.0
1999-03-23,23.3,1.68,1.72,933024755527.0
1999-03-24,22.71,1.72,1.69,994573786643.0
1999-03-25,23.24,1.69,1.71,928663932780.0
1999-03-26,22.95,1.7,1.68,914756438455.0
1999-03-29,23.34,1.71,1.69,930910693134.0
1999-03-30,23.23,1.71,1.68,926479974228.0
1999-03-31,23.47,1.75,1.69,932055808182.0
1999-04-01,23.19,1.73,1.71,939330856812.0
1999-04-05,23.35,1.74,1.71,939330856812.0
1999-04-06,23.54,1.63,1.72,946791820713.0
1999-04-07,23.88,1.7,1.75,961037808464.0
1999-04-08,23.94,1.7,1.75,962021457243.0
1999-04-09,24.21,1.69,1.76,972427487566.0
1999-04-12,24.46,1.68,1.77,975869983937.0
1999-04-13,24.65,1.67,1.79,984067077920.0
1999-04-14,24.55,1.67,1.78,981825168149.0
1999-04-15,24.23,1.69,1.77,970719473422.0
1999-04-16,24.25,1.7,1.76,966266447921.0
1999-04-19,24.51,1.68,1.78,973999372718.0
1999-04-20,23.95,1.72,1.74,952064210921.0
1999-04-22,24.43,1.68,1.77,967744722964.0
1999-04-23,24.36,1.68,1.57,966163748038.0
1999-04-26,24.6,1.67,1.59,975479385842.0
1999-04-27,24.98,1.64,1.61,991787607483.0
1999-04-28,24.93,1.64,1.61,991524051856.0
1999-04-29,24.9,1.58,1.62,989521647883.0
1999-04-30,25.08,0.93,1.62,997981636609.0
1999-05-03,25.04,1.62,1.62,997047664999.0
1999-05-04,25.08,1.56,1.63,999313086793.0
1999-05-05,24.76,1.62,1.61,985756819556.0
1999-05-06,24.65,1.63,1.6,982449314849.0
1999-05-07,24.77,1.63,1.55,982999025242.0
1999-05-10,24.42,1.66,1.52,969859654208.0
1999-05-11,24.55,1.65,1.53,976267096656.0
1999-05-12,23.73,1.65,1.52,976870251393.0
1999-05-13,23.69,1.65,1.52,974901123402.0
1999-05-14,23.39,1.67,1.49,964103291289.0
1999-05-17,23.11,1.69,1.49,963136964216.0
1999-05-18,23.27,1.68,1.5,969298311091.0
1999-05-19,23.31,1.67,1.5,973798983942.0
1999-05-20,23.57,1.65,1.51,987842371636.0
1999-05-21,23.66,1.65,1.52,991380654477.0
1999-05-24,23.62,1.65,1.52,995473791389.0
1999-05-25,23.13,1.65,1.49,974599180412.0
1999-05-26,23.18,1.69,1.5,976655915910.0
1999-05-28,22.78,1.67,1.47,968999410212.0
1999-06-01,22.6,1.73,1.46,963996953868.0
1999-06-02,22.52,1.74,1.45,958375970692.0
1999-06-03,22.52,1.74,1.45,958622569692.0
1999-06-04,22.91,1.58,1.48,972692592650.0
1999-06-07,23.27,1.69,1.5,987801852591.0
1999-06-08,23.35,1.68,1.49,992562458643.0
1999-06-09,23.56,1.67,1.51,1003888132321.0
1999-06-10,23.39,1.68,1.51,998873342734.0
1999-06-11,23.63,1.67,1.55,979246509956.0
1999-06-15,23.89,1.66,1.56,985642853190.0
1999-06-16,24.05,1.65,2.24,997681098219.0
1999-06-17,24.18,1.64,2.25,1004114737414.0
1999-06-18,24.15,1.64,2.26,1018562043820.0
1999-06-21,24.76,1.62,2.22,1027788159517.0
1999-06-22,24.63,1.63,2.21,1023578294244.0
1999-06-23,24.38,1.64,2.19,1014690382468.0
1999-06-24,24.31,1.65,2.18,1008818540746.0
1999-06-25,24.28,1.65,2.13,1037410230300.0
1999-06-28,24.3,1.63,2.13,1035992439061.0
1999-06-29,24.39,1.64,2.13,1039645059257.0
1999-06-30,24.39,1.64,2.13,1042982484129.0
1999-07-01,24.79,1.62,2.16,1057188186068.0
1999-07-02,25.04,1.6,2.18,1066501732706.0
1999-07-05,25.56,1.57,222.0,1085740982669.0
1999-07-06,25.47,1.58,2.23,1088275389571.0
1999-07-07,26.24,1.56,2.75,1085081353909.0
1999-07-08,26.3,1.56,2.75,1087421230680.0
1999-07-09,26.66,1.54,2.79,1104168882269.0
1999-07-12,26.79,1.54,2.79,1102765440594.0
1999-07-13,26.41,1.56,2.75,1088902170850.0
1999-07-14,26.69,1.54,2.78,1100468463590.0
1999-07-15,26.84,1.54,2.8,1107232663218.0
1999-07-16,26.64,1.55,2.78,1100531659874.0
1999-07-21,25.94,1.6,2.7,1070865764309.0
1999-07-22,25.63,1.62,2.67,1059156657340.0
1999-07-23,25.49,1.63,2.66,1054080870998.0
1999-07-26,24.98,1.66,2.6,1033591087503.0
1999-07-27,24.91,1.66,2.6,1031463577597.0
1999-07-29,24.29,1.7,2.53,1006085977359.0
1999-07-30,24.5,1.69,2.56,1014679518340.0
1999-08-03,24.49,1.69,2.54,1013543922532.0
1999-08-05,23.92,1.72,2.48,990868424780.0
1999-08-06,24.05,1.7,2.5,994781862897.0
1999-08-09,24.4,1.68,2.54,1007338969850.0
1999-08-10,24.03,1.71,2.5,995567307028.0
1999-08-11,24.11,1.7,2.51,998164331757.0
1999-08-12,24.58,1.67,2.56,1016797518198.0
1999-08-13,24.63,1.67,2.58,986600545482.0
2001-02-08,18.7741226630804,1.64945850738319,2.55866949016592,1340649750236.55
2001-02-09,14.9112104721313,1.43260147066406,2.16658707867531,1299365093262.35
2001-02-12,17.2451010096026,1.66336971155953,1.87480496408814,1307953696382.16
2001-02-13,17.1265556871598,1.65300660510415,1.86582451391493,1307341850216.47
2001-02-14,18.3533684720364,1.65926255555227,2.50245341092462,1294068862114.25
2001-02-15,18.6129035418741,1.63922658858958,2.5402279235268,1309039977689.28
2001-02-16,18.2247794174997,1.5024305903839,2.48753486673879,1283831481801.6
2001-02-19,18.2619598646555,1.81972797708321,2.49303167595328,1284130702215.36
2001-02-20,17.9785450914499,,2.48417430968147,1280092795349.37
2001-02-22,17.4700524689582,1.87805915564364,2.42760508455457,1253080813538.82
2001-02-23,16.9661424317751,1.92317043208571,2.36204483530228,1220799689766.46
2001-02-26,17.4278309425619,1.9052114337548,2.40031090842096,1237228967002.39
2001-02-27,17.5133714585171,1.9035827751664,2.39049562748185,1242752702423.35
2001-02-28,67.5872431145847,1.89186751108525,0.857669436113693,1244578935657.96
2001-03-01,68.0799184301464,1.96712903701907,0.862892358010362,1226729417380.48
2001-03-02,17.4881776723755,1.9441009191973,2.37658914544955,1235013390567.14
2001-03-05,21.5502470339833,4.38556915751744,1.37642690954031,1241558709080.95
2001-03-06,17.827048531427,1.94666246971635,2.42367129641728,1259489085952.14
2001-03-07,17.8816261566052,1.94074983150331,2.43107544515083,1264330883373.83
2001-03-08,17.7868642084146,1.95601461717384,2.41675214650448,1258254884090.72
2001-03-09,17.6075903728347,1.98226672856987,2.36168166875019,1245801063381.8
2001-03-12,17.196536575014,2.03466316119406,2.30931901783705,1218949440147.52
2001-03-13,16.964687007466,2.0597198820424,2.27636976567891,1201367266845.56
2001-03-14,16.4993620424762,2.10449959935621,2.2157623513424,1173087312732.89
2001-03-15,16.6372689804455,2.07057048000553,2.2468309695303,1188477765052.92
2001-03-16,16.30053994549,2.1241331823282,2.18620483655977,1160757835645.6
2001-03-19,16.0552854552593,2.11275410799333,2.150590046635,1149676708325.4
2001-03-20,16.4291246833083,2.15849027899251,2.20851308504468,1170859028474.62
2001-03-21,16.9878863511138,2.26266505073966,2.15970870877259,1142639345763.28
2001-03-22,15.3617771215023,2.39274302182748,2.06524490360709,1099383143269.33
2001-03-23,15.6769929202249,2.32787603922973,2.11918462122075,1129061534903.77
2001-03-26,16.1647043301455,2.29956158809025,2.17733992975786,1158425878232.98
2001-03-27,16.6890410271275,2.21315071358878,2.2406285381247,1190095283330.26
2001-03-28,16.3696931113409,2.23575664203612,2.18955901858644,1174942335638.71
2001-03-29,16.3009100452371,2.22280288242654,2.20926493837881,1188265068833.88
2001-03-30,16.2209822900385,2.42979657464209,2.14395830330693,1187412577400.09
2001-04-02,15.8788813163278,2.3005867522265,2.11877623045654,1174841454663.75
2001-04-03,15.3309788187356,2.38126393168056,2.04505562105175,1137528443187.6
2001-04-04,15.4216890593136,2.35533677510079,2.05184827001099,1143231797854.91
2001-04-05,15.6800297280825,2.25497468607511,2.0606417958361,1174957167229.54
2001-04-06,15.3790046085844,2.27641317165478,2.03057728495507,1162406236903.66
2001-04-09,16.4319447447092,2.24009860390008,2.02068960697456,1171482854225.15
2001-04-10,15.8950141559061,2.19846782792236,2.09115754227396,1192693912650.38
2001-04-11,16.0049220984205,2.18106482209785,2.10443509300748,1200296815302.78
2001-04-12,16.0240507156446,2.18120503327462,2.10093831922107,1207760431130.54
2001-04-13,16.0235844831102,2.18019733938275,2.10079552899636,1207760431130.54
2001-04-16,16.0237564677235,2.18254875063224,2.10088017931571,1207760431130.54
2001-04-17,15.8968090623783,2.15759093028818,2.08435066945592,1195985787644.17
2001-04-18,16.4870561753692,2.11098752942144,2.15029633558702,1236457363130.14
2001-04-19,16.5439202208109,2.06932645908871,2.12078473430205,1238178819182.48
2001-04-20,16.4133650872992,2.11487155996129,2.10001774636424,1228820881995.15
2001-04-23,22.7610522046516,1.86253790509565,2.0863269671147,745960020889.795
2001-04-24,22.9490985609734,1.84623638021649,2.10360064305652,752971357416.505
2001-04-25,16.3608987999861,2.12143525270975,2.08172645260401,1231935820482.03
2001-04-26,16.4684014585399,2.1278023982642,2.08812589785288,1237180014799.76
2001-04-27,16.5056219895801,2.14773507121211,2.09929031618232,1244660068963.05
2001-04-30,16.562629720659,2.12462157602442,2.08065594316304,1237041856003.4
2001-05-01,16.5534882219819,2.13428831868061,2.08036144163098,1237041856003.4
2001-05-02,16.4405728587217,2.14651358221452,2.06980647580386,1232069212827.27
2001-05-03,16.1432922617315,2.20237957246941,2.04763130773701,1236269031780.65
2001-05-04,17.0683359610495,2.17099261821806,2.05198015026212,1241311030518.33
2001-05-07,17.0339262641541,2.17391087301021,2.05052959147727,1240949188997.64
2001-05-08,16.9719807138857,2.17447595488913,2.04898892175435,1240314037104.51
2001-05-09,16.8426277536491,2.18984723681022,2.03273200659637,1229937594327.06
2001-05-10,17.0527057938329,2.16258002986143,2.05680686535674,1245018673798.46
2001-05-11,17.0036133339435,2.15012428994502,2.05088218215369,1241938817534.64
2001-05-14,16.8282653046146,2.17759294944706,2.02809687859921,1226956238528.86
2001-05-15,16.9560807137571,2.18187022887906,2.04536480924493,1225751578237.62
2001-05-16,17.1498895378079,2.15411974516592,2.06632912484587,1238369415379.24
2001-05-17,17.2498452662337,2.14123617466228,2.07257893297401,1244161122340.16
2001-05-18,17.2756772561755,2.02102968115985,2.07081968241941,1247027409914.83
2001-05-21,17.267537494601,2.02336659218411,2.07740038283338,1252780831050.35
2001-05-22,17.4768017412258,2.0093455697732,2.08809146203886,1259027567411.21
2001-05-23,17.3166977643231,1.99801475178225,2.06991673830221,1249243752632.15
2001-05-24,17.4949717379493,1.99934161853726,2.08517864564589,1258490755743.5
2001-05-25,17.4444618521381,2.02927372732418,2.06672274771888,1250065002819.69
2001-05-28,17.3963884021018,2.01985140084514,2.06234454790951,1247844535164.35
2001-05-29,17.1701791419485,2.05755717595381,2.05908612531912,1230940026691.0
2001-05-30,16.9166030237491,2.09019146993543,2.0273832747851,1215337603984.94
2001-05-31,17.1072851359894,2.08005260572249,2.04313769005705,1226280025477.7
2001-06-01,17.1071175837608,2.0853593604276,2.044365309671,1230188129227.17
2001-06-04,17.2441529754774,2.05984675031869,2.07290058774952,1235944053601.86
2001-06-05,17.364955476012,2.04590727999848,2.06732834485239,1248743007547.85
2001-06-06,17.2435664859302,2.03264375600427,2.07395400265445,1267661519269.9
2001-06-07,17.2222978283875,2.06895293549303,2.07175756626392,1267863203014.39
2001-06-08,17.2370542399158,2.0774474367753,2.07156001537145,1270129229922.08
2001-06-11,17.1316580362063,2.05449831151994,2.06448234668816,1301599832374.72
2001-06-12,16.8954009554608,2.09313544634538,2.04431549397809,1289249956643.73
2001-06-13,17.0305180477182,2.08596261455697,2.05561070370678,1299350756567.69
2001-06-14,16.8155425713781,2.10920797171245,2.02910176154961,1284594433219.33
2001-06-15,16.531524434681,2.15165358557335,1.99667781021861,1267486212479.27
2001-06-18,16.4374075824107,2.15938786477982,1.97939116402221,1260975086095.22
2001-06-19,16.5253165899214,2.12390706950167,2.01565667335723,1249104450485.35
2001-06-20,16.3876063531013,2.1419662652474,2.00287546407181,1262289502820.34
2001-06-21,16.5030289250221,2.13491297027213,2.01464799806947,1269396681625.43
2001-06-22,16.5470185729292,2.12291967578315,2.02039173200751,1273188548743.73
2001-06-25,16.4041548477988,2.14647227627251,2.00393730978374,1265126708412.34
2001-06-26,16.2636106252834,2.1736100204242,1.98758653162685,1255814972483.23
2001-06-27,15.9637900158679,2.16092852361367,1.99287809814781,1257683174439.45
2001-06-28,16.2781883474893,2.12595128653381,2.0047479796688,1277983158506.66
2001-06-29,16.4909762215774,2.09524524640375,2.02622943397015,1293073234457.82
2001-07-02,16.5983855954398,2.08343969007517,2.03334258677017,1300938782362.53
2001-07-03,16.4508961485145,2.08774454573602,2.01859159254687,1283839325435.57
2001-07-04,16.3261554752024,2.1011589568104,1.26541622383831,1276471152499.08
2001-07-05,16.2664583623089,2.10037471983745,1.25908440293406,1278285805905.98
2001-07-06,15.9171818733121,2.15541594934433,1.23377871473124,1254372943738.8
2001-07-09,15.9205441602962,2.16277552867888,1.23694755467297,1255258483102.04
2001-07-10,15.774824533371,2.19706643329486,1.22629419672481,1247500503379.2
2001-07-11,15.7327172602353,2.18164955200049,1.22273553143903,1241628040446.88
2001-07-12,15.9432419796226,2.16834037063144,1.2387219859383,1256704186472.49
2001-07-13,15.9708470379472,2.1627964260563,1.2451007675085,1262434390086.45
2001-07-16,15.7894320973622,2.20152889897162,1.23199464343829,1250579960243.83
2001-07-17,15.7485303418733,2.18956885465346,1.22853482165416,1247123308386.75
2001-07-18,15.4531205253087,2.2288255646822,1.20735125138922,1227618398268.62
2001-07-19,15.6981726229388,2.19708284870092,1.14344126754601,1228106220432.16
2001-07-20,15.5267015262733,2.2215308296562,1.13100882522885,1216583227814.49
2001-07-25,15.1394657068689,2.27977185484485,1.10484170004137,1192854861004.19
2001-07-26,15.3721818317743,2.24660094105348,1.1207480640716,1208319919777.68
2001-07-27,15.6528144502949,2.21382198175248,1.13547863034507,1222911352111.4
2001-07-30,15.7238052826186,2.21720787462637,1.13781389030114,1222713322728.51
2001-07-31,15.8918767618473,2.19877379713418,1.23049423112088,1251190520103.6
2001-08-01,15.8438367402835,2.20397948954894,1.2268652429116,1248254416261.04
2001-08-02,15.7252836999358,2.21724726794041,1.21856067536546,1240495149056.68
2001-08-03,15.6175066129584,2.23424676487523,1.21039120604978,1232972549840.2
2001-08-06,15.6198403906691,2.23345463394756,1.20892116657199,1231981188856.45
2001-08-07,15.6351477146137,2.2292150901254,1.21054898154088,1233359775180.86
2001-08-08,15.2942911682582,2.2752341787185,1.19573830669951,1216637112821.65
2001-08-09,15.0508905722215,2.31485915318936,1.1777670351608,1199323019514.8
2001-08-10,14.9488461016064,2.34190078132578,1.16821239823856,1189138937263.8
2001-08-13,15.0206485872255,2.33896053408377,1.17233110075863,1192931566421.21
2001-08-14,15.1614817193819,2.31320073670976,1.18245306627046,1202646102247.31
2001-08-15,15.0068171117535,2.33479188488807,1.17176818199376,1193085991840.19
2001-08-16,14.7598455289334,2.36990013317665,1.15411379655103,1176816433904.77
2001-08-17,14.4482928752477,2.4160437848013,1.13177874066526,1155856511282.11
2001-08-20,14.3979478515934,2.41759133688956,1.12713213270679,1152371229791.57
2001-08-21,14.4149954618131,2.40652855350754,1.12821834740901,1154048198515.84
2001-08-22,14.4250032278072,2.42527457469411,1.12838645116406,1154511250740.59
2001-08-23,14.4996891948252,2.41081966441934,1.13334083691629,1158299293851.79
2001-08-24,14.8188012294101,2.34509019254408,1.1560979652794,1179650673746.6
2001-08-27,14.8655962228724,2.35906521292098,1.15953477070658,1183392029538.78
2001-08-28,14.6537984458444,2.39332812852131,1.14317426240858,1167337935962.4
2001-08-29,14.6266332131314,2.39754358332909,1.14126892503123,1165437502473.52
2001-08-30,14.2744616443524,2.44976832930415,1.11487264249195,1140563615414.72
2001-08-31,14.317470173541,2.44782087110072,1.11710414496988,1142893018343.24
2001-09-03,14.0942130408069,2.48230436394546,1.10098607914683,1127160832930.27
2001-09-04,14.3359396793775,2.43999290656951,1.11911573545216,1143582989655.11
2001-09-05,13.9589395188199,2.50811891064853,1.09176990841051,1117969218977.54
2001-09-06,13.5364807898634,2.5790059109156,1.06140878226843,1090069097693.97
2001-09-07,13.182901249636,2.64288413676479,1.03528668655127,1066200306576.99
2001-09-10,12.9926482011813,2.79566963518288,1.0200837104139,1053849022917.01
2001-09-11,12.0281210513323,2.88258781966291,0.948983390635924,988342322400.015
2001-09-12,12.1635713637831,2.86560679260137,0.95807947982171,999070511323.625
2001-09-13,12.2760443001952,2.82011342037707,0.96617336815291,1006866964728.86
2001-09-14,11.6309469504013,2.97676926837718,0.918913812084196,963298974911.1
2001-09-17,11.8558029278732,2.91970519571503,0.935664728193581,978690542770.933
2001-09-18,11.7407190770746,2.93949196816704,0.926507280809015,970963087630.37
2001-09-19,11.4128566574278,3.02357383068389,0.901751149172792,948426953557.856
2001-09-20,10.8086211888604,3.17339459704572,0.857227371052416,908355067431.57
2001-09-21,10.6866183848723,3.22023443509572,0.844873431554616,893949174588.989
2001-09-24,11.3154807308674,3.00782207680583,0.892706131585885,937923167519.511
2001-09-25,11.2773571814701,3.1118958469977,0.883391410229385,933838861089.171
2001-09-26,11.5103749947629,2.91099141653695,0.902198286064483,952517687862.505
2001-09-27,11.7130149681462,2.91305966801929,0.924528255277515,966693761571.403
2001-09-28,12.1894097236713,2.83525638307243,0.949159298778421,990762598200.148
2001-10-01,12.028977611321,2.86709502146488,0.938654769148402,980729467675.311
2001-10-02,12.2170176961363,2.83420469285872,0.950188289546184,991569133877.196
2001-10-03,12.4740399251591,2.76860756367939,0.970856101140879,1011058871811.59
2001-10-04,12.7700865615521,2.73166746572905,0.985173147988843,924183412236.214
2001-10-05,12.658678375013,2.74993608860981,0.983180589627868,1025282583374.17
2001-10-08,12.644928229407,2.74952134087262,0.982275524413888,1023572071323.58
2001-10-09,12.6006461191806,2.76522900864,0.979202657909532,1020724333713.91
2001-10-10,12.9243760615271,2.6969593236197,1.0042487052833,1044647728405.95
2001-10-11,13.2052154575857,2.6357660114378,1.02563389074373,1064711662323.79
2001-10-12,13.0044836273082,2.68010179607734,1.01134556200778,1051839174199.68
2001-10-15,12.8427326269874,2.71059125156184,0.999737800741891,1041228149300.08
2001-10-16,13.0350973111114,2.67159483352708,1.01450153531015,1054793083288.45
2001-10-17,13.0813226865622,2.66112621230882,1.02271483151238,1065334521716.31
2001-10-18,12.9264623284733,2.68959036233063,1.01126335204502,1055071398576.65
2001-10-19,12.7255458445484,2.71783092013675,1.00153166363057,1045608543507.4
2001-10-22,12.9473900960599,2.6697805719879,1.01820064876092,1061761886968.1
2001-10-23,13.1695481491534,2.62541901075842,1.03517032428377,1077944148402.76
2001-10-24,13.4094770984308,2.58498747456893,1.05309365094429,1094173623208.06
2001-10-25,13.1960844179499,2.60191804325397,1.0371948412706,1093270929558.62
2001-10-26,13.4509854500156,2.57182251609285,1.05609991185306,1111490778753.56
2001-10-29,13.0777912178429,2.66686575388292,1.02811620719051,1085861646221.29
2001-10-30,12.7722299305969,2.69247634624929,1.00323274800324,1061677870492.32
2001-10-31,12.8131698889355,2.68640370083663,1.00597166194394,1066055803249.81
2001-11-01,12.9818633056678,2.64960564270201,1.01909191419473,1076659178356.68
2001-11-02,12.8923382427189,2.66358005227625,1.01376856975375,1072506647859.79
2001-11-05,13.2827387372248,2.58433929096501,1.04323350295591,1100331889432.94
2001-11-06,13.1708807757322,2.61941336567705,1.03617731353993,1094678074864.55
2001-11-07,13.5368151275627,2.55582407698071,1.06090404266097,1116847142439.68
2001-11-08,13.838852025449,2.48401222823056,1.0834162905279,1136708060177.17
2001-11-09,13.6521528758271,2.52611657010138,1.07023327827881,1122470493224.68
2001-11-12,13.4434629180184,2.5458264615502,1.05490231937124,1108380309981.2
2001-11-13,13.7260754485612,2.49117322971366,1.07594007551115,1113967927671.58
2001-11-14,13.7470680850167,2.47539673851072,1.0811658807973,1115854363711.0
2001-11-15,13.8277758243497,2.46758828522723,1.08747781500549,1120851822897.18
2001-11-16,13.9627221300337,2.4489442214013,1.09768215723101,1130003229545.04
2001-11-19,14.2689900172881,2.39784023701923,1.12066439731103,1152172222315.0
2001-11-20,14.0686631545394,2.42849311752321,1.10575283340348,1138048684188.59
2001-11-21,14.046798543857,2.42643105169868,1.10413525551993,1136766875808.29
2001-11-22,14.1491368856619,2.41210995418634,1.11206511422752,1144243604613.03
2001-11-23,14.2085091271867,2.37743262172216,1.11633353977402,1147900764499.46
2001-11-26,14.1195080270426,2.38471006184017,1.10975051832831,1142045541863.41
2001-11-27,13.9943177051779,2.44897308178502,1.10008770712516,1132058452537.01
2001-11-28,13.6346035900922,2.54092502394941,1.07307314152815,1106684179519.52
2001-11-29,13.6991080286743,2.49377533276109,1.07781986906031,1112418002698.18
2001-11-30,13.8257685845986,2.47280302448081,1.08708060218191,1120946043914.05
2001-12-03,13.8039453188087,2.47273629107048,1.08542640081255,1118505543212.33
2001-12-04,13.8860455557222,2.43638223496952,1.09195598404574,1125598985346.92
2001-12-05,14.4466369275745,2.48330048571846,1.13340583803464,1163427186033.63
2001-12-06,14.4564200593347,2.41744657807296,1.1331862578849,1161635682990.34
2001-12-07,14.3044575995013,2.40074818103442,1.1183114126526,1151401794892.11
2001-12-10,14.1294207833955,2.42987242410773,1.1081328993199,1138178130733.98
2001-12-11,14.1891132981778,2.43116094567085,1.11307526376683,1143319707115.12
2001-12-12,13.9958129193631,2.3936236156918,1.09851471811914,1131370204939.68
2001-12-13,13.7659414976064,2.45928112703123,1.08054496736174,1114080740244.5
2001-12-14,13.6243489050683,2.45684536268893,1.07016484778933,1105168105890.95
2001-12-17,13.9840429608808,2.40130673582927,1.09709302992771,1130516629200.85
2001-12-18,13.943252147758,2.41103486243265,1.09409838589865,1128298878530.13
2001-12-19,13.8049505079665,2.41541583682041,1.07860354775743,1118347463217.57
2001-12-20,13.6924206606298,2.37942639361915,1.07052351147935,1110150855219.36
2001-12-21,13.8714139934949,2.35139540588932,1.08297429171573,1120929740192.0
2001-12-24,13.8736194047583,2.34627194385683,1.06915269857714,1122501438687.25
2001-12-25,13.8733790094584,2.34950914559323,1.06913004477172,1122501438687.25
2001-12-26,13.8736441169607,2.35075077200452,1.06915953837061,1122501438687.25
2001-12-27,14.1014482766806,2.2856978228431,1.08557287049266,1138748632614.01
2001-12-28,14.2185268790808,2.25888439952691,1.0991129193876,1145929823919.35
2001-12-31,14.2707658787834,2.25920821495129,1.08965274365648,1122945952549.35
2002-01-01,14.2722762223641,2.26052669183494,1.08965921932075,1122926309206.19
2002-01-02,14.3017157645235,2.25659931822493,1.092159920247,1127620038818.18
2002-01-03,14.4709965936789,2.21177960572942,1.13143335789398,1192889664279.72
2002-01-04,14.5843131008224,2.19057194872576,1.14074342420621,1201595961570.44
2002-01-07,14.5216908830967,2.21320634132305,1.12352712681855,1169527910751.74
2002-01-08,14.5740040564781,2.2067473853908,1.11437408059148,1160956832527.36
2002-01-09,14.8991984159591,2.17894631126068,1.12657746729304,1173737092933.28
2002-01-10,14.7876327857963,2.1968998271932,1.11841100722244,1166327001697.88
2002-01-11,14.7032000954026,2.22257349412997,1.11211312624221,1160464840673.73
2002-01-14,14.2739399753288,2.27934059994668,1.08106534980609,1130992575239.43
2002-01-15,14.2639498872067,2.27107527126506,1.08039063851943,1131207608173.98
2002-01-16,14.0542889124956,2.2979119875542,1.06545665763148,1117203132927.96
2002-01-17,14.4094711508083,2.24327344230338,1.0909346482696,1141138650713.88
2002-01-18,14.3609158023506,2.25644195708949,1.08973511019843,1140453577461.81
2002-01-21,14.2865651530619,2.26445635657177,1.08295868955154,1135188521021.49
2002-01-22,14.2774214586878,2.27386769730219,1.0822941561972,1135580008488.57
2002-01-23,14.5409959870833,2.23337868737377,1.10179752078775,1153864367407.11
2002-01-24,14.5569691996236,2.2363208237855,1.10318084946685,1155454381550.39
2002-01-25,14.531109644092,2.23758993686369,1.10123117846322,1153228401582.44
2002-01-28,14.5322550789482,2.23710829650718,1.09713927847558,1150269533042.51
2002-01-29,14.368524780315,2.28670454257822,1.08521643270206,1139160565396.13
2002-01-30,14.2884972445717,2.27674381450025,1.07904717594078,1132634137763.18
2002-01-31,14.4854874194356,2.24943277457642,1.09372876677705,1146708209257.21
2002-02-01,14.4598608484485,2.25700740860368,1.09146745223613,1145183758331.96
2002-02-04,14.2012821598649,2.28650365524155,1.06842852535221,1124165611049.9
2002-02-05,14.0710984098247,2.239355030374,1.06399934887319,1117974706080.05
2002-02-06,13.7669147618684,2.31790851323199,1.04133199134737,1097384171039.48
2002-02-07,13.8829722244527,2.15501175098459,1.05008071398405,1105600428400.9
2002-02-08,13.8271928460797,2.27374172402119,1.04601410089336,1101716209331.08
2002-02-11,15.2656915658609,2.11892953055726,1.06378183706831,1118625976419.71
2002-02-12,15.134167923812,2.13833795083664,1.0547482402322,1110168700873.38
2002-02-13,15.2446556221383,2.11479161532534,1.06308522124117,1119365791975.25
2002-02-14,15.3778198016971,2.09336413195647,1.06869065304522,1125054960696.26
2002-02-15,15.1161367057049,2.12697415424635,1.05191729284168,1109470435408.73
2002-02-18,15.1225490289621,2.06794321398728,1.05248620894408,1109277867594.28
2002-02-19,14.8744706524929,2.10373991701569,1.03312809183748,1091164626884.27
2002-02-20,14.7885290065864,2.09669720439741,1.03509063057352,1092759913993.22
2002-02-21,14.9402689972143,2.07286482096671,1.04633124425514,1104568934110.41
2002-02-22,14.7130861108912,2.09017464916534,1.03135865695656,1089904419713.58
2002-02-25,14.9594792514056,2.06541971808713,1.05431170044443,1107524439338.71
2002-02-26,15.0396016514639,2.06446382068779,1.0590272611154,1111839555666.31
2002-02-27,15.212893141659,2.02321304580349,1.07063095822637,1123068788395.74
2002-02-28,15.365789822116,2.0209473862627,1.0823349565307,1135172233770.52
2002-03-01,15.5231964369539,1.98349676702742,1.09374638445514,1145203218017.07
2002-03-04,15.8634888197464,1.96785022938155,1.11702152204391,1166987907933.29
2002-03-05,15.8628750274025,1.94519749782816,1.11308585753448,1163163411678.35
2002-03-06,16.0582315006624,2.016438033284,1.12235071854664,1172063681086.46
2002-03-07,16.0765593687338,1.94173738608151,1.1202863752325,1175852507096.09
2002-03-08,16.1926978955439,1.88359965762655,1.13224003582987,1186248147244.76
2002-03-11,16.1514107765145,1.91368530483632,1.1300468667315,1185095200316.52
2002-03-12,15.9664552081237,1.91322521579173,1.11850954986138,1171831603216.23
2002-03-13,15.8681666429493,1.90269402468188,1.11166382792536,1167333318440.75
2002-03-14,14.9260473977673,1.89578005039053,1.11600742923736,1170548261389.93
2002-03-15,15.1471995822596,1.85367789168837,1.10480701591098,1188485283051.42
2002-03-18,15.297082841157,1.85686697887258,0.226542697859053,1192321254072.73
2002-03-19,15.3848537650998,1.69539062024985,0.227733762453185,1196971279958.89
2002-03-20,15.4502779810138,1.77082530879984,0.224973390888295,1183578752860.25
2002-03-21,15.4432743411941,1.76990421037019,0.224801187492769,1184521024314.36
2002-03-22,17.3965884379511,1.76305591652787,0.224988479372638,1185916606034.66
2002-03-25,17.283308813336,1.77573503918516,0.223338365569044,1176979936544.53
2002-03-26,17.4923704109631,1.76294038367587,0.224977982274366,1189054253806.97
2002-03-27,17.368566945089,2.04518570886501,0.223442092844396,1180511235121.42
2002-03-28,17.5293282222469,2.02425676383188,0.225352153219358,1191959123616.82
2002-03-29,17.531197994772,2.00678208440389,0.225356381950963,1191959123616.82
2002-04-01,17.4540996582845,2.02390946779825,1.07309305381092,1194160610304.58
2002-04-02,17.6609061020357,2.03796707548744,1.05889201881745,1178147435997.81
2002-04-03,17.8647736999495,2.04828432364611,1.05468750726817,1173546377389.74
2002-04-05,18.0205026684174,2.0561887111798,1.05372495465037,1173429497666.05
2002-04-08,17.7755620357552,2.11645008238699,1.04056870109871,1160011456674.78
2002-04-09,17.7646973093442,2.11122561633568,1.04031169583127,1159903370341.75
2002-04-10,18.0274526640143,2.04499770443325,1.05372796763118,1173711824544.44
2002-04-11,17.7504701722757,2.07071827100514,1.03581504976152,1157291702042.92
2002-04-12,17.9926495341853,2.08529563527552,1.03913947205501,1161328656444.23
2002-04-15,18.1031801851676,2.06264371796068,1.04765341406958,1168249688726.11
2002-04-16,18.9774750044535,2.02980605620819,1.06362694737832,1184494520915.1
2002-04-17,18.8804473422243,2.0652242664041,1.05833447462834,1180870119419.92
2002-04-18,18.7358124071353,2.04394260747017,1.05027538962958,1172213406346.32
2002-04-19,18.8438300250793,2.03735059242111,1.05217509635019,1175626417342.0
2002-04-22,18.8787308212055,2.06122368465931,1.05334066687893,1164817618868.49
2002-04-23,18.8116796548071,2.04703563097795,1.05161417341717,1163384952041.72
2002-04-24,20.5864930189843,2.06086899783891,1.04620267237267,1157940266334.27
2002-04-26,19.9032530142383,2.11208339358376,1.02253811898808,1133892054481.72
2002-04-29,19.9228765103189,2.11367594294002,1.02223734731348,1132391208140.82
2002-04-30,20.2005930301442,2.1260995032868,1.02751404932071,1137528072540.41
2002-05-01,20.1627607091556,2.09366920180254,1.0282520031839,1137528072540.41
2002-05-02,18.8390412976528,2.12811911729211,1.01633243112273,1126050570753.63
2002-05-03,21.4977878586251,2.1602673732094,1.00342752614699,1112681670765.35
2002-05-06,22.1308822421484,2.15799484651904,0.981083579809194,1112757572648.59
2002-05-07,22.1064474683961,2.16649258166154,0.978179462337866,1109539368264.5
2002-05-08,22.5685087144669,2.18429924159604,1.00181547260579,1133830385900.81
2002-05-09,22.3378732973534,2.2041725307258,0.996765854152861,1125449827793.89
2002-05-10,22.0935337487515,2.24281686146794,0.982656413847049,1111009429677.96
2002-05-13,22.5019360340969,2.21490136066173,0.997158142015781,1125801235919.36
2002-05-14,22.405797992047,2.181228490835,1.00793241676015,1137420252409.78
2002-05-15,22.4447877230323,1.91381458690996,1.01317843567652,1142185810228.55
2002-05-16,22.3613771877868,1.92213739980178,1.01039386325276,1138107108855.15
2002-05-17,21.8338052863636,1.92664254283873,1.00865057040861,1135589543090.87
2002-05-20,21.8640536436557,1.93275665419422,1.00380312679329,1130646673767.21
2002-05-21,21.8014505778188,1.93408820047034,1.0007702105269,1127423700844.11
2002-05-22,20.4345468796452,1.95380195478189,0.989871567110077,1116363973290.73
2002-05-23,20.3249908006566,1.96850651556232,0.981705484095773,1109608593358.06
2002-05-24,20.3783382417738,1.96283577736059,0.983710244781278,1111220630552.34
2002-05-27,20.6609152749049,1.94478296223092,0.992886252947129,1120078708313.02
2002-05-28,20.517293151103,1.95626655383753,0.986878653864514,1113982587434.74
2002-05-29,20.377384358966,1.97081588529139,0.979029382191283,1106115161241.9
2002-05-30,20.1019493607834,2.00852878782249,0.963150905075655,1089915337824.22
2002-05-31,20.2491926787885,1.99092697078094,0.973222811823924,1099269789387.45
2002-06-03,20.0379478153562,1.95810067490924,0.966949251281074,1089006188715.24
2002-06-04,19.6325465503316,2.02158031574732,0.944689695673611,1065975096510.33
2002-06-05,19.6391166320054,2.0272104249702,0.94222379124223,1066079321388.17
2002-06-06,19.7491260377094,2.01525235899115,0.946540049747514,1069831634977.81
2002-06-07,19.6137284558702,2.03352087524029,0.937908870260908,1061154878358.82
2002-06-10,19.5920739591459,2.01695683815716,0.933564747034888,1055791854652.62
2002-06-11,19.6283460473648,2.0113550224879,0.936222419631739,1059079680140.76
2002-06-12,19.3218380367285,2.04711045992328,0.919694465800407,1041427926090.78
2002-06-13,19.144591568832,2.06581086848185,0.912812352565498,1035722262387.04
2002-06-14,18.6071853895602,2.12394792403486,0.881702031521105,1008595400436.97
2002-06-17,19.0952517626018,2.06249418351224,0.907538882780285,1035897047018.55
2002-06-18,18.9541527326609,2.08355851281356,0.899044194947823,1028991837889.8
2002-06-19,18.7471455197357,2.08473001632497,1.32673577444651,1014694943251.89
2002-06-20,18.3522818312143,2.14118892345468,1.30132067872436,996973920843.109
2002-06-21,18.2183413541497,2.17961781003468,1.29596705940143,993624199710.515
2002-06-24,17.1227096883151,2.02989959873792,1.16912746993437,975569367160.841
2002-06-25,17.4267547786087,1.9944066297273,1.18920237505386,988411309360.02
2002-06-26,17.1423023339912,2.0413492394408,1.16844375096168,971652926894.975
2002-06-27,17.6838509325704,1.97153069474342,1.20907575475078,995104419000.213
2002-06-28,18.1681656255322,1.91848610459489,1.24258266564307,1017824560990.05
2002-07-01,17.9879898957702,1.92442292248026,1.23796304705653,1013724358194.87
2002-07-02,17.4177477874872,1.99838587278486,1.19327984027136,986434219026.981
2002-07-03,17.1966280261721,2.02604558972654,1.17779734161623,975648170686.918
2002-07-04,17.599086180071,1.97223851283516,1.20738046518901,992545885966.325
2002-07-05,18.3478399130801,1.8799811123782,1.26468493463544,1028682286405.67
2002-07-08,19.3870968103582,1.8940234656996,1.25512694329336,1021627048974.91
2002-07-09,19.0067774440167,1.91975380696759,1.23628172529538,1011905646654.77
2002-07-10,18.2586257910987,1.99663599746048,1.18930993907551,984643780385.12
2002-07-11,17.8566745104664,2.02721793354525,1.16716221578572,941106472079.909
2002-07-12,18.1674560322512,2.04668543169054,1.17114409899436,943064995958.389
2002-07-15,17.412187613477,2.12789858985933,1.11507221229953,907713713997.86
2002-07-16,17.5919495572639,2.10060502452043,1.12908222717391,916299119582.329
2002-07-17,17.9501014229305,2.04549900121723,1.16555667071914,932755075968.999
2002-07-18,17.9294742918159,2.04093623996772,1.16897881363109,935017859681.467
2002-07-19,17.1003518889043,2.13760372699135,1.11561802768182,903361056337.616
2002-07-22,16.2783576826713,2.24348449726562,1.06266733168228,871216264850.246
2002-07-23,15.6506392613419,2.35009775988386,1.01450490511351,842264372922.91
2002-07-24,15.8172348292043,2.28699618807513,1.04157873221769,856057664354.646
2002-07-25,15.3591399716093,2.34427688859081,1.01550137950545,843649856255.546
2002-07-26,15.6144299649126,2.31672945595001,1.02919337385548,850785869548.736
2002-07-29,16.7549278899627,2.16103136973917,1.10207547303753,894482556484.916
2002-07-30,16.8732888226871,2.1509871229703,1.10712849715072,897542734990.001
2002-07-31,15.8268529638005,2.24105905532447,1.06235018659491,872656856584.15
2002-08-01,16.2134050243947,2.29455818859781,1.03846252913538,857198725635.262
2002-08-02,15.9232992224052,2.33918420693838,1.02002406281526,846195793114.009
2002-08-05,15.0258391981597,2.47040104191574,0.966358760879629,813831786552.264
2002-08-06,15.8840327315798,2.33159887231776,1.02373418004953,847921876412.077
2002-08-07,15.5809597185625,2.38559117440994,1.00053663432017,835277470758.92
2002-08-08,16.4036847257767,2.26703497671708,1.05376583060994,864728650999.381
2002-08-09,16.7385477859833,2.22522313220729,1.07481536034102,875383594714.046
2002-08-12,15.7239535479096,2.2857032336057,1.04636865833684,858293348978.587
2002-08-13,15.8975773481811,2.26641421717461,1.05500478928563,862462534824.785
2002-08-14,15.5397897167702,2.34959306127843,1.0311338724543,848368238368.154
2002-08-15,15.9068770807246,2.27360545845629,1.05181459579479,860520612760.292
2002-08-16,15.792544689007,2.25905110148986,1.05722210202292,866948073940.9
2002-08-19,16.3269148161787,2.18197918217479,1.09706587504542,886360471976.707
2002-08-20,12.4527677632437,2.20765860332419,1.07907055242928,876700189776.066
2002-08-21,12.4410590313695,2.15760997691102,1.10449438083167,890687632768.044
2002-08-22,12.8945844993867,2.14018408970807,1.11425366320776,897866180480.095
2002-08-23,12.6799967392548,2.17605415495629,1.09523435996484,886124873715.928
2002-08-26,12.5230485830006,2.20232693730954,1.08389660926627,878094516787.711
2002-08-27,12.7413697847446,2.1669591701581,1.10117106112663,769572433175.17
2002-08-28,12.540460345963,2.25537541784461,1.05765067380874,748658355391.12
2002-08-29,12.7476480869508,2.27103988490397,1.05125241397306,742927420976.735
2002-08-30,12.9167597573215,2.24469497143043,1.06465549654059,750841995764.633
2002-09-02,12.6257897207323,2.30139982505538,1.00898468883618,734371838425.234
2002-09-03,11.9905001841344,2.43201733028836,0.956296083580366,702825483180.688
2002-09-04,12.0577549394305,2.42027055189033,0.961477416985515,704399494281.708
2002-09-05,11.7733370215581,2.47266264260006,0.942196819725152,691480186585.168
2002-09-06,11.7102363623874,2.38716040768753,0.974976293943128,711242945393.786
2002-09-09,11.2763908581757,2.42440539871221,0.96046282072234,702359173399.326
2002-09-10,11.4579053773982,2.38278587674594,0.976424225606334,711778801515.059
2002-09-11,11.7035923762572,2.32889912793865,0.99895862305067,725594755780.97
2002-09-12,11.212243375028,2.43128069729724,0.958047069019761,699967205107.182
2002-09-13,10.998094513212,2.47934494957607,0.941572069820214,688359664273.896
2002-09-16,10.8592974201448,2.50939741762348,0.929632710377196,679628140291.445
2002-09-17,10.760824006238,2.53265350941058,0.922211342374057,673876546618.397
2002-09-18,10.233021035266,2.65750339348962,0.813725584665183,642839748551.803
2002-09-19,9.97541052421725,2.7474530319745,0.787336027137059,625750769471.353
2002-09-20,10.4969747058937,2.70352564458502,0.800795118912665,635025552997.09
2002-09-23,10.0477271308397,2.832603059866,0.779081717715143,612493724768.776
2002-09-24,9.88243070419298,2.8629730636055,0.766411216306856,603429595847.419
2002-09-25,10.1373498334537,2.78320937864549,0.787658167259563,616346558070.28
2002-09-26,10.4148754997239,2.7269001371149,0.803917299133811,628111002460.633
2002-09-27,10.1261493481587,2.81017631518167,0.78072997624269,614443967084.134
2002-09-30,9.67249243838165,2.96453159161855,0.742819255927441,586470884191.741
2002-10-01,9.93655234510266,2.85970516181012,0.76439473063596,598220425945.833
2002-10-02,10.113742032025,2.81040051745602,0.781118131985481,609245179033.088
2002-10-03,9.79826487663629,2.9180549992423,0.753765265946036,592450990808.988
2002-10-04,9.52347424674564,3.00630630231281,0.730749656493524,580184488697.502
2002-10-07,9.40994128998629,3.06067518137628,0.718304300112719,570353879179.844
2002-10-08,9.27346222439757,3.11003779787834,0.706676369172101,561569177996.917
2002-10-09,9.13232259153941,3.11028872376036,0.699687478898217,557816964827.628
2002-10-10,9.47353929662559,3.0085930223021,0.731153817441042,576742136980.974
2002-10-11,10.0815664885695,2.81746217676162,0.7805747791736,609218707182.761
2002-10-14,9.90375326991087,2.8811696389828,0.762999508509899,599951985175.809
2002-10-15,10.5357518326213,2.69018119314486,0.812959455667851,631822780558.322
2002-10-16,10.4385378018002,2.73551679228142,0.803522612231171,627198529870.471
2002-10-17,10.9676345243659,2.64205716134484,0.843599058230722,653054181367.577
2002-10-18,10.9541187632665,2.64580076913108,0.842103947736498,650901823543.191
2002-10-21,11.2942660492092,2.5610983431254,0.870206841409731,668207812965.941
2002-10-22,10.9253415609276,2.65081775164339,0.915668334075979,655893997603.341
2002-10-23,10.5052811236155,2.76465793908849,0.87789902471841,633236660795.42
2002-10-24,10.7191075986628,2.70425745388775,0.897868125686326,645334987486.483
2002-10-25,10.7409225848582,2.72029168622924,0.900799974469824,646886674984.615
2002-10-28,11.0270609868249,2.64482881909954,0.926270755534239,662433124674.19
2002-10-29,10.4933037944007,2.78394092943086,0.879930878533167,634702190830.735
2002-10-30,10.8406614986819,2.7152050508016,0.90416091302029,647989672657.546
2002-10-31,10.9333290792536,2.67454864916527,0.916198396985943,655578791628.761
2002-11-01,10.9826212342588,2.66622223926961,0.918848266487777,656528523660.321
2002-11-05,11.42964969559,2.53365422779614,0.966912690411122,683241432573.812
2002-11-06,11.2871924895101,2.56995606555805,0.953307706625907,674679880766.903
2002-11-07,10.8652374191719,2.67399143045112,0.916445919496219,652751886834.72
2002-11-08,10.6715485224733,2.73215394305408,0.897128073165066,640581223223.669
2002-11-11,10.5841704529067,2.76203856966574,0.887394590973409,634446338704.461
2002-11-12,10.4472946336118,2.69688208095499,0.906195490539542,644326890517.594
2002-11-13,10.2143493188867,2.74063552930586,0.893430792751843,635596956366.509
2002-11-14,10.311694117326,2.65326210792634,0.923654822465007,652953225316.704
2002-11-15,10.3526261857463,2.65147376774823,0.92456674327464,653085766867.117
2002-11-18,10.395644628592,2.66206778347675,0.93071234495335,656286063098.555
2002-11-19,10.3549402027681,2.64352047422123,0.927649901946239,654208010903.777
2002-11-20,10.3476734729133,2.63923281350182,0.928622661438945,652771977285.216
2002-11-21,10.6205465747305,2.57277902908892,0.952387094556787,666584871501.572
2002-11-22,10.6533132994533,2.5869842142434,0.956391567411216,668896006326.061
2002-11-25,10.5917851582114,2.57653295823815,0.950741452072247,663711775950.489
2002-11-26,10.3685139251498,2.6518653285449,0.923887699201266,651851407705.022
2002-11-27,10.7894005856386,2.54346863171897,0.962811513998467,674223744793.137
2002-11-28,10.5919811321982,2.53308133798288,0.966754762623155,675974864539.54
2002-11-29,10.6523875742384,2.55605177352957,0.958448348592483,672208973138.663
2002-12-02,11.0206453847584,2.5245324112994,0.972536879775492,679007361324.347
2002-12-03,10.8354711209875,2.58828632614391,0.946820322289057,664033072807.485
2002-12-04,11.0460404231026,2.55954569946245,0.957577836067575,670407197647.77
2002-12-05,10.7357088633035,2.62472110165428,0.933561186766728,657032582611.541
2002-12-06,10.6986256780709,2.63890497365565,0.928679372507925,654122374279.369
2002-12-09,10.3129226275726,2.74970130861105,0.891711446654179,632615914380.873
2002-12-10,10.5687334073509,2.67194908614879,0.917186416509926,646789761458.8
2002-12-11,10.6237820789337,2.64850218782788,0.924935819458157,651463044983.448
2002-12-12,10.4093702232899,2.71204363590085,0.903100545525559,638220682948.712
2002-12-13,10.2524098223972,2.74414472330777,0.892384266175533,631489925870.802
2002-12-16,10.5439774532936,2.65110476677008,0.923411193440509,647896173068.059
2002-12-17,10.3833770958597,2.70108805573881,0.906538669274071,637537083918.77
2002-12-18,10.0277350940436,2.86700605941378,0.87702914513118,629278724100.045
2002-12-19,9.85853041045804,2.84779575099419,0.86074991045802,620527348978.383
2002-12-20,9.93296278392381,2.79241956818035,0.877340554065476,629542986990.753
2002-12-23,9.94081538629274,2.79990964654184,0.870089934207633,625430636630.51
2002-12-24,9.94105705066288,2.80036055287427,0.869505716620552,624990903050.15
2002-12-25,9.94121497258602,2.82404401057108,0.869545851114757,624990903050.15
2002-12-26,9.94160334871642,2.80110120030759,0.869644563894057,624990903050.15
2002-12-27,9.51482754005704,2.94037366737628,0.828488695478481,603338429285.512
2002-12-30,9.69357765491623,2.88966325080135,0.844029756354091,612449829536.531
2002-12-31,9.69414335701679,2.88797939811707,0.844042657033623,612449829536.531
2003-01-01,9.69414335701679,2.88942536238008,0.844042657033623,612449829536.531
2003-01-02,10.3161847233652,2.70812603024086,0.899184853622452,643848308586.239
2003-01-03,10.281242481056,2.71432307714163,0.896593512714857,643128204209.721
2003-01-06,10.4250879317231,2.72683297633567,0.912431041844881,652332947584.055
2003-01-07,10.3126208267121,2.71556787860161,0.900342439574707,646079907084.124
2003-01-08,9.94458868391095,2.8147780190692,0.868472247344756,627018795080.464
2003-01-09,10.0571294199399,2.77857917892786,0.880611503508159,634379162543.281
2003-01-10,10.093049451957,2.75370622939937,0.88208731613896,637078124731.359
2003-01-13,10.1288514000781,2.73271216445703,0.88843268427852,640639320534.112
2003-01-14,10.1992333603081,2.70303226043033,0.898943294026736,647139296127.757
2003-01-15,10.0772893856592,2.74038190770196,0.885998401521899,631164618735.052
2003-01-16,10.0996821406827,2.756924457392,0.888509979036761,630988487148.546
2003-01-17,9.73893722201223,2.84899210086093,0.853042825516402,612109688203.084
2003-01-20,9.71300107809325,2.87125045411008,0.846851012005455,608012517150.891
2003-01-21,9.62417440101157,2.89296138440774,0.840763756618745,604880187749.136
2003-01-22,9.39987869103468,2.94500276736939,0.822219517454457,594275850657.808
2003-01-23,9.4462463151412,2.9596669339889,0.82409475405844,594062747185.345
2003-01-24,9.15774453596455,3.07170742868659,0.800056896252715,579921425564.632
2003-01-27,8.93522710931819,3.12627597507199,0.778903542526814,565549492492.589
2003-01-28,9.01831872524451,3.10217933589589,0.784784757361429,568628379567.774
2003-01-29,9.13818318832526,3.06531895174008,0.794168990769334,573144858567.955
2003-01-30,9.15546869229303,3.07812987725698,0.790752425146537,570329254316.495
2003-01-31,9.35510395446008,3.03213326537035,0.806054217832206,579217172562.332
2003-02-03,9.41143195825811,3.01907014126383,0.80808597420594,581035168763.411
2003-02-04,9.06067641422318,3.11421832652715,0.776583932255582,562007751055.384
2003-02-05,9.27746941035352,3.17151584994303,0.799130695076466,575130240796.694
2003-02-06,9.02879594662438,3.25427054917893,0.778924765115272,563382344025.563
2003-02-07,9.46401123923256,3.33911752581695,0.757553346321227,551799140466.891
2003-02-10,9.52800937028431,3.32744350132511,0.752863332976956,553269432300.58
2003-02-11,9.64371132408142,3.27660367738392,0.76406259369542,560355736385.12
2003-02-12,9.40615568950478,3.350012358607,0.753856315359653,552323004697.097
2003-02-13,9.34499149235471,3.37029458520639,0.748923137988111,547676384723.509
2003-02-14,9.6874489491786,3.23501119639358,0.77999305025014,565772177723.683
2003-02-17,9.79547364360191,3.19977980428,0.788892252954615,570751859170.875
2003-02-18,9.91387223077817,3.08753574173076,0.797438597838432,575039968884.904
2003-02-19,9.58204481829987,3.28912924267684,0.767884756669651,558181521231.391
2003-02-20,9.4123939962988,3.32630504226752,0.759560383016692,553558966016.003
2003-02-21,9.63221504478377,3.26080038619497,0.780191119087124,561416435044.412
2003-02-24,9.41587730357444,3.33901493118275,0.760426918030536,549942955256.031
2003-02-25,9.16100652799892,3.43058363076332,0.737169053965199,535822791521.089
2003-02-26,9.00423162952363,3.51535293394031,0.726569995052748,528371474738.489
2003-02-27,9.21269921309683,3.4556370923714,0.743443476188087,537081499880.556
2003-02-28,9.32593408253117,3.27123034521947,0.752637928236677,542678394091.034
2003-03-03,9.37096529438602,3.37746579809878,0.753908876117263,544089593263.189
2003-03-04,9.21567024239695,3.44125011098065,0.739840694783567,535387010042.786
2003-03-05,9.24444637791687,3.48515737877991,0.738364553601554,534168410436.811
2003-03-06,9.83148765876846,3.45002198304781,0.720926959215227,525334529806.788
2003-03-07,9.80200236042131,3.56833826253573,0.71922270986635,523785409099.304
2003-03-10,9.48664152565242,3.71696265879263,0.691588122497769,506260240389.172
2003-03-11,9.34405519669344,3.75553236427151,0.684764325285997,502914824484.574
2003-03-12,8.98300162641718,3.91212549965575,0.657900045717903,487585838445.627
2003-03-13,9.48158489449452,3.5635602753692,0.697379812525644,510132057317.767
2003-03-14,9.64757898237518,3.57377907885831,0.710773598376169,519971438210.748
2003-03-17,10.1560745408171,3.33295140555036,0.733730203712679,532627880946.235
2003-03-18,10.6211785504552,3.35357616219642,0.759991361906874,546652694707.525
2003-03-19,10.8644437626101,3.32050126129034,0.76698461489187,552595531002.063
2003-03-20,10.7024458878616,3.33191655754748,0.764587007966794,551774453883.019
2003-03-21,11.1533131292306,3.28016574666925,0.792003863923149,567135201314.984
2003-03-24,10.3186032073985,3.4705158476558,0.74735472703897,542540961519.676
2003-03-25,10.6049803610766,3.37399810676269,0.770045110766007,554944156173.12
2003-03-26,10.4432449536833,3.43226438495303,0.757448981463391,547275853658.125
2003-03-27,10.4520351339822,3.42547027215959,0.757382262179093,547924300089.186
2003-03-28,10.6326889095757,3.40213009249054,0.757059830180397,538281207351.921
2003-04-02,10.9060334475072,3.06006979464985,0.779341399639402,548986620313.317
2003-04-03,10.8781172986538,3.06446421550485,0.775012837311188,547013195612.844
2003-04-04,11.1897553892816,2.88146309418192,0.798029034408246,560817720825.264
2003-04-07,11.7560016940606,2.82170059477423,0.840996639027715,584556061362.121
2003-04-08,11.5936273901554,2.87504827262766,0.830313206802871,579735894122.671
2003-04-09,11.4364358566505,2.90693899883222,0.822218161448887,575590757944.523
2003-04-10,11.1774208022375,2.95587625046568,0.809691830420263,568317354847.352
2003-04-11,11.3023136790081,2.92013841790684,0.834566468845797,573913373308.023
2003-04-14,11.4419097124285,2.88701251278958,0.850779292266019,579675643942.702
2003-04-15,11.6099185197588,2.75077849249246,0.862449400703887,587589120491.422
2003-04-16,11.5361088335182,2.84609698854027,0.861422666859182,587525450184.477
2003-04-17,11.8025498853854,2.78311397279528,0.919734142348327,597448230560.18
2003-04-18,11.8025498853854,2.69074185568519,0.919734142348327,597448230560.18
2003-04-21,11.8025498853854,2.78313006993984,0.919734142348327,597448230560.18
2003-04-22,12.0289134254783,2.72821270911256,0.937785221901088,607537875060.847
2003-04-23,12.0918056161381,2.71005342275073,0.943493750220183,611462654229.806
2003-04-24,11.4597872112749,2.77731797304096,0.920441908486407,599536147515.045
2003-04-25,11.1943288873154,2.83101142458754,0.900164649258065,591845127905.439
2003-04-28,12.5497699642039,2.72339315949669,0.93045521267541,608767446176.897
2003-04-29,12.4314402557541,2.76236989062583,0.918984291825937,603528288062.4
2003-04-30,11.4813009248858,2.7375677293751,0.941443621120335,616144446289.19
2003-05-01,11.4818659350155,2.73847501253076,0.94155179879064,616144446289.19
2003-05-02,11.5885272521686,2.71800415173738,0.951967964006497,622196587828.311
2003-05-05,11.6897807849405,2.71300345614639,0.960531694145762,626879880204.913
2003-05-06,11.8229922704498,2.6526313049669,0.975135721477902,633805176865.8
2003-05-07,11.8403508073542,2.70312705733244,0.956610850289339,622833672919.531
2003-05-08,11.4815229323823,2.80633080633355,0.922821835985322,604707544864.932
2003-05-09,11.8202662811626,2.74638327718217,0.932010228365237,616503156836.261
2003-05-12,11.7544594463952,2.76543100787296,0.932327764459765,610069780807.84
2003-05-13,11.6218227051897,2.67105893897516,0.924878070697463,607060764204.505
2003-05-14,11.8229411090467,2.76990413185017,0.946687465473528,609727606244.008
2003-05-15,11.9362080477167,2.71868019742042,0.964454144600097,619848054771.531
2003-05-16,13.0879546551257,2.72230186821153,0.971627959767341,619689505306.617
2003-05-19,13.2010659708684,2.86696734236616,0.931586726163746,597772226586.677
2003-05-20,13.1229620236515,2.78736736095638,0.927106760455482,593529163877.505
2003-05-21,13.0550331060196,2.86342692943765,0.924384844849989,593872181164.507
2003-05-22,13.186528840381,2.82443941533104,0.936907182974408,601283174482.652
2003-05-23,13.0335947621762,2.77212431879876,0.92440478189352,594803943937.227
2003-05-26,13.0215715699718,2.74851017026627,0.926033430573584,592100641090.492
2003-05-27,13.2107583837226,2.82096420497839,0.939494163862481,597832608079.522
2003-05-28,13.3533799353678,2.78047722166711,0.951607952991686,605403197739.035
2003-05-29,13.3359511473295,2.8067670400796,0.94870522802246,604687206812.284
2003-05-30,13.6363463398217,2.72581821841955,0.971028182598894,616467739209.185
2003-06-02,13.8269836731909,2.67654249546767,0.996493545314701,629118673550.108
2003-06-03,13.6662072474211,2.62031433090263,0.985049537982306,623295794272.631
2003-06-04,13.8554214170995,2.64884752391292,0.995277419967456,629472727088.843
2003-06-05,13.7228319353623,2.60699546724455,0.984853786796815,623935864306.47
2003-06-06,14.0753811742669,2.60876595078728,1.01015454539326,638425415711.841
2003-06-09,13.9724776324668,2.63711199569214,1.00056789143138,633823791911.92
2003-06-10,14.0908967878925,2.59972746726712,1.01308673813274,639947968400.143
2003-06-11,14.1597475667311,2.57615908024337,1.02283121611228,644831432965.396
2003-06-12,14.2944386965129,2.57080326662101,1.03488983726718,651943324483.531
2003-06-13,14.1860827392472,2.58750762983018,1.02311600643337,644987482171.673
2003-06-16,14.5302915763799,2.51965672491562,1.05063494272015,658800312941.366
2003-06-17,14.6185334885322,2.50439849634749,1.05658239406823,662591045555.774
2003-06-18,14.8266388149643,2.49018389382672,1.06278626337135,666827773467.471
2003-06-19,14.5813701251826,2.53331238228554,1.04569673983027,657843999806.44
2003-06-20,14.5292478759649,2.53868535574023,1.04327680837834,656398870375.987
2003-06-23,14.3662113241417,2.52657955842982,1.03405024859312,647911836330.262
2003-06-24,14.3986945288781,2.50348002599593,1.04236242579119,652303986648.969
2003-06-25,14.3452875444635,2.51782497125741,1.03691244363635,649251418926.089
2003-06-26,14.5053922857818,2.49890344036089,1.05031579338944,655294003967.003
2003-06-27,14.4890664916106,2.50342156466079,1.0476576165474,653236539483.393
2003-06-30,14.5178266425015,2.49626183142182,1.05031529248317,656498396378.124
2003-07-01,14.2202983718188,2.55408577544918,1.02872144598304,644846816591.246
2003-07-02,14.5648473051398,2.48620053337707,1.05709886483482,659379715084.44
2003-07-03,14.6160893706271,2.48292904392137,1.05738486071939,659288271348.065
2003-07-04,14.6093708798426,2.48413785992531,1.05690876334555,659626833694.196
2003-07-07,15.007776842846,2.42067594772308,1.08484861225888,673130298360.696
2003-07-08,15.0708288531159,2.41639145281959,1.09048562927721,674063458467.557
2003-07-09,14.9444954367243,2.42802247598646,1.08378099377347,670104466103.098
2003-07-10,14.7757519510619,2.46401848093941,1.06805220822669,661818045842.881
2003-07-11,14.9600291247521,2.42527686094652,1.08456978107446,670138468231.815
2003-07-14,15.1688946907728,2.37114174532308,1.10609539164059,682058854134.398
2003-07-15,15.1080337454281,2.37631305812089,1.10279198210255,680658630177.399
2003-07-16,15.0956910029911,2.37109747197149,1.10441724056983,680782435741.266
2003-07-17,14.6835983895638,2.41178703920661,1.08729413390778,670143310109.206
2003-07-18,14.7822747223306,2.38732958916024,1.10070833331578,675962843090.544
2003-07-21,14.4787049444767,2.43790966539537,1.07806490275122,663940676961.956
2003-07-22,14.6074955060908,2.41798339763753,1.08684552313086,668221658446.17
2003-07-23,14.5379455799322,2.42908486022602,1.08322743620159,665745760617.687
2003-07-24,14.937706350634,2.3807541656863,1.10580737293944,677423263235.49
2003-07-25,15.7816304772074,2.39115540629831,1.10096916729417,674829364556.494
2003-07-28,16.0604279453255,2.35381470729965,1.11856329437389,683575407608.508
2003-07-29,16.0306601477711,2.34855631158976,1.12072763823729,684241059390.488
2003-07-30,16.1246529317802,2.346629752318,1.12137383215977,684807386232.133
2003-07-31,16.3880535253248,2.31249944285561,1.13918845412876,694342300485.938
2003-08-01,16.2270359713989,2.33671466810826,1.12575697202615,688283453826.058
2003-08-04,16.1322027382923,2.35836009182681,1.11603741350776,683433444450.147
2003-08-05,16.2562731023252,2.34075081263044,1.12535419733501,688247606301.839
2003-08-06,16.1739337155691,2.40667009945744,1.10693994457872,679370817033.074
2003-08-07,16.0342144449536,2.41039678079188,1.09453589085764,673302244172.6
2003-08-08,16.08392558067,2.40672294704385,1.09436127400923,674802181374.578
2003-08-11,16.0740783562339,2.42795628488649,1.09646483185007,676455378790.104
2003-08-12,16.2140281413125,2.37399168008996,1.10969255419087,683285710912.285
2003-08-13,16.3484075681877,2.35924175915525,1.11660452869709,687337751946.356
2003-08-14,16.7800016441955,2.32994879683082,1.13239677653801,694760246589.279
2003-08-15,15.8220739850179,2.27981893288422,1.13035769039555,693867824524.146
2003-08-17,17.27224,2.33626,1.11021,692067504089.846
2003-08-18,16.0678409158417,2.29243757048605,1.14897973988258,703069567475.47
2003-08-19,16.0620628711362,2.29391115509824,1.14836558996178,702770437147.909
2003-08-20,16.48822,2.30137,1.12685,700885138252.762
2003-08-21,16.75449,2.26095,1.17652,712286501781.116
2003-08-22,16.4285746536429,2.45596520304921,1.17846151858823,711629865206.185
2003-08-24,16.65553,2.26808,1.17281,710688740749.461
2003-08-25,16.24773863039,2.29776332973928,1.16369768353964,704126104417.11
2003-08-26,16.0688035489208,2.27321530543407,1.150180755511,697250440774.039
2003-08-27,16.2072059889852,2.29216498445021,1.15878968470225,701249956907.54
2003-08-28,16.3711523649538,2.29938004506931,1.16296940192972,703300385597.492
2003-08-29,16.6658111815337,2.30054209252034,1.16186468562842,702652279535.122
2003-08-31,16.59547,2.29866,1.15636,702597162594.342
2003-09-01,17.03447638386,2.24968401260805,0.532299373527115,714447321561.78
2003-09-02,17.027608316807,2.24963128536123,0.532036874848158,713966160496.796
2003-09-03,17.4016608608842,2.20263415472762,0.543480556692994,727254808526.932
2003-09-04,17.4017488713678,2.19106507519023,0.546053944379775,729646982653.964
2003-09-05,17.1360436651036,2.22489859991781,0.53837158298823,721656710240.856
2003-09-07,17.05564,2.22446,0.53708,721571399178.466
2003-09-08,17.218946287287,2.21066605220382,0.543047976510823,726950356981.095
2003-09-09,16.9399695474487,2.23435450512423,0.536196107377993,719370303732.859
2003-09-10,16.6103346130963,2.27034003492588,0.527822169749046,709785321529.738
2003-09-11,16.7528833176907,2.25071561759722,0.532320066213152,714488775176.19
2003-09-12,16.427194101841,2.28352228022316,0.524873933436631,706833531511.13
2003-09-15,16.4827687159316,2.27451437520917,0.526480891353713,708357141752.555
2003-09-16,16.6664157666863,2.25009793663102,0.532780316998002,715043051891.118
2003-09-17,16.7019852395352,2.28399041614771,0.532658980243723,715374239946.331
2003-09-18,16.8992241204493,2.22247760712735,0.53936360500533,721660526538.298
2003-09-19,16.8257344084034,2.23875092133642,0.535366806822089,717660152768.101
2003-09-22,16.2391158703882,2.32123910512915,0.48570797084931,698197768431.757
2003-09-23,16.0099836663824,2.34947938074045,0.479831518675186,691386926520.045
2003-09-24,15.6020578921873,2.41507046781975,0.466719858946595,675609693826.609
2003-09-25,15.6935578049907,2.40296760167314,0.468910273073277,677920368889.043
2003-09-26,15.6971797604408,2.40698301995964,0.46814117137408,676446594920.224
2003-09-29,15.6624868669788,2.40599785627877,0.46846914887118,677193345607.698
2003-09-30,15.3897088568566,2.45097648542578,0.459833163398492,666715426924.322
2003-10-01,15.7246785505149,2.40159237997965,0.469141588461225,677441597550.334
2003-10-02,15.4682291230564,2.43475969476229,0.462751972363191,670353017435.965
2003-10-03,16.0664255128566,2.32511919922833,0.480896242183128,691958855131.164
2003-10-06,16.0308130013227,2.41099897797256,0.478284220157344,688433187000.558
2003-10-07,15.7639185511869,2.38158369689549,0.471938069133924,680653890988.856
2003-10-08,15.9777758955835,2.35588055955911,0.47700204716801,687023272822.168
2003-10-09,16.3174682364395,2.3013751280165,0.488473461267252,700786485324.61
2003-10-10,16.2469882933828,2.25294040147462,0.487322135785392,699617531056.863
2003-10-13,16.49643291729,2.26427071323832,0.496331450029088,710778908189.9
2003-10-14,16.4989131551978,2.26490448591126,0.496000327452108,711939683314.529
2003-10-15,16.6352139795042,2.24513310610043,0.500682716008596,717644895233.781
2003-10-16,16.6189512574982,2.24213309034078,0.501745904833511,718738741315.329
2003-10-17,16.3971525032531,2.27423177559676,0.494174427706154,710147208946.368
2003-10-20,16.5058582340285,2.24893912713476,0.498593834356518,709881445213.301
2003-10-21,16.5445965125557,2.23613313254506,0.501466615720085,713620803504.648
2003-10-22,16.2239898746682,2.28807215070934,0.490250533616642,700694710325.845
2003-10-23,16.2349538937692,2.28719401644511,0.490360767767381,699714787524.783
2003-10-24,16.0614715604337,2.31301268841051,0.484860059652316,693338935451.594
2003-10-27,16.2020185046325,2.27015391961327,0.493730202893086,704457175336.149
2003-10-28,16.410672988358,2.23492374186556,0.501592299282611,713112484201.013
2003-10-29,16.4440022947881,2.21349629623989,0.505346183142212,717452314168.155
2003-10-30,16.5979372208972,2.20305538758822,0.508820817173543,721930238424.429
2003-10-31,16.71227,2.19213,0.51153,725178174923.99
2003-11-03,17.23246,2.14162,0.52337,739889646628.009
2003-11-04,17.26947,2.14377,0.52281,739162007838.964
2003-11-05,17.19671,2.15879,0.51917,735031427489.492
2003-11-06,17.24355,2.1509,0.52108,737379212900.146
2003-11-07,17.75864,2.12514,0.52801,746919491744.393
2003-11-10,17.61614,2.14431,0.52408,744431203195.719
2003-11-11,17.56849,2.15438,0.52163,741050626154.83
2003-11-12,17.69124,2.14437,0.52412,743566698499.52
2003-11-13,18.61229,2.13526,0.52633,746142777761.551
2003-11-14,20.32539,2.09363,0.53036,751576319463.196
2003-11-17,19.71511,2.15871,0.51437,732311747017.446
2003-11-18,18.72416,2.16293,0.51346,732267550938.169
2003-11-19,18.61552,2.17216,0.51117,728944724782.109
2003-11-20,18.56687,2.18068,0.50919,726029724692.406
2003-11-21,18.60106,2.17859,0.50968,726346919872.89
2003-11-24,19.02452,2.12693,0.52201,740804316917.636
2003-11-25,19.04938,2.12591,0.5223,741687373747.622
2003-11-26,18.94198,2.13776,0.51949,738081023751.984
2003-11-27,19.10265,2.12057,0.52369,743136628300.145
2003-11-28,19.08217,2.1203,0.5238,743262505457.56
2003-12-01,19.4362,2.08234,0.53368,755094933932.401
2003-12-02,19.37215,2.08734,0.53243,753628432629.963
2003-12-03,19.64985,2.07156,0.54104,762771237498.886
2003-12-04,19.57019,2.08126,0.54078,761652805275.251
2003-12-05,19.43387,2.09832,0.53671,756424547736.565
2003-12-08,19.26079,2.11656,0.5322,751065464553.778
2003-12-09,19.45012,2.09786,0.53695,756555643171.022
2003-12-10,19.34613,2.11043,0.53374,752433986301.805
2003-12-11,20.39366,2.09226,0.53835,758217826695.132
2003-12-12,20.40171,2.09058,0.53884,758075610943.99
2003-12-15,20.47106,2.08322,0.54064,760183325497.317
2003-12-16,20.43062,2.08931,0.54551,854757233776.101
2003-12-17,20.35422,2.09468,0.54327,851969149665.108
2003-12-18,20.4673,2.08299,0.54628,853990338887.938
2003-12-19,20.56849,2.07173,0.54924,857300740148.06
2003-12-22,20.377,2.07771,0.55125,853667996634.435
2003-12-23,20.50303,2.06462,0.55475,860174318195.069
2003-12-24,20.50374,2.06462,0.55476,860175197562.388
2003-12-25,20.50371,2.06462,0.55476,860175197562.388
2003-12-26,20.50347,2.06462,0.55476,860175197562.388
2003-12-29,20.7515,2.04059,0.5613,869534857052.622
2003-12-30,20.83232,2.03463,0.56296,871614216422.014
2003-12-31,20.83272,2.03463,0.56296,871614216422.014
2004-01-01,20.83216,2.03346,0.56297,871614216422.014
2004-01-02,21.10075,2.00587,0.57066,884940895440.019
2004-01-05,21.21132,1.99683,0.56655,785777339759.184
2004-01-06,21.21003,1.99804,0.56622,785431892015.213
2004-01-07,21.02575,2.01196,0.56229,781554728703.262
2004-01-08,21.25157,1.99279,0.56773,788498442196.462
2004-01-09,21.1153,2.00513,0.56427,784102721382.346
2004-01-12,21.04156,2.014,0.5617,781217144112.356
2004-01-13,21.04377,2.01269,0.56208,781589594617.885
2004-01-14,21.351,1.98574,0.56859,790522455081.863
2004-01-15,21.351,,0.56859,790522455081.863
2004-01-16,21.351,,0.56859,790522455081.863
2004-01-19,21.351,,0.56859,790522455081.863
2004-01-20,21.351,,0.56859,790522455081.863
2004-01-21,21.74779,1.94624,0.57957,801188302400.104
2004-01-22,21.61864,1.94404,0.58032,802979227888.015
2004-01-23,21.61864,,0.58032,802979227888.015
2004-01-26,21.61864,,0.58032,802979227888.015
2004-01-27,21.50984,1.95091,0.57923,804712663620.706
2004-01-28,21.50984,,0.57923,804712663620.706
2004-01-29,21.50984,,0.57923,804712663620.706
2004-01-30,21.50984,,0.57923,804712663620.706
2004-02-02,21.50984,,0.57923,804712663620.706
2004-02-03,21.50984,,0.57923,804712663620.706
2004-02-04,21.50984,,0.57923,804712663620.706
2004-02-05,21.50984,,0.57923,804712663620.706
2004-02-06,21.66158,2.01493,0.56823,790314389701.186
2004-02-09,21.94287,1.99017,0.57533,798330947688.606
2004-02-10,22.00419,1.98464,0.57691,800375892112.863
2004-02-11,22.08213,1.97915,0.57852,802772672071.358
2004-02-12,22.10434,1.97975,0.57873,803193202289.356
2004-02-13,21.7944,2.00657,0.57099,794311062975.308
2004-02-16,21.87849,1.99794,0.5728,797246543738.768
2004-02-17,22.00165,1.98559,0.57635,802200831660.4
2004-02-18,21.91454,1.96684,0.57605,801886111045.886
2004-02-19,22.15371,1.94739,0.58184,808946587896.366
2004-02-20,22.15371,,0.58184,808946587896.366
2004-02-23,22.15371,,0.58184,808946587896.366
2004-02-24,21.39789,2.01081,0.56304,786594535531.541
2004-02-25,21.39789,,0.56304,786594535531.541
2004-02-26,21.73455,1.97499,0.56655,789990616739.822
2004-02-27,21.81168,1.97076,0.56776,792592548820.915
2004-03-01,22.02916,1.95382,0.57269,798898421563.578
2004-03-02,22.2121,1.93339,0.57851,806016031942.241
2004-03-03,22.06502,1.94621,0.5747,801916259822.035
2004-03-04,22.33088,1.92293,0.58256,809804533550.754
2004-03-05,22.30106,1.92375,0.58209,809907498314.695
2004-03-08,22.41468,1.91427,0.58496,813982141109.843
2004-03-09,22.22046,1.94655,0.57685,804449331252.938
2004-03-10,20.43179,1.99943,0.57087,796786512212.764
2004-03-11,19.74364,2.0692,0.55152,773463000799.022
2004-03-12,19.81451,2.01263,0.55318,776466568861.847
2004-03-15,19.33142,2.06445,0.53914,759253236903.154
2004-03-16,19.38735,2.06411,0.53781,759024954707.558
2004-03-17,19.71897,2.03714,0.54794,772013632116.716
2004-03-18,17.70074,2.07283,0.539,762014350849.952
2004-03-19,17.65493,2.0778,0.53835,760958860077.871
2004-03-22,17.24332,2.12853,0.52912,744966820389.384
2004-03-23,17.24519,2.1183,0.44835,745124427238.191
2004-03-24,17.22501,2.11821,0.44833,745316659098.96
2004-03-25,17.60554,2.08528,0.45824,759274480144.403
2004-03-26,17.64469,2.08001,0.45977,761667038243.771
2004-03-29,18.09177,2.03828,0.46621,771456642961.356
2004-03-30,17.96402,2.04415,0.46618,770007020515.176
2004-03-31,18.0356,2.05124,0.46505,768307715847.457
2004-04-01,18.36123,2.011,0.47289,779094619809.028
2004-04-02,18.70657,1.97281,0.48198,792201593543.154
2004-04-05,18.8962,1.95302,0.48659,798568678438.466
2004-04-06,18.78684,1.96453,0.48442,797886373023.389
2004-04-07,18.68458,1.97319,0.48232,794546312689.079
2004-04-08,18.73887,1.97785,0.48475,795517381543.598
2004-04-09,18.73892,1.97785,0.48475,795517381543.598
2004-04-12,18.73887,1.97785,0.4848,795517381543.598
2004-04-13,18.9873,1.95249,0.49111,803162975062.538
2004-04-14,18.73024,1.9795,0.48489,793910516640.812
2004-04-15,18.7144,1.98363,0.48401,792360287093.208
2004-04-16,18.83615,1.9736,0.48704,796398938789.316
2004-04-19,18.80343,1.97708,0.48452,795258636057.883
2004-04-20,18.96628,1.95789,0.48872,800694949956.38
2004-04-21,19.2248,1.9734,0.48503,795466738532.652
2004-04-22,19.66061,1.95902,0.48866,801281772194.554
2004-04-23,19.8498,1.94054,0.49328,808738818682.074
2004-04-26,19.93165,1.9208,0.49679,815187463498.615
2004-04-27,19.9506,1.91824,0.49754,816857732021.281
2004-04-28,19.14323,1.94887,0.48965,806135917493.591
2004-04-29,18.68734,1.97941,0.48256,795347328221.719
2004-04-30,17.84473,1.99421,0.48013,792278715933.602
2004-05-03,17.96128,1.9847,0.48275,795358109280.803
2004-05-04,17.88952,1.99144,0.4812,793636036575.852
2004-05-05,17.97778,1.97834,0.48437,797681397711.737
2004-05-06,17.4678,2.03443,0.47132,779255606079.166
2004-05-07,17.38685,2.04294,0.46956,776294427545.589
2004-05-10,16.89846,2.10425,0.45593,757137377796.782
2004-05-11,16.95026,2.07088,0.46343,760247147159.657
2004-05-12,16.66731,2.10546,0.45568,750188373923.356
2004-05-13,16.17011,2.07994,0.46127,756552972500.931
2004-05-14,15.2222,2.09213,0.45879,753242668180.154
2004-05-17,14.99629,2.12251,0.45228,743901873212.559
2004-05-18,15.16471,2.06307,0.46613,765293610486.383
2004-05-20,15.29202,2.07827,0.46272,760627388001.274
2004-05-21,15.2978,2.08051,0.46259,760606527854.629
2004-05-24,15.44213,2.06206,0.4667,766374773381.205
2004-05-25,15.30201,2.08214,0.46229,760425042147.559
2004-05-26,15.44814,2.06178,0.46684,766753323556.024
2004-05-27,15.59362,2.04091,0.47181,773146153752.176
2004-05-28,16.60003,2.04523,0.47111,772965145135.065
2004-05-31,16.68815,2.03539,0.47345,776302213879.336
2004-06-01,16.4621,2.06297,0.46713,767391970955.59
2004-06-02,16.5474,2.05189,0.46962,770279136916.911
2004-06-03,17.0441,2.04337,0.47232,772736500768.816
2004-06-04,17.23835,2.0211,0.47758,779538768678.338
2004-06-07,17.47701,1.99577,0.48376,787746261271.932
2004-06-08,17.49159,1.99483,0.48392,788431112451.731
2004-06-09,17.40983,2.00501,0.48156,785720349666.624
2004-06-10,17.49678,1.99461,0.48416,789688276937.502
2004-06-11,17.46224,1.99797,0.48331,788114909635.218
2004-06-14,17.21558,2.02649,0.47617,778396078093.599
2004-06-15,17.36216,2.00921,0.48031,783936500119.426
2004-06-16,17.42356,2.00086,0.48241,787052861766.575
2004-06-17,17.35685,2.00846,0.48078,785269700948.273
2004-06-18,17.40788,2.00282,0.48217,787005912293.731
2004-06-21,17.45864,1.97217,0.47782,785610898832.607
2004-06-22,17.22683,1.99896,,776882929617.291
2004-06-23,17.30025,1.99152,1.28893,779629091563.844
2004-06-24,17.5232,1.96446,1.30554,793957165505.531
2004-06-25,17.54444,1.96216,1.30738,794743698585.22
2004-06-28,17.77041,1.93719,1.3244,803542821577.039
2004-06-29,17.77751,1.93612,1.32503,804514910124.744
2004-06-30,17.70884,1.95347,1.32183,802705983276.637
2004-07-01,17.64599,1.96104,1.31683,800234014637.032
2004-07-02,17.50197,1.97862,1.30609,795047784933.204
2004-07-05,17.48648,1.98044,1.30587,794812017583.229
2004-07-06,17.27716,2.00504,1.28995,786378874256.804
2004-07-07,17.22582,2.01119,1.2861,784741179024.422
2004-07-08,17.23925,2.00965,1.2872,784412353657.142
2004-07-09,17.20267,2.0146,1.2839,782861551198.221
2004-07-12,17.06134,2.0312,1.27346,777322836328.193
2004-07-13,17.11097,2.02682,1.27661,778531369524.254
2004-07-14,17.08006,2.03012,1.27453,777470739987.35
2004-07-15,16.87593,2.05441,1.25944,770204250168.196
2004-07-16,16.86594,2.05348,1.25959,770752242050.944
2004-07-19,16.73396,2.06986,1.24954,765363467641.351
2004-07-20,16.79843,2.0576,1.25688,768768497601.865
2004-07-21,16.96304,2.03701,1.26965,774531105412.187
2004-07-22,16.63651,2.07534,1.2472,762940479410.908
2004-07-23,16.6393,2.07711,1.24607,762739199789.782
2004-07-26,16.44709,2.10013,1.23249,755555277447.793
2004-07-27,16.70497,2.07012,1.25027,764720488623.88
2004-07-28,16.69348,2.07159,1.24932,765134428498.544
2004-07-29,16.67666,2.03344,1.2727,776315563902.121
2004-07-30,16.52004,2.03102,1.27493,777467057624.942
2004-08-02,16.40946,2.04713,1.26478,771638409345.427
2004-08-03,16.47154,2.04012,1.26913,774120587963.281
2004-08-04,15.94556,2.06883,1.25142,762036400112.618
2004-08-05,15.97098,2.06508,1.25363,762892356632.754
2004-08-06,15.08258,2.1193,1.22168,746623612763.174
2004-08-09,14.81997,2.14632,1.20509,736626122996.417
2004-08-10,14.94263,2.12884,1.21499,741462068848.099
2004-08-12,14.26655,2.16307,1.19575,730693397813.315
2004-08-13,14.23328,2.16886,1.19269,729561014903.462
2004-08-16,14.50978,2.13995,1.20516,736241851062.694
2004-08-17,14.5492,2.13408,1.20855,738335407796.239
2004-08-18,14.6202,2.12334,1.21459,742231814594.994
2004-08-19,14.603,2.12517,1.21379,742701236497.405
2004-08-20,14.56335,2.13101,1.2105,741035273621.774
2004-08-23,14.7767,2.10056,1.22797,750968631919.738
2004-08-24,14.76761,2.10011,1.22799,751346963151.016
2004-08-25,14.83454,2.09166,1.23294,753209247658.718
2004-08-26,14.98536,2.07415,1.24573,760129139591.535
2004-08-27,15.04895,2.06488,1.25124,762366168151.036
2004-08-30,15.00997,2.07081,1.24777,759819200488.258
2004-08-31,14.82804,2.09761,1.23202,751586550916.542
2004-09-01,14.94958,2.07816,1.24121,755419023066.454
2004-09-02,15.00892,2.06992,1.2461,758745217743.249
2004-09-03,15.12735,2.05418,1.25547,763260459377.128
2004-09-06,15.19937,2.04338,1.26216,766933964951.838
2004-09-07,15.2084,2.04065,1.26398,768770675164.983
2004-09-08,15.18281,2.0436,1.26225,767924170809.904
2004-09-09,15.07314,2.05925,1.25271,763108167854.971
2004-09-10,15.2021,2.04186,1.26337,768313168018.846
2004-09-13,15.43643,2.00911,1.28389,778894150478.979
2004-09-14,15.41069,2.01187,1.28215,777775027917.945
2004-09-15,15.3742,2.01543,1.28003,776594982107.696
2004-09-16,15.4535,2.00454,1.2871,779899634392.695
2004-09-17,15.5671,1.99286,1.29458,784101582338.106
2004-09-20,15.46018,2.00543,1.29307,782031703754.793
2004-09-21,15.50607,1.99878,1.29745,783494413454.399
2004-09-22,15.34783,2.02031,1.28371,776907532253.74
2004-09-23,15.21513,2.03817,1.27143,771337564361.52
2004-09-24,15.21999,2.03594,1.27281,772433298396.281
2004-09-27,15.08618,2.05426,1.26133,766450879077.997
2004-09-28,15.10539,2.0487,1.26407,767883312718.736
2004-09-29,15.23743,2.03019,1.27558,773562071454.101
2004-09-30,15.14413,2.04365,1.26815,769677458542.894
2004-10-01,15.50412,1.99612,1.29823,785188276051.29
2004-10-04,15.64847,1.97515,1.30985,787299507586.163
2004-10-05,15.69755,1.96846,1.31429,788633663754.059
2004-10-06,15.71116,1.96789,1.31465,788790248842.349
2004-10-07,15.68746,1.97074,1.31274,787848610831.698
2004-10-08,15.59649,1.98297,1.30491,782985481383.882
2004-10-11,15.60303,1.98176,1.30555,782768045776.225
2004-10-13,15.44486,2.00041,1.29343,776726178346.704
2004-10-14,15.3226,2.01698,1.28287,771491481261.801
2004-10-15,15.26715,2.02621,1.27773,768896907478.58
2004-10-18,15.23836,2.02929,1.27513,767203394503.836
2004-10-19,15.41846,2.00623,1.28986,774728074417.739
2004-10-20,15.23398,2.03069,1.2745,767644943033.639
2004-10-21,15.27907,2.02077,1.2806,771153267465.169
2004-10-22,15.28086,2.02007,1.28111,771459963322.646
2004-10-25,14.98291,2.06016,1.2636,763737691910.128
2004-10-26,15.02218,2.0562,1.26607,765029938939.929
2004-10-27,15.2685,2.02409,1.28614,778272002312.836
2004-10-28,14.41035,2.00965,1.29534,779872872263.424
2004-10-29,14.30924,2.01204,1.29497,779989783367.101
2004-11-01,14.4758,1.98718,1.3112,786068364046.151
2004-11-02,14.55316,1.97518,1.31911,789985396640.838
2004-11-03,14.48864,1.9744,1.31978,789842038066.548
2004-11-04,14.49025,1.97392,1.32029,790172068202.469
2004-11-05,14.56685,1.96308,1.32777,796248451138.476
2004-11-08,14.52339,1.96655,1.32976,797580013496.715
2004-11-09,14.84713,1.96819,1.32873,797173046391.171
2004-11-10,14.91142,1.95702,1.33636,801812326286.178
2004-11-11,14.46167,1.93936,1.34831,808969724235.52
2004-11-12,14.41594,1.93537,1.34974,810369417218.313
2004-11-15,14.39466,1.93823,1.33772,809756412234.404
2004-11-16,14.33775,1.94627,1.33221,807055717661.423
2004-11-17,14.54997,1.91818,1.35185,817022803814.914
2004-11-18,14.52776,1.91935,1.35101,816934041305.855
2004-11-19,14.39757,1.96047,1.33907,810721019629.842
2004-11-22,14.35514,1.96637,1.33536,808817150391.438
2004-11-23,14.32356,1.97036,1.33281,807596647297.968
2004-11-24,14.36331,1.96499,1.33653,808992728521.594
2004-11-25,14.46561,1.95084,1.3463,813733856406.564
2004-11-26,14.45137,1.95326,1.34472,812927362215.056
2004-11-29,14.43165,1.95513,1.34341,812922097572.947
2004-11-30,14.36696,1.96353,1.33734,810355777006.676
2004-12-01,14.48344,1.93866,1.35444,818481808943.302
2004-12-02,14.58626,1.92491,1.36403,824045051062.509
2004-12-03,14.57136,1.92725,1.36301,823203410120.346
2004-12-06,14.51052,1.93528,1.35564,820392321890.353
2004-12-07,14.57466,1.92721,1.36138,823803031917.893
2004-12-08,14.5217,1.93173,1.35822,822130529593.866
2004-12-09,14.35944,1.96202,1.34255,814307216505.313
2004-12-10,14.43667,1.95172,1.34957,817745333119.84
2004-12-13,14.57596,1.93335,1.36169,823520630143.114
2004-12-14,14.61355,1.92816,1.36621,825785365109.596
2004-12-15,14.56039,1.93418,1.36204,824196510034.653
2004-12-16,14.62085,1.92894,1.36799,827849885094.564
2004-12-17,14.46613,1.94961,1.35356,820901594634.302
2004-12-20,14.612,1.92968,1.36706,825178841877.782
2004-12-21,14.6303,1.92819,1.36812,825967993197.63
2004-12-22,14.71723,1.91715,1.37616,830232987809.822
2004-12-23,14.75317,1.9129,1.3773,831831181236.114
2004-12-24,14.75329,1.9129,1.37732,831831181236.114
2004-12-27,14.70441,1.91937,1.3728,829464295908.095
2004-12-28,14.79177,1.90922,1.38006,833161069118.486
2004-12-29,14.74753,1.91546,1.37555,831152670196.999
2004-12-30,14.78119,1.91114,1.37868,832554123938.498
2004-12-31,14.78074,1.91115,1.37889,832657328532.258
2005-01-03,14.90803,1.89514,1.39035,838910684477.406
2005-01-04,14.92117,1.89358,1.39136,840268665180.909
2005-01-05,14.8322,1.90664,1.38191,835507572227.202
2005-01-06,14.96868,1.8897,1.39378,840943379506.623
2005-01-07,15.02548,1.88211,1.39921,844155363763.187
2005-01-10,14.99071,1.88494,1.39683,842996722145.835
2005-01-11,14.82137,1.90499,1.37931,831934727764.551
2005-01-12,14.66179,1.92526,1.36491,824393239278.146
2005-01-13,14.66606,1.92295,1.36658,826139959430.833
2005-01-14,14.73497,1.91351,1.37326,829813555462.126
2005-01-17,14.77433,1.9069,1.37755,832524951859.754
2005-01-18,14.79046,1.90418,1.37816,833728903159.43
2005-01-19,14.78547,1.90939,1.37707,833305203403.285
2005-01-20,14.70095,1.92191,1.3693,829563826658.379
2005-01-21,14.67498,1.9238,1.36813,829100589337.003
2005-01-24,14.6062,1.92979,1.36432,827064506886.855
2005-01-25,14.72536,1.91504,1.37378,832768383435.3
2005-01-26,14.62754,1.92379,1.36808,830694806055.8
2005-01-27,14.53474,1.92358,1.36822,830420645604.619
2005-01-28,14.45544,1.93556,1.36388,828542326716.82
2005-01-31,14.61192,1.91634,1.37756,835806046331.856
2005-02-01,14.68622,1.90565,1.38532,840604940708.248
2005-02-02,14.74562,1.89744,1.39143,843904058648.576
2005-02-03,14.86077,1.9241,1.38742,842059523595.82
2005-02-04,15.04779,1.90044,1.40478,850801115942.676
2005-02-07,15.09328,1.88981,1.41148,855034666373.538
2005-02-08,15.11666,1.88698,1.4136,856220573578.742
2005-02-09,15.04999,1.89508,1.40827,850978879431.007
2005-02-10,15.29566,1.90078,1.40407,848427584938.05
2005-02-11,15.45987,1.88274,1.41879,856392163527.723
2005-02-14,15.38369,1.88375,1.41885,856634571565.419
2005-02-15,15.3761,1.9236,1.42372,858947131048.015
2005-02-16,15.27196,1.93911,1.41441,854397377735.659
2005-02-17,15.23513,1.93946,1.41555,854934550506.683
2005-02-24,14.63752,1.99023,1.37037,846298825120.522
2005-02-25,14.78351,1.97288,1.38632,853529429119.797
2005-02-28,14.76777,1.97736,1.3879,854883476964.136
2005-03-01,14.85585,1.99308,1.39719,859437350126.83
2005-03-02,14.91683,1.99723,1.39951,861008100438.924
2005-03-03,14.81439,2.28513,1.39394,857536866377.396
2005-03-04,14.9661,2.26255,1.40768,863564895150.442
2005-03-07,14.98289,2.25968,1.40901,864542315931.785
2005-03-08,14.92332,2.27504,1.40246,860424394526.462
2005-03-09,14.76381,2.31616,1.3961,857048114726.27
2005-03-10,15.01736,2.33712,1.37264,854818155912.558
2005-03-11,15.0834,2.33062,1.37782,857673859569.612
2005-03-14,15.09343,2.32959,1.37863,857502302414.403
2005-03-15,15.45392,2.3336,1.37141,860277886020.998
2005-03-16,15.21113,2.37378,1.34275,848166271899.328
2005-03-17,15.58895,2.39104,1.33161,849075082596.935
2005-03-18,15.66366,2.39256,1.34095,852077904281.534
2005-03-21,15.5228,2.40928,1.33015,847965103292.555
2005-03-22,15.56035,2.39899,1.33169,851896660876.33
2005-03-23,15.36637,2.4033,1.3254,850914901749.564
2005-03-24,15.40684,2.39216,1.33933,854878035528.952
2005-03-25,15.40695,2.39216,1.33934,854878035528.952
2005-03-28,15.40664,2.39216,1.33937,854877912719.052
2005-03-29,15.4052,2.38885,1.34038,856320780354.414
2005-03-30,15.33358,2.38715,1.34015,856355041472.956
2005-03-31,15.28145,2.38577,1.33801,857354732099.282
2005-04-01,15.37444,2.37118,1.34598,861523574728.117
2005-04-04,15.26858,2.39843,1.33636,856847367345.609
2005-04-05,15.34249,2.38703,1.34279,860541690234.822
2005-04-06,15.40498,2.38307,1.34728,862732306106.756
2005-04-07,15.39469,2.3839,1.34547,862685275368.631
2005-04-08,15.43777,2.3779,1.35792,868314063816.506
2005-04-11,15.42226,2.42253,1.35667,867555351551.992
2005-04-12,15.36011,2.42434,1.34962,864365496698.607
2005-04-13,15.38679,2.40752,1.35921,870069194118.222
2005-04-14,15.36642,2.41186,1.35405,869220563728.749
2005-04-15,15.041,2.46425,1.32536,854052263585.091
2005-04-18,14.65743,2.52873,1.29298,834861625147.588
2005-04-19,14.67618,2.52586,1.29488,835399933936.763
2005-04-20,14.6126,2.53795,1.28883,832685457980.85
2005-04-21,14.64828,2.53264,1.28772,834562630206.129
2005-04-22,14.7282,2.51822,1.29497,837784148919.099
2005-04-25,14.80502,2.50694,1.30141,841531531851.015
2005-04-26,14.76607,2.52087,1.29834,838950236363.981
2005-04-27,14.72407,2.55751,1.28277,830312570638.624
2005-04-28,14.43161,2.57766,1.27554,825903022630.252
2005-04-29,14.4024,2.58052,1.27438,825661478865.133
2005-05-02,14.5088,2.55835,1.28434,829465257528.651
2005-05-03,14.47421,2.54602,1.2907,832148870202.685
2005-05-04,14.50243,2.53466,1.29581,835171411511.381
2005-05-05,14.59727,2.51878,1.30757,841634549836.085
2005-05-06,14.66131,2.51205,1.30939,844065580912.64
2005-05-09,14.55375,2.5195,1.30559,842093079577.752
2005-05-10,14.3397,2.53976,1.29527,836782377958.09
2005-05-11,14.38998,2.54229,1.29424,834098257879.15
2005-05-12,14.24347,2.52937,1.2994,837937105606.493
2005-05-13,13.84341,2.52865,1.29974,837718552809.653
2005-05-16,13.7991,2.53592,1.296,836504213279.472
2005-05-17,13.76127,2.54236,1.29258,834139011051.652
2005-05-18,13.97824,2.50315,1.31587,845044459753.326
2005-05-19,14.05715,2.48874,1.32757,850731415480.849
2005-05-20,14.05815,2.4881,1.32357,849942434603.834
2005-05-23,14.18868,2.46571,1.33562,856105062743.416
2005-05-24,14.16622,2.47074,1.3325,854571488522.394
2005-05-25,14.14135,2.4744,1.33187,854253519989.688
2005-05-26,14.26454,2.45093,1.34477,860857397407.537
2005-05-27,14.29278,2.44635,1.34736,862006770255.52
2005-05-30,14.40288,2.4272,1.35829,868714445400.028
2005-05-31,14.34946,2.43598,1.35327,865610211832.071
2005-06-01,14.55601,2.40317,1.36974,875432079797.364
2005-06-02,14.57462,2.40095,1.37112,875862369476.535
2005-06-03,14.51748,2.39815,1.36571,874084257299.769
2005-06-06,14.4755,2.40503,1.3619,873150355541.879
2005-06-07,14.69721,2.37307,1.38047,883586350814.466
2005-06-08,14.67114,2.37684,1.37971,882417447423.412
2005-06-09,14.68889,2.37381,1.38229,884226117723.337
2005-06-10,14.7717,2.36062,1.38978,888787741052.958
2005-06-13,14.80983,2.35069,1.39567,891963384845.808
2005-06-14,14.80034,2.35269,1.39415,891363107075.489
2005-06-15,14.65159,2.37289,1.38296,885781217529.101
2005-06-16,14.74973,2.35676,1.39249,891110505822.648
2005-06-17,14.89019,2.32653,1.41107,895120803641.404
2005-06-20,14.82082,2.33648,1.40502,892606971269.682
2005-06-21,14.88343,2.32652,1.41115,895944274336.664
2005-06-22,14.91157,2.3217,1.41482,897864621002.455
2005-06-23,14.9455,2.31782,1.41661,899411596130.278
2005-06-24,14.77176,2.34565,1.40293,889725709447.976
2005-06-27,14.62757,2.36767,1.39139,883998228888.782
2005-06-28,14.73789,2.34984,1.40183,890282227360.294
2005-06-29,14.82702,2.33624,1.41042,895145829715.172
2005-06-30,14.84666,2.33507,1.41139,896325534611.518
2005-07-01,15.00845,2.31271,1.41986,897244765773.347
2005-07-04,15.03538,2.30819,1.42276,898838849482.265
2005-07-05,14.97694,2.31703,1.41738,896355480146.988
2005-07-06,14.95454,2.3182,1.42146,902857775581.699
2005-07-07,14.70145,2.35795,1.39752,889953530799.974
2005-07-08,14.92038,2.32362,1.4184,901855799918.278
2005-07-11,15.12951,2.29144,1.438,913140995734.286
2005-07-12,15.08538,2.2927,1.43522,877563539814.096
2005-07-13,15.16334,2.28538,1.44251,881917129412.02
2005-07-14,15.22386,2.27673,1.4479,884814305115.966
2005-07-15,15.26991,2.27018,1.45191,887120992512.687
2005-07-18,15.29435,2.26714,1.45554,888387570344.711
2005-07-19,15.44926,2.2449,1.47013,896773322744.148
2005-07-20,15.49688,2.24034,1.47447,899036035145.002
2005-07-21,15.61714,2.22184,1.48693,905304298865.78
2005-07-22,15.62115,2.2191,1.48939,906822755102.085
2005-07-25,15.64314,2.21626,1.4913,907672688585.28
2005-07-26,15.56723,2.21544,1.49169,908395745937.871
2005-07-27,15.61247,2.20967,1.49622,910501607992.74
2005-07-28,15.66262,2.19355,1.50751,917166894469.336
2005-07-29,15.65525,2.19547,1.5063,917202303475.071
2005-08-01,15.67213,2.19332,1.50782,918049389664.824
2005-08-02,15.73214,2.1762,1.51961,924361484227.533
2005-08-03,16.09647,2.17698,1.51766,924368833708.683
2005-08-04,16.09212,2.19784,1.50482,917450401415.509
2005-08-05,15.94007,2.21793,1.49122,910681737125.643
2005-08-08,15.98146,2.21161,1.49516,912255627271.103
2005-08-09,16.17737,2.18241,1.51497,922479565286.566
2005-08-10,16.15256,2.14999,1.53741,933980668216.852
2005-08-11,16.20606,2.16495,1.52701,927881465920.766
2005-08-12,15.40373,2.17209,1.52259,925255163411.228
2005-08-15,15.35646,2.17807,1.51778,923204139283.246
2005-08-16,15.25458,2.19184,1.50822,918658232501.315
2005-08-17,15.2041,2.19871,1.50344,915874424437.107
2005-08-18,15.14501,2.20717,1.49773,913843290933.164
2005-08-19,15.36653,2.17554,1.5185,926123995274.574
2005-08-22,15.42266,2.16874,1.52336,928680320219.953
2005-08-23,15.34363,2.17959,1.51566,925013646545.289
2005-08-24,15.33934,2.18044,1.51526,924525044586.249
2005-08-25,15.16621,2.20515,1.49873,914443109432.965
2005-08-26,14.97184,2.2328,1.48017,905117057167.871
2005-08-29,15.03756,2.22321,1.48653,907719361294.358
2005-08-30,14.98801,2.23046,1.48153,905657185220.463
2005-08-31,14.98801,,1.48153,905657185220.463
2005-09-01,14.98801,,1.48153,905657185220.463
2005-09-02,14.98801,,1.48153,905657185220.463
2005-09-05,14.98801,,1.48153,905657185220.463
2005-09-06,14.98801,,1.48153,905657185220.463
2005-09-07,14.98801,,1.48153,905657185220.463
2005-09-08,14.98801,,1.48153,905657185220.463
2005-09-09,14.98801,,1.48153,905657185220.463
2005-09-12,15.60882,2.14288,1.54163,937271516036.98
2005-09-13,15.35482,2.178,1.5169,923996782534.557
2005-09-14,15.37689,2.17433,1.51948,925893706524.354
2005-09-15,15.36503,2.17622,1.51801,924997043911.983
2005-09-16,15.56323,2.15225,1.54025,937599809701.826
2005-09-19,15.39326,2.17457,1.52116,928307240835.75
2005-09-20,15.51696,2.15756,1.53721,935830973810.269
2005-09-21,15.27347,2.19169,1.5135,923793088457.87
2005-09-22,15.20099,2.20278,1.50593,919515781703.842
2005-09-23,15.29981,2.18887,1.51653,924910812337.263
2005-09-26,15.6091,2.14583,1.5468,941253600070.659
2005-09-27,15.53313,2.15669,1.53905,936510207939.78
2005-09-28,15.76327,2.12584,1.56139,948182562492.757
2005-09-29,15.70112,2.13528,1.5533,944800572956.488
2005-09-30,15.77693,2.12443,1.56032,948917170818.316
2005-10-03,15.8829,2.11054,1.57037,954492073622.745
2005-10-04,16.05437,2.08854,1.58681,963208953393.353
2005-10-05,15.8526,2.11513,1.56697,953841632546.598
2005-10-06,15.67366,2.13907,1.55011,945104984217.657
2005-10-07,15.65654,2.1424,1.54872,944426344116.117
2005-10-10,15.69997,2.13597,1.55324,946651274875.691
2005-10-11,15.73191,2.13197,1.55723,947786536039.254
2005-10-12,15.56927,2.1535,1.5416,939588332794.458
2005-10-13,15.44555,2.17222,1.52836,931632272269.664
2005-10-14,15.51057,2.16338,1.53489,934742015897.401
2005-10-17,15.52402,2.16218,1.53633,935024385259.954
2005-10-18,15.44183,2.17344,1.52858,931220881007.262
2005-10-19,15.15797,2.2197,1.49663,913406257796.196
2005-10-20,15.20101,2.21163,1.5008,916239567461.619
2005-10-21,15.09872,2.22545,1.49131,910866390557.308
2005-10-24,15.28804,2.19645,1.51115,921189879082.967
2005-10-25,15.19216,2.20852,1.50347,918395816963.432
2005-10-26,15.314,2.19602,1.51196,923381598120.842
2005-10-27,15.02831,2.23781,1.484,907562584917.185
2005-10-28,14.93959,2.23139,1.48798,909050466613.281
2005-10-31,15.24231,2.18565,1.51942,925725322087.262
2005-11-01,15.2274,2.1912,1.51841,925647167706.761
2005-11-02,15.06102,2.17745,1.528,930988510707.227
2005-11-03,14.96174,2.15324,1.54501,940562640197.706
2005-11-04,14.9103,2.16007,1.5401,937950385123.248
2005-11-07,14.95041,2.14705,1.54938,943418672166.781
2005-11-08,14.82778,2.15229,1.546,942367948916.754
2005-11-09,14.40751,2.15348,1.54603,937605694201.897
2005-11-10,13.43458,2.15249,1.54666,937549220411.446
2005-11-11,13.54543,2.12281,1.56824,949500658969.091
2005-11-14,13.49633,2.121,1.56959,950282904420.35
2005-11-15,13.51403,2.11435,1.57422,951136642287.447
2005-11-16,13.43157,2.12689,1.56569,946193028486.175
2005-11-17,13.44386,2.11921,1.57141,949368939567.094
2005-11-18,13.52367,2.10966,1.57867,953041514544.434
2005-11-21,13.71811,2.09273,1.59139,959793126124.186
2005-11-22,13.8977,2.09122,1.59266,960037657904.168
2005-11-23,13.9373,2.08462,1.59777,962800186907.232
2005-11-24,13.92497,2.08717,1.59883,962670289771.491
2005-11-25,13.94764,2.08443,1.6025,964493418038.607
2005-11-28,13.89716,2.09171,1.59713,961376946904.192
2005-11-29,13.96353,2.08347,1.6032,963461062072.091
2005-11-30,13.95391,2.085,1.60209,963593080199.222
2005-12-01,14.44616,2.064,1.62508,975708916574.014
2005-12-02,14.56383,2.04845,1.63606,982206879964.201
2005-12-05,14.46564,2.06181,1.62597,977606454863.872
2005-12-06,14.55919,2.06302,1.63463,982203527757.849
2005-12-07,14.4737,2.0755,1.62451,977627708197.848
2005-12-08,14.48439,2.06868,1.62569,980451137847.836
2005-12-09,14.47009,2.06941,1.62416,980778775037.939
2005-12-12,14.50904,2.0634,1.62897,982960822685.434
2005-12-13,14.53044,2.06096,1.63106,983992939038.933
2005-12-14,14.48093,2.07134,1.62582,982351310602.911
2005-12-15,14.50612,2.06954,1.62855,983521933527.69
2005-12-16,14.68246,2.09018,1.6586,991309150385.132
2005-12-19,14.67957,2.09039,1.65855,990813885380.176
2005-12-20,14.69482,2.08805,1.66142,994152757620.569
2005-12-21,14.78882,2.07852,1.67152,1000515234874.41
2005-12-22,14.7886,2.07794,1.67195,1000635834911.18
2005-12-23,14.84481,2.07026,1.67952,1003919404559.93
2005-12-26,14.84471,2.07026,1.67949,1003919404559.93
2005-12-27,14.91418,2.06071,1.68726,1008125394936.94
2005-12-28,14.91635,2.0605,1.68741,1008495391898.14
2005-12-29,14.95146,2.10229,1.69133,1010758898980.0
2005-12-30,14.8279,2.11895,1.67856,1004468226680.79
2006-01-02,14.94574,2.10208,1.68122,1007423842916.21
2006-01-03,14.99325,2.09534,1.68683,1011374183235.28
2006-01-04,15.15915,2.07232,1.70533,1022390587605.45
2006-01-05,15.13603,2.07499,1.69912,1018701261812.27
2006-01-06,15.19193,2.06679,1.70967,1025876233696.36
2006-01-09,15.20266,2.06533,1.7109,1027006161814.53
2006-01-10,15.09873,2.0792,1.69545,1018819772891.7
2006-01-11,15.20576,2.06421,1.70641,1025273087665.53
2006-01-12,15.23995,2.05753,1.71073,1029448652599.88
2006-01-13,15.09999,2.07639,1.69537,1021897302432.32
2006-01-16,15.19393,2.06383,1.70564,1027183444601.73
2006-01-17,15.06486,2.08168,1.69146,1019597850346.1
2006-01-18,14.90325,2.10488,1.67335,1009584422032.86
2006-01-19,15.00984,2.08899,1.68466,1015301107170.37
2006-01-20,14.76451,2.11717,1.66236,1003758095110.12
2006-01-23,14.75481,2.11858,1.6613,1003323144115.57
2006-01-24,14.73105,2.12172,1.65892,1002440706091.1
2006-01-25,15.03179,2.09985,1.69025,1020653529872.61
2006-01-26,15.41556,2.05588,1.72664,1040039678705.35
2006-01-27,15.65699,2.02555,1.75254,1054152055654.88
2006-01-30,15.68055,2.02232,1.75533,1055866319860.88
2006-01-31,15.70394,2.01368,1.75786,1055723389648.16
2006-02-01,15.87032,2.04876,1.77234,1064940256320.23
2006-02-02,15.52162,2.07415,1.75147,1054665040158.76
2006-02-03,15.5179,2.07196,1.75331,1055734435071.8
2006-02-06,15.54659,2.06775,1.75761,1059638011229.37
2006-02-07,15.55886,2.06617,1.75952,1060582893180.71
2006-02-08,15.51767,2.06165,1.75652,1059432111840.17
2006-02-09,15.71904,2.03571,1.77926,1070401996925.21
2006-02-10,15.60484,2.05383,1.76869,1063264742375.67
2006-02-13,15.75074,2.03235,1.7865,1076436000647.67
2006-02-14,15.75517,2.0522,1.78713,1077685500981.97
2006-02-15,15.64549,2.05318,1.54454,1074694755737.12
2006-02-16,15.59523,2.04443,1.55171,1079156186806.1
2006-02-17,15.61882,2.03801,1.5555,1084776912687.8
2006-02-20,15.61527,2.0375,1.55648,1085912710557.91
2006-02-21,15.62876,2.07823,1.5581,1086952989068.3
2006-02-22,15.69546,2.10188,1.56953,1096786514700.64
2006-02-23,15.69957,2.12226,1.56446,1093858535273.35
2006-02-24,15.74243,2.11915,1.55531,1093486853007.18
2006-02-27,15.86643,2.1036,1.5672,1101443635162.34
2006-02-28,15.56832,2.14109,1.54117,1088226817851.85
2006-03-01,15.735,2.15976,1.54947,1096293571287.95
2006-03-02,15.12725,2.2231,1.50607,1085151832927.85
2006-03-03,14.98494,2.24314,1.49272,1077979528337.66
2006-03-06,15.02455,2.23115,1.50088,1083665149043.15
2006-03-07,14.96941,2.24177,1.48848,1075928131489.6
2006-03-08,14.78437,2.26731,1.47163,1068298912659.8
2006-03-09,14.80049,2.24707,1.45536,1078232999525.08
2006-03-10,14.97934,2.22096,1.47256,1088543052519.61
2006-03-13,15.10299,2.20205,1.4847,1097487290840.25
2006-03-14,14.84729,2.21432,1.47329,1099635637872.83
2006-03-15,14.90914,2.20324,1.48741,1116324152928.9
2006-03-16,14.74113,2.22187,1.4603,1112619680917.2
2006-03-17,14.75944,2.21664,1.66147,1112605121131.42
2006-03-20,14.81121,2.21116,1.66022,1116928061093.69
2006-03-21,14.82859,2.20638,1.66436,1123344503737.47
2006-03-22,14.92429,2.2138,1.66362,1127420290120.32
2006-03-23,14.97587,2.20936,1.66682,1129864346078.37
2006-03-24,15.04595,2.20015,1.65494,1133680348061.57
2006-03-27,14.89408,2.21966,1.63811,1124751499501.38
2006-03-28,14.91185,2.22764,1.63242,1121467074597.25
2006-03-29,14.9468,2.2181,1.63659,1124329727351.62
2006-03-30,15.0557,2.195,1.65462,1134211725311.94
2006-03-31,15.03563,2.19889,1.6416,1134409923263.41
2006-04-03,15.15498,2.18224,1.65543,1142533384326.19
2006-04-04,15.12516,2.18577,1.65271,1139126491560.3
2006-04-05,15.16014,2.17953,1.65798,1142918596319.25
2006-04-06,15.16374,2.17867,1.65891,1143963688422.01
2006-04-07,14.98066,2.20422,1.63565,1132843281094.14
2006-04-10,15.09151,2.18891,1.64756,1144390393550.75
2006-04-11,14.93092,2.21945,1.62335,1129955928583.59
2006-04-12,14.90024,2.22957,1.61732,1127090474103.82
2006-04-13,14.91274,2.22635,1.61972,1129235410505.31
2006-04-14,14.9127,2.22635,1.61971,1129235410505.31
2006-04-17,14.9172,2.22666,1.61983,1129214979905.31
2006-04-18,14.86837,2.2334,1.61382,1126565207835.2
2006-04-19,15.07745,2.1981,1.63944,1141216466125.73
2006-04-20,15.21106,2.17718,1.65513,1150047948993.42
2006-04-21,15.29706,2.16525,1.66443,1155594693906.55
2006-04-24,15.25598,2.17095,1.65982,1153334376125.6
2006-04-25,15.25839,2.16947,1.661,1154581415375.92
2006-04-26,15.31668,2.16034,1.66791,1159366212656.44
2006-04-27,15.18399,2.17173,1.65729,1152708964578.57
2006-04-28,15.02068,2.19168,1.64337,1145119465967.37
2006-05-01,15.02162,2.19158,1.64353,1145119465967.37
2006-05-02,15.06771,2.17881,1.65311,1152183444713.46
2006-05-03,14.61995,2.21003,1.63126,1141547721562.28
2006-05-04,14.59316,2.19625,1.64166,1147360630822.55
2006-05-05,14.56107,2.19053,1.64997,1154635167448.45
2006-05-08,14.6265,2.18317,1.65545,1159840740567.97
2006-05-09,14.54646,2.17746,1.65939,1162895655837.61
2006-05-10,14.39423,2.18622,1.65259,1159834508533.97
2006-05-11,14.22309,2.20876,1.63553,1149413959107.87
2006-05-12,13.6678,2.26066,1.59572,1123450519782.06
2006-05-15,13.48898,2.29072,1.57457,1108387741396.45
2006-05-16,13.47163,2.27472,1.57107,1106049534988.24
2006-05-17,13.03311,2.37073,1.52041,1074612745341.94
2006-05-18,13.04985,2.37742,1.51605,1069571729470.54
2006-05-19,13.06314,2.37588,1.51701,1070999802965.45
2006-05-22,12.7179,2.443,1.47572,1042316645764.38
2006-05-23,13.02893,2.38513,1.5122,1064786680293.54
2006-05-24,12.83653,2.42288,1.48913,1050951227790.64
2006-05-25,13.09,2.3762,1.51855,1068379797898.34
2006-05-26,13.29922,2.33751,1.54356,1085233059272.12
2006-05-29,13.23758,2.34698,1.53737,1082281116927.09
2006-05-30,12.9357,2.40209,1.50234,1060053778427.51
2006-05-31,13.04863,2.37489,1.5201,1070907133817.21
2006-06-01,13.07236,2.3698,1.52399,1074189782458.44
2006-06-02,13.02872,2.37748,1.522,1074922537437.55
2006-06-05,13.00491,2.35536,1.52803,1064349938814.56
2006-06-06,12.58726,2.45968,1.47109,1041742552403.52
2006-06-07,12.64463,2.44948,1.47889,1045226209595.77
2006-06-08,12.26903,2.52539,1.43365,1016331806996.86
2006-06-09,12.55166,2.46457,1.46857,1030420951380.4
2006-06-12,12.28554,2.52562,1.43673,1018263101090.97
2006-06-13,12.02526,2.58154,1.40553,997333114466.371
2006-06-14,12.05219,2.57653,1.40837,997878620766.582
2006-06-15,12.34253,2.51417,1.44335,1021275238620.13
2006-06-16,12.20664,2.53072,1.42333,1014559891907.09
2006-06-19,12.27875,2.50064,1.44035,1024879961659.42
2006-06-20,12.39436,2.47885,1.45382,1034069489895.42
2006-06-21,12.41485,2.47476,1.45622,1035654438106.88
2006-06-22,12.51014,2.46107,1.46438,1041020702453.29
2006-06-23,12.47348,2.46569,1.4624,1039234700517.86
2006-06-26,12.4755,2.46705,1.46092,1038901218324.97
2006-06-27,12.35482,2.49115,1.44637,1029327091708.24
2006-06-28,12.33663,2.49534,1.44397,1027102168672.17
2006-06-29,12.60391,2.4414,1.47577,1046348668609.7
2006-06-30,12.84377,2.39747,1.50336,1063719053734.69
2006-07-03,12.9117,2.38251,1.51348,1070910273953.94
2006-07-04,13.06632,,1.51898,1074737498581.66
2006-07-05,12.83256,2.4574,1.49158,1057896757399.11
2006-07-06,12.98194,2.42905,1.50888,1068895792653.05
2006-07-07,12.8341,2.40332,1.50082,1065150861453.77
2006-07-10,12.94352,2.39679,1.50519,1066772659237.11
2006-07-11,12.79915,2.42438,1.49048,1058909040607.81
2006-07-12,12.84278,2.41551,1.49336,1060537746972.27
2006-07-13,12.59799,2.46327,1.46441,1042636439532.46
2006-07-14,12.38903,2.5072,1.4451,1018711972783.58
2006-07-17,12.30839,2.52216,1.43183,1014156386700.73
2006-07-18,12.26652,2.53123,1.42669,1010472537392.89
2006-07-19,12.58263,2.46791,1.4635,1032971026971.75
2006-07-20,12.5803,2.46314,1.4664,1034586635248.09
2006-07-21,12.36653,2.50841,1.43876,1012376850652.5
2006-07-24,12.65221,2.45245,1.47312,1038069824827.46
2006-07-25,12.67462,2.45355,1.47238,1038483589827.41
2006-07-26,12.69186,2.44602,1.47662,1041780389683.63
2006-07-27,12.45063,2.41334,1.49694,1054925518148.92
2006-07-28,12.53685,2.39568,1.50795,1062174074897.29
2006-07-31,12.51132,2.39771,1.50596,1060104064849.27
2006-08-01,12.20719,2.43295,1.48524,1049208159891.66
2006-08-02,12.31164,2.39958,1.5063,1061427037773.79
2006-08-03,12.03196,2.41597,1.49583,1055402525314.74
2006-08-04,12.01647,2.38312,1.51664,1068607152526.22
2006-08-07,11.82227,2.42132,1.49271,1053842858891.65
2006-08-08,11.85236,2.41157,1.49949,1057243210191.1
2006-08-09,11.91689,2.39546,1.51039,1063534332909.06
2006-08-10,11.73985,2.42408,1.4926,1051944406527.45
2006-08-11,11.89702,2.42308,1.49375,1052894539248.82
2006-08-14,12.03479,2.39797,1.50937,1062552271953.39
2006-08-15,12.29729,2.36604,1.52979,1074399741790.25
2006-08-16,12.36517,2.34921,1.54089,1081855150606.28
2006-08-17,12.40891,2.34416,1.54454,1085335122238.88
2006-08-18,12.39105,2.34452,1.54144,1083568448251.49
2006-08-21,12.33697,2.35464,1.53493,1079597516142.88
2006-08-22,12.37054,2.34681,1.53984,1083063205165.62
2006-08-23,12.28736,2.36262,1.52956,1076906057146.36
2006-08-24,12.35673,2.35052,1.53746,1080449109540.54
2006-08-25,12.35003,2.35113,1.53705,1080490070492.28
2006-08-28,12.42727,2.33628,1.54681,1085980920648.25
2006-08-29,12.417,2.33855,1.54515,1085722265298.28
2006-08-30,12.46696,2.3295,1.55147,1090840694853.41
2006-08-31,12.45293,2.33289,1.54966,1089859029896.05
2006-09-01,12.50415,2.3246,1.55517,1094601683712.14
2006-09-04,12.57149,2.31126,1.56403,1099328573358.8
2006-09-05,12.51783,2.32095,1.55746,1095397497472.82
2006-09-06,12.38067,2.34634,1.54068,1086006673976.21
2006-09-07,12.28871,2.3639,1.52897,1077678816672.57
2006-09-08,12.33358,2.35528,1.53448,1081941322185.79
2006-09-11,12.32655,2.35664,1.53361,1080986662390.95
2006-09-12,12.47639,2.32787,1.5526,1093049054156.8
2006-09-13,12.5514,2.31397,1.56055,1098711061885.51
2006-09-14,12.55944,2.31253,1.56156,1098966173870.09
2006-09-15,12.58954,2.3029,1.5609,1093713691948.14
2006-09-18,12.56824,2.30553,1.55909,1092259889650.29
2006-09-19,12.46343,2.32876,1.54352,1084907406183.55
2006-09-20,12.6245,2.29955,1.56309,1098353015614.09
2006-09-21,12.63754,2.2983,1.56427,1099875084226.05
2006-09-22,12.48854,2.33357,1.54232,1088685692210.52
2006-09-25,12.52776,2.31849,1.54515,1092969868065.17
2006-09-26,12.65037,2.29537,1.56058,1103130254354.76
2006-09-27,12.71022,2.28422,1.56823,1107840012302.79
2006-09-28,12.72253,2.2826,1.56938,1109422392041.19
2006-09-29,12.76234,2.27511,1.57492,1113369036932.09
2006-10-02,12.75489,2.27631,1.57423,1113038788469.86
2006-10-03,12.73227,2.28038,1.57678,1111739688935.13
2006-10-04,12.84183,2.26051,1.59055,1120673090350.64
2006-10-05,12.90758,2.24913,1.59849,1126099516446.12
2006-10-06,12.91333,2.24768,1.59928,1125442966359.96
2006-10-09,12.9198,2.24663,1.60002,1125322684622.45
2006-10-10,12.99339,2.23407,1.60905,1130581879306.8
2006-10-11,12.99945,2.23296,1.60985,1131678291225.73
2006-10-12,13.07711,2.21926,1.61983,1138099492307.9
2006-10-13,13.01715,2.21583,1.62226,1139411681967.14
2006-10-16,13.03986,2.21163,1.63324,1146217682409.07
2006-10-17,12.88696,2.23735,1.61414,1133829349564.04
2006-10-18,13.02832,2.21367,1.63138,1144692936917.85
2006-10-19,13.02281,2.21358,1.63156,1145235060637.05
2006-10-20,13.08177,2.20412,1.63868,1149729762286.9
2006-10-23,13.16107,2.19087,1.64838,1155852938903.21
2006-10-24,13.34363,2.18918,1.65593,1156876442632.92
2006-10-25,13.25469,2.18263,1.6607,1160398256538.84
2006-10-26,13.30559,2.17745,1.66477,1163022218347.22
2006-10-27,13.28249,2.18551,1.65861,1159235371476.3
2006-10-30,13.258,2.18956,1.65548,1156118913440.49
2006-10-31,13.28794,2.18431,1.65952,1159564839442.94
2006-11-01,13.28924,2.17696,1.66556,1163996082358.99
2006-11-02,13.16734,2.19827,1.64953,1154479060626.18
2006-11-03,13.22038,2.19206,1.65412,1157191628392.12
2006-11-06,13.39817,2.16263,1.67666,1170832695233.14
2006-11-07,13.37894,2.15234,1.68481,1175499584955.71
2006-11-08,14.21195,2.1566,1.68145,1172749956573.5
2006-11-09,14.35131,2.15444,1.68339,1173932529916.93
2006-11-10,14.15098,2.15449,1.68353,1173041311687.73
2006-11-13,14.23324,2.14222,1.69374,1181559538032.18
2006-11-14,14.00606,2.15469,1.69198,1180478652374.83
2006-11-15,14.02001,2.13235,1.70279,1187964862300.31
2006-11-16,14.06464,2.1273,1.70696,1190720260204.09
2006-11-17,13.98606,2.13894,1.69774,1184638910099.48
2006-11-20,14.05083,2.12897,1.70565,1188399200138.8
2006-11-21,14.0786,2.12533,1.70873,1190622234229.26
2006-11-22,14.12187,2.11885,1.71412,1193802051907.83
2006-11-23,14.12185,2.1197,1.71363,1193143680372.43
2006-11-24,13.98662,2.1395,1.698,1183291397583.64
2006-11-27,13.78968,2.17734,1.66868,1165044597459.27
2006-11-28,13.76379,2.18454,1.66322,1162474335943.78
2006-11-29,13.93138,2.15288,1.6877,1177834243746.15
2006-11-30,13.82369,2.17006,1.67455,1169783262842.55
2006-12-01,13.51481,2.20433,1.66166,1161331370116.06
2006-12-04,13.62014,2.18711,1.67475,1168520567781.99
2006-12-05,13.77001,2.16377,1.69278,1180584469970.47
2006-12-06,13.77316,2.16296,1.69224,1185834988737.27
2006-12-07,13.86464,2.14869,1.70349,1193042050511.03
2006-12-08,13.8924,2.14454,1.70596,1194900909143.7
2006-12-11,13.98739,2.12945,1.71814,1205443435271.72
2006-12-12,14.00123,2.12737,1.71988,1206577560652.82
2006-12-13,14.12033,2.11172,1.73263,1214743880259.3
2006-12-14,14.19072,2.10125,1.73422,1220380007907.02
2006-12-15,14.21416,2.08536,1.74532,1227147206600.95
2006-12-18,14.23794,2.08208,1.75905,1380710939986.04
2006-12-19,14.15457,2.09949,1.74176,1370761940742.55
2006-12-20,15.09651,1.95936,1.95604,1378908717431.01
2006-12-21,14.21249,2.09256,1.73832,1226570698596.12
2006-12-22,14.0727,2.12884,1.72155,1217139582793.11
2006-12-25,14.07264,2.12884,1.72153,1217139582793.11
2006-12-26,14.07249,2.12884,1.72149,1217139582793.11
2006-12-27,14.28779,2.09712,1.74752,1232263065894.39
2006-12-28,14.29886,2.0956,1.74885,1232534135685.88
2006-12-29,14.27849,2.09826,1.74599,1230437332293.71
2007-01-01,14.2785,2.09826,1.74627,1230437332293.71
2007-01-02,14.45871,2.07222,1.76831,1244426890667.04
2007-01-03,14.48623,2.06811,1.77162,1247224414465.6
2007-01-04,14.44166,2.07435,1.76601,1245466417101.75
2007-01-05,14.28363,2.09737,1.74669,1234866499786.32
2007-01-08,14.31204,2.09293,1.75049,1238268663154.25
2007-01-09,14.33429,2.08987,1.75325,1240513031707.63
2007-01-10,14.22836,2.10495,1.74057,1232506319658.55
2007-01-11,14.47809,2.06876,1.77216,1260698067886.08
2007-01-12,14.51642,2.06336,1.77684,1258416084286.11
2007-01-15,14.58532,2.05359,1.78537,1263872324977.89
2007-01-16,14.55499,2.05767,1.78057,1252419125034.73
2007-01-17,14.52546,2.06203,1.7772,1250903269196.71
2007-01-18,14.51503,2.06378,1.77574,1250937509498.71
2007-01-19,14.63461,2.0474,1.79038,1260911062425.32
2007-01-22,14.5235,2.06276,1.76852,1241835070613.12
2007-01-23,14.48979,2.06501,1.76635,1240018745850.81
2007-01-24,14.6042,2.04375,1.7845,1252126159117.16
2007-01-25,14.57329,2.05176,1.77813,1248925636091.33
2007-01-26,14.48168,2.06405,1.76749,1242647122777.36
2007-01-29,14.69406,2.05269,1.77725,1247801936509.93
2007-01-30,14.80745,2.04351,1.79177,1255644437259.94
2007-01-31,14.77085,2.13167,1.79125,1255856539811.24
2007-02-01,14.46525,2.11881,1.78235,1264617101546.31
2007-02-02,14.58066,2.10314,1.82098,1272138284912.67
2007-02-05,14.56789,2.10371,1.81937,1271694133519.38
2007-02-06,14.56649,2.10448,1.82294,1274030481521.71
2007-02-07,14.64567,2.07347,1.8357,1280769288356.08
2007-02-08,14.56254,2.08472,1.82579,1274849849789.47
2007-02-09,14.64107,2.07365,1.83537,1281560998203.66
2007-02-12,14.54167,2.08769,1.82323,1274159596607.17
2007-02-13,14.56431,2.08132,1.83386,1281187029168.66
2007-02-14,14.78173,2.07689,1.85328,1294425480667.25
2007-02-15,14.77276,2.07777,1.85246,1294328232882.29
2007-02-16,14.75856,2.07807,1.85163,1295141114709.27
2007-02-19,14.83357,2.07843,1.86095,1300470267298.37
2007-02-20,14.67374,2.08154,1.86092,1301311170795.51
2007-02-21,14.59637,2.0952,1.85095,1295649237280.01
2007-02-22,14.56903,2.35246,1.8589,1300245768517.8
2007-02-23,14.37596,2.34567,1.84972,1304421768481.14
2007-02-26,14.44107,2.33588,1.8517,1303509812486.16
2007-02-27,13.96653,2.41786,1.79842,1264551173019.31
2007-02-28,13.89531,2.48637,1.7724,1249144084846.1
2007-03-01,14.01856,2.51622,1.75161,1236821358125.66
2007-03-02,13.9505,2.53458,1.73969,1229177585090.85
2007-03-05,13.77764,2.56711,1.71865,1215823510840.82
2007-03-06,13.91865,2.54164,1.73666,1227365968420.86
2007-03-07,13.64282,2.58546,1.73361,1234371589181.92
2007-03-08,13.76593,2.54862,1.75908,1251913861638.56
2007-03-09,13.77059,2.5497,1.73845,1252290383967.34
2007-03-12,13.56693,2.54835,1.73951,1253503261880.76
2007-03-13,13.3977,2.58567,1.70533,1240257450586.43
2007-03-14,13.02589,2.6689,1.64486,1211728036682.22
2007-03-15,12.89787,2.62087,1.67965,1233027538924.8
2007-03-16,12.90521,2.61588,1.63379,1235823547728.43
2007-03-19,13.03184,2.57895,1.65708,1252037564736.8
2007-03-20,13.07007,2.56652,1.6623,1258076151540.06
2007-03-21,13.07907,2.56237,1.66902,1262588701295.63
2007-03-22,13.28556,2.52321,1.69296,1282143507395.16
2007-03-23,13.36546,2.50585,1.69974,1289366957589.07
2007-03-26,13.23086,2.53161,1.68101,1277769600492.75
2007-03-27,13.27828,2.51955,1.6882,1281920724799.17
2007-03-28,13.18442,2.53886,1.65923,1274182871336.35
2007-03-29,13.34269,2.50374,1.67798,1288400365790.34
2007-03-30,13.36734,2.49608,1.67939,1292081309845.25
2007-04-02,13.4144,2.4879,1.68437,1296547248970.5
2007-04-03,13.61537,2.45196,1.70851,1313673619817.03
2007-04-04,13.67271,2.44263,1.71519,1318533054295.41
2007-04-05,13.69129,2.43902,1.71804,1319945052720.47
2007-04-06,13.69112,2.43902,1.71789,1319945052720.47
2007-04-09,13.69107,2.43997,1.71786,1319960102720.47
2007-04-10,13.82579,2.41638,1.73493,1333077854807.77
2007-04-11,13.79495,2.42139,1.73139,1330101543884.14
2007-04-12,13.76371,2.42628,1.7272,1326827757871.49
2007-04-13,13.88975,2.40797,1.74283,1338441084037.7
2007-04-16,14.11672,2.36969,1.77079,1357135282788.89
2007-04-17,14.13558,2.3675,1.77209,1357460737487.47
2007-04-18,14.00872,2.3919,1.75819,1348353006634.08
2007-04-19,13.90238,2.41068,1.74453,1339281061497.82
2007-04-20,14.07257,2.38051,1.76493,1353483475275.06
2007-04-23,14.06968,2.38062,1.76475,1353331736514.45
2007-04-24,13.94061,2.40279,1.74889,1342845001389.3
2007-04-25,14.0824,2.37891,1.76582,1353282383586.82
2007-04-26,13.94331,2.36883,1.77588,1360559506285.52
2007-04-27,13.90595,2.37815,1.76873,1357535277077.48
2007-04-30,13.94747,2.37121,1.77383,1360615735692.7
2007-05-01,13.9506,2.37174,1.77346,1360615735692.7
2007-05-02,14.00307,2.35708,1.78332,1367763288017.23
2007-05-03,13.01398,2.38186,1.77025,1366367771164.34
2007-05-04,13.94298,2.39784,1.7585,1363649702467.06
2007-05-07,13.96201,2.39437,1.76735,1367597303822.76
2007-05-08,12.12712,2.42425,1.74627,1353120963302.6
2007-05-09,11.95325,2.41621,1.75236,1357763037319.57
2007-05-10,11.90224,2.4327,1.74055,1349427231079.87
2007-05-11,12.02202,2.41638,1.75282,1357052000172.47
2007-05-14,11.99874,2.42098,1.74936,1355859843446.64
2007-05-15,11.74889,2.40719,1.75792,1363143145785.12
2007-05-16,11.72041,2.41314,1.75362,1360692056432.89
2007-05-17,11.74937,2.42163,1.75754,1363806439505.08
2007-05-18,11.89799,2.39076,1.78023,1378920507606.47
2007-05-21,11.90989,2.37509,1.78199,1380047523443.0
2007-05-22,11.96562,2.3637,1.79054,1387106962799.67
2007-05-23,12.07757,2.34177,1.80745,1399153349073.41
2007-05-24,11.9835,2.35839,1.79603,1390440403690.48
2007-05-25,11.97096,2.35413,1.79911,1391777655856.67
2007-05-28,11.97112,2.35412,1.79913,1391777655856.67
2007-05-29,12.03993,2.3408,1.80942,1399410437833.17
2007-05-30,12.00644,2.34742,1.80437,1395098117277.67
2007-05-31,12.19066,2.31243,1.83173,1413078466339.95
2007-06-01,12.33942,2.28455,1.85389,1428322177868.8
2007-06-04,12.32241,2.28693,1.85092,1426405792497.94
2007-06-05,12.24943,2.29782,1.84027,1420259441408.96
2007-06-06,11.94991,2.35553,1.7989,1405959093814.67
2007-06-07,11.77705,2.38995,1.77297,1388473373471.75
2007-06-08,11.84398,2.39167,1.79474,1385051884084.86
2007-06-11,11.92245,2.36083,1.79152,1388002179617.18
2007-06-12,11.87122,2.37132,1.78361,1382668055121.22
2007-06-13,11.88311,2.37273,1.78372,1382656349241.79
2007-06-14,12.13045,2.32465,1.82059,1406216080169.48
2007-06-15,13.39407,2.20255,1.85932,1431141260457.93
2007-06-18,13.24539,2.23168,1.85601,1427941566018.07
2007-06-19,13.23889,2.23284,1.89254,1431084335181.31
2007-06-20,13.32202,2.21844,1.90481,1438384857093.0
2007-06-21,13.11603,2.25317,1.87544,1419009177576.14
2007-06-22,13.09587,2.25617,1.86995,1415766068905.82
2007-06-25,13.05892,2.26235,1.86481,1412389109151.5
2007-06-26,12.94239,2.28214,1.84862,1401127730551.11
2007-06-27,12.84382,2.29943,1.83416,1390165040655.92
2007-06-28,12.84433,2.25778,1.86716,1410335103799.33
2007-06-29,12.95222,2.24069,1.88256,1422936920238.04
2007-07-02,12.90381,2.24883,1.87604,1422060747556.7
2007-07-03,13.05742,2.2228,1.89804,1436140303003.52
2007-07-04,13.10485,2.2147,1.90499,1441794581668.79
2007-07-05,12.97929,2.23577,1.8871,1430860267624.0
2007-07-06,13.0762,2.21962,1.90202,1435622081047.48
2007-07-09,13.13282,2.2104,1.90976,1441035025940.88
2007-07-10,12.96418,2.23929,1.88531,1424805931550.69
2007-07-11,12.85454,2.25815,1.86959,1414128382392.31
2007-07-12,13.10348,2.21482,1.90637,1437323290799.87
2007-07-13,13.14023,2.20874,1.91209,1441670101966.29
2007-07-16,13.13895,2.2066,1.91744,1447746986213.49
2007-07-17,13.02907,2.22487,1.9019,1437879260789.12
2007-07-18,12.80514,2.26335,1.86979,1416966043311.24
2007-07-19,12.95041,2.23754,1.89195,1431240459519.49
2007-07-20,12.77873,2.26824,1.86765,1415444739200.87
2007-07-23,12.86552,2.25414,1.87739,1419630990230.05
2007-07-24,12.6529,2.29187,1.84685,1399796948983.83
2007-07-25,12.30647,2.32544,1.81993,1382610009106.95
2007-07-26,11.95453,2.38465,1.77476,1351894303679.49
2007-07-27,11.73926,2.39954,1.76364,1344054049029.03
2007-07-30,11.75383,2.39728,1.76526,1346050033251.88
2007-07-31,11.94028,2.35428,1.79741,1369131797583.6
2007-08-01,11.66578,2.38887,1.77131,1351337067969.76
2007-08-02,11.74076,2.37246,1.78067,1355634424727.59
2007-08-03,11.64475,2.4028,1.75957,1341925734195.59
2007-08-06,11.60792,2.4071,1.75634,1338053505357.11
2007-08-07,11.67344,2.38892,1.76966,1346455003033.37
2007-08-08,11.822,2.35509,1.79223,1362192353306.16
2007-08-09,11.47778,2.4024,1.75668,1339048214580.33
2007-08-10,11.23607,2.44345,1.72683,1317241942397.31
2007-08-13,11.43554,2.40114,1.75716,1336561495088.89
2007-08-14,11.37059,2.4164,1.74601,1329653083563.57
2007-08-15,11.39935,2.41676,1.74569,1328691499711.43
2007-08-16,11.10295,2.48563,1.69738,1293852593559.2
2007-08-17,11.24662,2.45475,1.7188,1306988293554.5
2007-08-20,11.30818,2.44137,1.7282,1314529179894.48
2007-08-21,11.35355,2.43174,1.73728,1318079623941.25
2007-08-22,11.50588,2.40159,1.76,1334513801516.08
2007-08-23,11.5335,2.39563,1.7644,1338696137761.78
2007-08-24,11.53026,2.39621,1.76411,1339012465839.34
2007-08-27,11.50595,2.40111,1.76057,1336893394443.86
2007-08-28,11.40212,2.42557,1.74287,1325300082951.06
2007-08-29,11.36337,2.4204,1.74683,1327793093173.86
2007-08-30,11.52981,2.39293,1.76811,1343332298416.95
2007-08-31,11.71207,2.35569,1.79627,1361792742519.37
2007-09-03,11.73832,2.34988,1.80077,1365345258667.14
2007-09-04,11.84794,2.32788,1.81787,1376061525459.15
2007-09-05,11.64909,2.36819,1.78665,1354510184913.22
2007-09-06,11.69223,2.35821,1.79419,1360051711327.04
2007-09-07,11.4152,2.41525,1.7519,1332845170443.59
2007-09-10,11.30614,2.4386,1.73513,1321548037319.21
2007-09-11,11.44282,2.40969,1.75604,1335600659057.9
2007-09-12,11.4719,2.40407,1.76,1337434643655.93
2007-09-13,11.55404,2.3871,1.77237,1345244069892.0
2007-09-14,11.49396,2.39973,1.76292,1338557227188.48
2007-09-17,11.44068,2.41129,1.75443,1331533662095.03
2007-09-18,11.5872,2.38077,1.77707,1346440382013.14
2007-09-19,11.86324,2.32603,1.81881,1373310357043.48
2007-09-20,11.82996,2.33244,1.81394,1369792619744.33
2007-09-21,11.92456,2.30561,1.8268,1379730671395.16
2007-09-24,11.93131,2.30473,1.82753,1381188784847.67
2007-09-25,11.88837,2.31359,1.82055,1375638966085.16
2007-09-26,11.94744,2.30176,1.82991,1382256592924.16
2007-09-27,12.02213,2.28724,1.84136,1390337312520.9
2007-09-28,12.02076,2.28699,1.84172,1389630673363.69
2007-10-01,12.11144,2.26997,1.85547,1397481328774.79
2007-10-02,12.1627,2.26056,1.86484,1404419262772.8
2007-10-03,12.18952,2.2555,1.86891,1407522646845.08
2007-10-04,12.17837,2.25842,1.86661,1406261255630.0
2007-10-05,12.28627,2.23917,1.88716,1421418902908.76
2007-10-08,12.24806,2.24576,1.88154,1417957929487.09
2007-10-09,12.26411,2.24335,1.88355,1419731425112.25
2007-10-10,12.27582,2.24104,1.88557,1421092067597.64
2007-10-11,12.36009,2.22548,1.8989,1431130340602.33
2007-10-12,12.37461,2.22359,1.90047,1432078068835.29
2007-10-15,12.26977,2.24218,1.88525,1421752333737.4
2007-10-16,12.2292,2.24948,1.87896,1415629902986.57
2007-10-17,12.27661,2.24008,1.88691,1421718383251.53
2007-10-18,12.16745,2.25949,1.87081,1411102471994.5
2007-10-19,12.11115,2.27034,1.86168,1405617241482.27
2007-10-22,11.96687,2.29827,1.83884,1390252149433.67
2007-10-23,12.06618,2.27898,1.85467,1400139714229.48
2007-10-24,12.05522,2.2837,1.85084,1397034265595.67
2007-10-25,12.52057,2.25386,1.87532,1414092497072.58
2007-10-26,12.49899,2.24847,1.87997,1418138083689.77
2007-10-29,12.59448,2.23204,1.89442,1428949096139.51
2007-10-30,12.44744,2.24262,1.88563,1422986520038.95
2007-10-31,12.52941,2.22724,1.89867,1434044775429.28
2007-11-01,12.32153,2.26325,1.86825,1416446527867.79
2007-11-02,12.26566,2.27269,1.86042,1409919089968.52
2007-11-05,12.12337,2.28634,1.85119,1406717101851.33
2007-11-06,11.90081,2.27727,1.8597,1413413633037.08
2007-11-07,11.83222,2.28819,1.84854,1382548653870.61
2007-11-08,11.96468,2.28585,1.85026,1383492839613.86
2007-11-09,11.89776,2.29317,1.8622,1381773725015.66
2007-11-12,11.85767,2.29725,1.85922,1396811971583.46
2007-11-13,11.36394,2.31134,1.84795,1385284605827.31
2007-11-14,11.4908,2.30791,1.84937,1371086629921.62
2007-11-15,11.31258,2.34472,1.8203,1351658070406.86
2007-11-16,11.21724,2.36581,1.80415,1341761909901.23
2007-11-19,11.01696,2.42301,2.03538,1318643576746.89
2007-11-20,11.20498,2.38656,2.06639,1335433265172.02
2007-11-21,11.00303,2.43078,2.02844,1310384536459.0
2007-11-22,11.05154,2.41962,2.03794,1314154999486.18
2007-11-23,11.1408,2.40066,2.05427,1324658980129.55
2007-11-26,11.09508,2.40992,2.04646,1321129130542.99
2007-11-27,11.05294,2.42057,2.03891,1317149910228.39
2007-11-28,11.352,2.35705,2.07522,1347233186658.98
2007-11-29,11.45973,2.34354,2.08717,1354764175092.22
2007-11-30,11.61921,2.31135,2.11638,1371498679120.18
2007-12-03,11.66488,2.32211,2.10673,1366672745011.25
2007-12-04,11.60462,2.34877,2.07928,1359817957497.86
2007-12-05,11.80459,2.30812,2.11071,1380300415177.38
2007-12-06,11.79499,2.32311,2.1088,1377614010126.38
2007-12-07,11.88223,2.30597,2.1247,1385659394156.27
2007-12-10,11.94153,2.29473,2.13514,1391870059892.69
2007-12-11,11.896,2.30089,2.12948,1390013331895.19
2007-12-12,11.97889,2.28512,2.14549,1396453541423.56
2007-12-13,11.74962,2.34751,2.10384,1373649572897.0
2007-12-14,11.79059,2.33666,2.11264,1399881160250.06
2007-12-17,11.59513,2.37661,2.07726,1378846312399.0
2007-12-18,11.63879,2.36943,2.08484,1382910787052.26
2007-12-19,11.6066,2.37524,2.07813,1378987626435.96
2007-12-20,11.65666,2.36575,2.08847,1385531075946.94
2007-12-21,11.85545,2.32667,2.12344,1405572110710.66
2007-12-24,11.85543,2.32297,2.12345,1405572110710.66
2007-12-25,11.85543,2.32297,2.12345,1405572110710.66
2007-12-26,11.85539,2.323,2.12349,1405572110710.66
2007-12-27,11.86352,2.32623,2.12706,1388123845805.49
2007-12-28,11.9123,2.31678,2.13442,1393031122877.02
2007-12-31,11.9151,2.31203,2.13693,1410373772321.14
2008-01-01,11.9151,2.31203,2.14015,1410373772321.14
2008-01-02,11.75042,2.34866,2.10829,1376074888256.88
2008-01-03,11.67437,2.36436,2.09432,1366850920008.85
2008-01-04,11.50859,2.39878,2.0641,1349333381176.01
2008-01-07,11.47864,2.40563,2.05838,1344857771925.58
2008-01-08,11.52767,2.39784,2.06854,1361108444610.53
2008-01-09,11.3937,2.42723,2.04313,1345117450045.92
2008-01-10,11.27817,2.45301,2.02152,1333082553469.72
2008-01-11,11.28278,2.45228,2.02218,1332585018488.13
2008-01-14,11.32405,2.44322,2.02983,1338703210663.62
2008-01-15,11.0727,2.47731,1.98452,1311608799948.23
2008-01-16,10.91636,2.51347,1.95526,1293143314581.23
2008-01-17,10.83121,2.53238,1.94082,1284933805632.15
2008-01-18,10.69125,2.56542,1.91607,1271722534874.46
2008-01-21,9.94497,2.74885,1.78257,1201943506242.92
2008-01-22,9.96512,2.75273,1.78336,1194865379325.76
2008-01-23,9.52397,2.87979,1.70678,1150263604145.47
2008-01-24,9.45445,2.72753,1.80558,1208262669578.63
2008-01-25,9.4618,2.72445,1.80747,1212623703311.96
2008-01-28,9.44832,2.72887,1.80249,1209224614313.39
2008-01-29,9.57769,2.69875,1.82725,1225133534392.93
2008-01-30,9.5346,2.70922,1.82007,1221074309235.73
2008-01-31,9.50147,2.74403,1.81279,1218478446557.22
2008-02-01,9.67576,2.69199,1.84724,1239276372569.23
2008-02-04,9.73137,2.67569,1.85853,1246604162942.81
2008-02-05,9.97672,2.77219,1.79368,1208549094797.39
2008-02-06,10.09211,2.7409,1.81381,1221093543121.32
2008-02-07,10.04451,2.81181,1.78121,1209394757840.77
2008-02-08,10.09279,2.79858,1.78973,1214466433402.92
2008-02-11,10.05286,2.80987,1.7828,1210232485241.82
2008-02-12,10.41403,2.71562,1.84564,1244270134463.14
2008-02-13,10.46148,2.70876,1.85028,1247559302060.47
2008-02-14,10.42682,2.71877,1.8491,1239730502870.83
2008-02-15,10.24493,2.76907,1.81657,1222187030513.56
2008-02-18,10.32276,2.71917,1.85143,1242438699376.06
2008-02-19,10.38527,2.70719,1.85906,1246292072960.31
2008-02-20,10.1996,2.74723,1.83317,1231160058968.29
2008-02-21,10.3315,2.93677,1.82698,1237687754835.88
2008-02-22,10.41208,2.8969,1.80383,1225151855158.72
2008-02-25,10.53098,2.8661,1.82155,1237638604005.55
2008-02-26,10.68182,2.96882,1.84175,1249229313465.48
2008-02-27,10.68868,2.96716,1.8433,1250448087193.6
2008-02-28,10.50472,3.0261,1.79256,1230357580702.9
2008-02-29,9.35929,2.83983,1.65552,1213883024851.32
2008-03-03,10.38681,3.10911,1.74755,1202257821630.16
2008-03-04,10.19159,3.18663,1.71349,1181825318682.32
2008-03-05,10.41951,3.12739,1.74921,1204012793294.97
2008-03-06,10.36367,3.24706,1.72157,1191590143127.11
2008-03-07,10.22582,3.28911,1.69543,1177668208182.95
2008-03-10,10.10185,3.32902,1.67419,1164000097131.74
2008-03-11,10.23369,3.29799,1.68785,1177670386925.49
2008-03-12,10.39334,3.26334,1.69647,1188626962115.69
2008-03-13,10.18623,3.32837,1.65042,1172360565662.17
2008-03-14,10.13157,3.34688,1.64829,1165250930260.39
2008-03-17,9.68235,3.50034,1.57543,1124763711208.18
2008-03-18,10.21883,3.38493,1.6302,1156174992265.19
2008-03-19,10.20864,3.40998,1.61742,1149596447694.57
2008-03-20,10.14141,3.4334,1.60522,1142856650540.95
2008-03-21,10.14141,3.43394,1.60492,1142856650540.95
2008-03-24,10.1451,3.42576,1.61085,1142856650540.95
2008-03-25,10.46968,3.32133,1.66276,1175810815067.92
2008-03-26,10.42782,3.3354,1.65538,1172003907072.85
2008-03-27,10.60636,3.28637,1.65811,1185771734505.35
2008-03-28,10.5732,3.30385,1.64066,1183209494849.2
2008-03-31,10.54763,3.31243,1.6349,1180623505633.38
2008-04-01,10.83369,3.22848,1.67864,1207535742376.62
2008-04-02,10.91612,3.20892,1.68856,1213476301165.65
2008-04-03,10.86574,3.22297,1.67856,1209200145195.39
2008-04-04,10.91433,3.21238,1.68459,1214638126731.02
2008-04-07,11.00218,3.18564,1.69853,1224199430981.09
2008-04-08,10.90462,3.21325,1.68285,1214101517352.72
2008-04-09,10.82759,3.23529,1.67185,1207259745795.2
2008-04-10,10.77744,3.25356,1.66259,1202445227825.5
2008-04-11,10.63256,3.29779,1.64039,1188526426041.58
2008-04-14,10.57485,3.32563,1.6294,1180692801472.93
2008-04-15,10.62838,3.31019,1.6371,1186545505348.76
2008-04-16,10.81418,3.25266,1.66541,1204061048520.82
2008-04-17,11.14728,3.11346,1.7081,1200500828246.54
2008-04-18,10.98564,3.2006,1.69199,1221474244468.08
2008-04-21,10.90698,3.22534,1.6797,1201593066249.4
2008-04-22,10.84456,3.24672,1.66963,1195737772946.84
2008-04-23,10.92531,3.2132,1.68664,1206046386381.96
2008-04-24,11.46303,3.20958,1.69053,1207162920063.08
2008-04-25,11.63273,3.18493,1.70168,1213878506857.86
2008-04-28,11.78506,3.17473,1.70692,1218047326628.6
2008-04-29,12.24488,3.19794,1.69502,1211841177221.12
2008-04-30,11.5945,3.17131,1.70846,1220858197157.2
2008-05-01,11.60359,3.17112,1.70812,1220858197157.2
2008-05-02,11.78009,3.13781,1.7244,1233053431863.96
2008-05-05,11.79187,3.13448,1.72609,1234590768841.8
2008-05-06,11.70882,3.15231,1.71719,1227659411214.6
2008-05-07,11.83838,3.12626,1.73151,1236824312911.71
2008-05-08,11.83812,3.1247,1.73189,1238323303866.84
2008-05-09,12.11927,3.15808,1.71397,1227087238373.24
2008-05-12,13.09469,3.1427,1.72241,1233311063113.38
2008-05-13,13.1398,3.13278,1.72778,1235392576542.89
2008-05-14,13.35563,3.11601,1.73695,1241191497176.74
2008-05-15,13.51023,3.12454,1.73498,1242593537290.29
2008-05-16,13.5832,17.63796,1.74507,1249253941350.2
2008-05-19,13.74135,17.43718,1.76768,1263885830075.55
2008-05-20,13.50727,17.73745,1.73634,1243878419128.05
2008-05-21,13.36167,17.85438,1.71844,1233226518672.84
2008-05-22,13.36828,17.84512,1.72018,1235673798025.07
2008-05-23,13.12169,18.18096,1.68825,1215203157991.94
2008-05-26,13.1202,18.18313,1.68783,1214431508001.69
2008-05-27,13.1248,18.1797,1.68748,1213623343880.4
2008-05-28,13.26938,17.99773,1.7044,1224614363530.8
2008-05-29,13.30025,17.91455,1.70622,1226183336664.99
2008-05-30,12.38419,17.8396,1.71288,1231378044859.14
2008-06-02,12.2478,18.03745,1.69399,1219918455866.38
2008-06-03,12.28447,17.96968,1.69974,1223483155677.71
2008-06-04,12.19234,18.10386,1.68728,1215874284862.84
2008-06-05,12.1711,18.13334,1.68455,1214691201422.51
2008-06-06,11.94387,18.4773,1.65318,1194678606493.95
2008-06-09,11.94199,18.48072,1.65251,1192890169311.56
2008-06-10,11.85672,18.61465,1.6403,1185134498834.03
2008-06-11,11.65641,18.9306,1.61296,1168590559378.2
2008-06-12,11.75108,18.77189,1.62633,1176365874629.45
2008-06-13,11.82719,18.57726,1.63686,1181722134470.01
2008-06-16,11.78834,18.63501,1.63184,1179171846924.69
2008-06-17,11.90712,18.44696,1.64847,1190171808685.69
2008-06-18,11.77497,18.65169,1.63036,1177835326942.7
2008-06-19,11.76916,18.66262,1.62966,1175213223055.7
2008-06-20,11.53475,19.508,1.60162,1156461438322.79
2008-06-23,11.52659,19.52257,1.60041,1154496652821.18
2008-06-24,11.41929,19.70783,1.58007,1142501183246.16
2008-06-25,11.56158,,1.59972,1155745852818.79
2008-06-26,11.23361,3.48925,1.5858,1131926405911.33
2008-06-27,11.22359,3.46432,1.55322,1131657813488.92
2008-06-30,11.21827,3.46647,1.55221,1125840966326.82
2008-07-01,11.02769,3.53291,1.52516,1108535811489.49
2008-07-02,10.97411,3.55062,1.51762,1102371902005.22
2008-07-03,11.02321,3.53515,1.52395,1105849857004.25
2008-07-04,10.90685,3.57161,1.50947,1095999720392.33
2008-07-07,11.1044,3.50898,1.5358,1111407746886.1
2008-07-08,10.93795,3.56327,1.51238,1096497395470.41
2008-07-09,11.08748,3.51446,1.53341,1109714399565.35
2008-07-10,10.9517,3.55836,1.51478,1097166756964.03
2008-07-11,10.69674,3.64404,1.47931,1074576949253.03
2008-07-14,10.75941,3.61935,1.48916,1079575716816.42
2008-07-15,10.54361,3.69367,1.4592,1060242968330.55
2008-07-16,10.67031,3.64949,1.46747,1069131722302.06
2008-07-17,10.87461,3.57965,1.49634,1087433678814.15
2008-07-18,11.39211,3.41684,1.57145,1098503634589.43
2008-07-21,11.10124,3.50477,1.52787,1106649629395.12
2008-07-22,11.12428,3.49931,1.53048,1107768077399.07
2008-07-23,11.27785,3.45123,1.56155,1127478366157.2
2008-07-24,11.09128,3.51001,1.53539,1110086896850.64
2008-07-25,11.07854,3.51281,1.53394,1109378992655.51
2008-07-28,10.94464,3.55585,1.51545,1089314458470.81
2008-07-29,10.99971,3.53919,1.52248,1094122940008.1
2008-07-30,11.13004,3.4973,1.54085,1105945877498.57
2008-07-31,11.17147,3.48184,1.54766,1107736215664.48
2008-08-01,11.23705,3.50594,1.54363,1093036595250.1
2008-08-04,10.92289,3.55983,1.51373,1084818611342.27
2008-08-05,11.18153,3.48063,1.54813,1105800726392.84
2008-08-06,11.26479,3.45318,1.56047,1113899941557.06
2008-08-07,11.23989,3.46049,1.55694,1111677606924.56
2008-08-08,11.2783,3.44775,1.56225,1115777667831.74
2008-08-11,11.35742,3.42378,1.57313,1123588498066.3
2008-08-12,11.31299,3.43634,1.56746,1121144528762.65
2008-08-13,11.05838,3.51574,1.53205,1097944574827.01
2008-08-14,11.09724,3.50366,1.53633,1100447230371.41
2008-08-15,11.11702,3.4982,1.53808,1102279855085.58
2008-08-18,11.09732,3.50345,1.53639,1100530822855.46
2008-08-19,10.86531,3.57871,1.50411,1080883063351.88
2008-08-20,10.92994,3.55754,1.51305,1086300233520.57
2008-08-21,10.80279,3.59981,1.49559,1075055135539.37
2008-08-22,10.9808,3.54102,1.52037,1090653692563.85
2008-08-25,10.905,3.56503,,1021739827974.77
2008-08-26,10.97732,3.54187,1.02008,1027514385018.63
2008-08-27,10.96005,3.54766,,1086638697772.73
2008-08-28,11.10798,3.49871,1.53756,1100174068839.19
2008-08-29,11.12689,3.49097,1.54078,1102514924285.1
2008-09-01,11.11923,3.49308,1.53975,1102206092578.67
2008-09-02,11.25356,3.43768,1.56043,1121857006811.32
2008-09-03,11.1438,3.47132,1.54528,1112524062756.27
2008-09-04,10.83344,3.58261,1.50119,1079325984449.0
2008-09-05,10.56086,3.67332,1.4638,1056233028894.02
2008-09-08,10.79143,3.59562,1.49556,1076062528615.02
2008-09-09,10.71089,3.62614,1.48278,1067221957125.0
2008-09-10,10.65491,3.64604,1.47838,1064437600696.35
2008-09-11,10.57548,3.66645,1.47017,1059809776764.14
2008-09-12,10.7007,3.62402,1.48752,1071536349963.76
2008-09-15,10.37739,3.73698,1.44441,1010822514397.63
2008-09-16,10.22591,3.79472,1.42257,1000573043325.48
2008-09-17,10.06191,3.84528,1.40022,993960474664.631
2008-09-18,10.10543,3.85624,1.39627,998908583689.489
2008-09-19,10.66701,3.69548,1.46011,1041013476736.87
2008-09-22,11.62585,3.75686,1.44023,1024843599628.94
2008-09-23,11.56658,3.79181,1.42685,1013567478911.38
2008-09-24,11.5277,3.80127,1.41423,1005317402591.72
2008-09-25,11.72465,3.74273,1.44469,1001189242521.14
2008-09-26,11.46596,3.81547,1.41714,983112671604.498
2008-09-29,10.98396,3.98007,1.35478,952083185795.746
2008-09-30,11.04634,3.971,1.36133,951119979237.419
2008-10-01,10.98128,3.99413,1.35339,944805027322.436
2008-10-02,10.7049,4.0964,1.3195,922408845577.122
2008-10-03,10.92663,4.01426,1.34648,939830839407.905
2008-10-06,10.13533,4.32824,1.24875,879392949750.96
2008-10-07,9.99528,4.38787,1.23155,867097518354.527
2008-10-08,9.41869,4.65695,1.16037,822601017727.045
2008-10-09,9.20756,4.76524,1.13404,808193299771.436
2008-10-10,8.59838,5.10441,1.0586,767346398446.149
2008-10-13,9.56249,4.58912,1.1776,842710379843.21
2008-10-14,9.82173,4.47075,1.20877,860372852499.423
2008-10-15,9.2056,4.77004,1.13284,820830435064.974
2008-10-16,8.74291,5.01401,1.07772,787204006873.225
2008-10-17,9.01962,4.86054,1.11171,803685216401.207
2008-10-20,9.11663,4.80153,1.12569,802545341701.269
2008-10-21,9.04039,4.83575,1.13681,795501493615.752
2008-10-22,8.63329,5.06168,1.08597,764267657472.095
2008-10-23,8.32537,5.14072,1.0692,750765462122.0
2008-10-24,7.90043,5.41635,1.01461,715601205644.956
2008-10-27,7.88316,5.42911,1.01215,754508489546.608
2008-10-28,8.66482,4.94861,1.11068,870199253487.104
2008-10-29,8.91411,4.90825,1.12003,817319803230.98
2008-10-30,9.54479,4.82771,1.13874,826998338205.368
2008-10-31,9.82072,4.70728,1.16779,843765231915.754
2008-11-03,9.82693,4.69825,1.17,832900502431.556
2008-11-04,10.60242,4.47391,1.22893,868908207578.46
2008-11-05,10.43525,4.57575,1.20153,852342876955.334
2008-11-06,9.69841,4.89231,1.12358,805724865865.498
2008-11-07,10.14781,4.7801,1.14999,821228941849.007
2008-11-10,10.58044,4.70294,1.16882,832293879471.651
2008-11-11,10.00092,4.94719,1.11106,797516627829.323
2008-11-12,9.87986,5.10258,1.07719,776469693846.171
2008-11-13,9.52171,5.06444,1.08545,782192736514.282
2008-11-14,9.63617,5.00926,1.09732,790194700519.554
2008-11-17,9.3897,5.17824,1.06119,763894200340.286
2008-11-18,9.43071,5.15865,1.06407,766678364564.062
2008-11-19,8.98442,5.41492,1.01367,735456828482.059
2008-11-20,8.69917,5.60174,0.97981,709517936902.091
2008-11-21,8.54635,5.7039,0.96267,701104354679.237
2008-11-24,9.33716,5.22115,1.05187,749553789103.234
2008-11-25,9.29524,5.24267,1.04761,736149605507.88
2008-11-26,9.07373,5.22972,1.03448,743331048305.111
2008-11-27,9.29437,5.10614,1.06097,759675835937.185
2008-11-28,9.25331,5.11496,1.05766,756512963990.916
2008-12-01,8.73187,5.42031,1.00215,719755175845.348
2008-12-02,8.98117,5.27142,1.03052,739267055287.631
2008-12-03,9.05023,5.23673,1.03778,744626811983.241
2008-12-04,9.05767,5.23361,1.03854,743617611765.03
2008-12-05,8.70305,5.4464,0.99794,719202494856.575
2008-12-08,9.32992,5.08456,1.06906,763251879537.639
2008-12-09,9.4397,5.02726,1.08125,770595416495.905
2008-12-10,9.49973,4.99728,1.08787,775031570435.756
2008-12-11,9.43074,5.03366,1.08019,769274356964.762
2008-12-12,9.24239,5.13598,1.05868,756216305001.749
2008-12-15,9.23256,5.14302,1.05748,755853898206.856
2008-12-16,9.36612,5.07011,1.07391,765264762996.545
2008-12-17,9.34016,5.08491,1.07099,763477378348.625
2008-12-18,9.43883,5.03289,1.08308,772152819180.938
2008-12-19,9.22456,5.18658,1.05375,758870948819.654
2008-12-22,8.88982,5.23046,1.04435,749505986614.163
2008-12-23,8.77388,5.23933,1.04483,750491275756.309
2008-12-24,8.77388,5.23935,1.04486,750518082943.729
2008-12-25,8.77388,5.23935,1.04486,750529794764.589
2008-12-26,8.77389,5.23935,1.04488,750529794764.589
2008-12-29,8.94039,5.13947,1.06536,763300307380.044
2008-12-30,9.13771,5.02878,1.08886,777382515829.961
2008-12-31,9.13771,5.02878,1.09537,777430516206.761
2009-01-01,9.13771,5.02878,1.09604,777430516206.761
2009-01-02,9.43665,4.87057,1.1317,812019189065.144
2009-01-05,9.4626,4.85648,1.13506,814807022748.835
2009-01-06,9.53469,4.81967,1.14369,823329821628.47
2009-01-07,9.36399,4.90724,1.12332,812393293291.954
2009-01-08,9.2427,4.97341,1.10826,803613192877.402
2009-01-09,9.07342,5.06616,1.08799,789844714424.727
2009-01-12,8.94439,5.14017,1.07228,775962596159.95
2009-01-13,8.79391,5.22806,1.05418,763411992233.03
2009-01-14,8.39866,5.0032,1.00722,735080666824.125
2009-01-15,8.24561,5.09501,0.98887,724273547339.186
2009-01-16,8.29829,5.06462,0.99486,729071767017.86
2009-01-19,8.20092,5.12472,0.98326,722171809462.654
2009-01-20,8.0579,5.21591,0.96597,711830065515.408
2009-01-21,8.0928,5.19435,0.97005,713968003531.409
2009-01-22,8.01059,5.24713,0.96025,707809368592.686
2009-01-23,7.91654,5.29719,0.95121,706016603482.872
2009-01-26,8.17698,5.13038,0.9822,727131647305.738
2009-01-27,8.14264,5.12582,0.98324,728107205467.855
2009-01-28,8.4679,4.92166,1.02396,753035177284.913
2009-01-29,8.31756,5.01698,1.00446,739052157460.39
2009-01-30,8.11724,5.09659,0.98364,729422693691.305
2009-02-02,8.02537,5.1874,0.96927,719666288375.89
2009-02-03,8.2067,5.07194,0.99143,733738445492.89
2009-02-04,8.41156,4.94848,1.01594,749732172706.114
2009-02-05,8.44304,4.93062,1.01936,749464897714.461
2009-02-06,8.68196,4.79495,1.04828,767822579091.884
2009-02-09,8.73404,4.76567,1.05475,768948785640.657
2009-02-10,8.44224,4.98319,1.01946,747854080528.546
2009-02-11,8.47209,4.96217,1.02392,751198032689.433
2009-02-12,8.23314,5.09283,0.998,729586676261.009
2009-02-13,8.2791,5.08248,1.0,730469199424.076
2009-02-16,8.19969,5.12679,0.99064,724751364360.683
2009-02-17,8.35705,5.0382,0.95714,701366824853.498
2009-02-18,8.51941,4.89228,0.95377,698584442120.893
2009-02-19,8.55194,4.86516,0.96588,702732728913.283
2009-02-20,8.17454,5.09858,0.92158,674706134190.204
2009-02-23,8.01592,5.19732,0.89733,660364395005.364
2009-02-24,7.92481,5.25743,0.8882,653085747567.436
2009-02-25,7.82021,5.31623,0.87739,645280858955.375
2009-02-26,8.7845,5.11255,0.89866,656917723596.178
2009-02-27,8.58992,5.17203,0.88201,642492968408.943
2009-03-02,8.27737,5.35496,0.86087,623116955136.557
2009-03-03,8.20529,5.38899,0.85883,619572763627.413
2009-03-04,8.63097,5.10128,0.90245,647724944229.041
2009-03-05,8.21252,5.36385,0.8582,621891633107.066
2009-03-06,8.15154,5.41642,0.84976,616010028607.623
2009-03-09,8.19194,5.36732,0.85351,617214050317.139
2009-03-10,8.60197,5.09853,0.89713,643755097124.006
2009-03-11,9.32989,4.98915,0.93505,647139329360.279
2009-03-12,9.3875,4.93446,0.94296,650857588808.598
2009-03-13,9.39679,4.93184,0.96299,720744306030.194
2009-03-16,9.12623,4.82306,0.98766,734542921195.511
2009-03-17,8.97939,4.87303,1.01392,725342030912.169
2009-03-18,9.20744,4.85774,1.00257,659272372708.218
2009-03-19,9.26204,4.80343,1.01576,663652328522.528
2009-03-20,9.34614,4.84553,1.01491,666155247670.903
2009-03-23,9.54724,4.72739,1.03996,678480644206.739
2009-03-24,9.67085,4.71398,1.04272,681134001259.924
2009-03-25,9.78519,4.67621,1.06791,691660476796.462
2009-03-26,9.84804,4.61687,1.08074,701330525902.484
2009-03-27,9.76934,4.66559,1.06804,693227225520.175
2009-03-30,9.38855,4.87291,1.0083,664294202174.913
2009-03-31,9.58404,4.76393,1.03184,677047566622.682
2009-04-01,9.69592,4.70236,1.04474,684337198338.044
2009-04-02,10.17738,4.43775,1.10651,720240406389.423
2009-04-03,9.65277,4.43239,1.10747,721346830707.882
2009-04-06,9.60602,4.45372,1.10099,718223913676.981
2009-04-07,9.57031,4.4718,1.09252,714384230050.025
2009-04-08,9.6692,4.43268,1.09954,718234256769.137
2009-04-09,9.91216,4.30336,1.13954,737458752330.777
2009-04-10,9.91911,4.30342,1.13954,737462802330.777
2009-04-13,9.91911,4.30342,1.13953,737463438330.777
2009-04-14,10.03465,4.23874,1.15709,746851023342.725
2009-04-15,10.03685,4.245,1.15555,746151551498.047
2009-04-16,10.13619,4.19022,1.17094,754494103094.348
2009-04-17,10.27494,4.12429,1.18985,767999041782.829
2009-04-20,9.92053,4.29882,1.14135,739422974828.552
2009-04-21,9.95542,4.28747,1.14594,740098075999.613
2009-04-22,10.13028,4.22487,1.17075,751396779003.354
2009-04-23,9.96055,4.29732,1.15051,740781155395.078
2009-04-24,10.26626,4.18049,1.18281,759640688792.69
2009-04-27,10.29312,4.17453,1.19698,761622106789.326
2009-04-28,10.11718,4.25589,1.17413,749387119563.962
2009-04-29,10.39613,4.17131,1.19791,761342923511.814
2009-04-30,10.64415,4.11801,1.213,768830411768.441
2009-05-01,10.8764,4.11778,1.2135,768831047768.441
2009-05-04,11.1093,4.07002,1.23715,781515199885.724
2009-05-05,11.07809,4.10231,1.22767,777960540299.525
2009-05-06,11.12968,4.08545,1.23683,783321862743.389
2009-05-07,10.57606,4.17344,1.21092,772027576879.069
2009-05-08,12.08331,4.09276,1.23461,784664377156.115
2009-05-11,11.83362,4.14789,1.21862,774840115628.017
2009-05-12,12.06902,4.16053,1.21563,773282144374.465
2009-05-13,11.89521,4.28529,1.18105,752833174403.171
2009-05-14,12.08762,4.27011,1.18601,754777319617.033
2009-05-15,12.94747,4.25994,1.18849,756143125466.906
2009-05-18,13.18902,4.16741,1.21489,771961378045.579
2009-05-19,13.47698,4.07641,1.24173,785150830754.982
2009-05-20,13.75728,4.01121,1.26272,795042371644.753
2009-05-21,13.37197,4.12405,1.22808,778393010784.398
2009-05-22,13.42244,4.10827,1.2328,781365166406.924
2009-05-25,13.41872,4.11158,1.23183,780850081706.344
2009-05-26,13.56445,4.0634,1.24574,787145233659.195
2009-05-27,13.59249,4.04931,1.25006,788719144305.86
2009-05-28,13.43769,4.10707,1.23218,778455094248.047
2009-05-29,13.46088,4.10126,1.23405,779580540538.249
2009-06-01,14.00574,3.94428,1.28314,808013007494.434
2009-06-02,14.05416,3.93952,1.28424,814558271952.744
2009-06-03,13.81887,4.00724,1.2628,800711161472.244
2009-06-04,13.84404,3.99902,1.26549,803692128042.654
2009-06-05,13.85346,3.98854,1.26874,803896118269.724
2009-06-08,13.50457,4.04718,1.25032,795581946754.326
2009-06-09,13.51346,4.04246,1.24869,795606992368.52
2009-06-10,13.69597,3.9961,1.26405,803236277194.402
2009-06-11,13.84499,3.95344,1.27767,810988796376.602
2009-06-12,13.74415,3.98072,1.26886,804819561226.383
2009-06-15,13.29249,4.11994,1.22611,780247045246.292
2009-06-16,13.25954,4.12538,1.224,778455673255.172
2009-06-17,13.00492,4.20894,1.1996,765549046935.872
2009-06-18,13.04256,4.17789,1.20848,769230937884.496
2009-06-19,13.03044,4.094,1.20312,768182745666.187
2009-06-22,12.66364,4.22086,1.1665,747422295555.304
2009-06-23,12.71597,4.2072,1.17016,750229917876.525
2009-06-24,13.05475,4.09617,1.20187,771858402199.632
2009-06-25,12.93848,4.12288,1.19423,766246665654.491
2009-06-26,12.88566,4.14078,1.18911,764865257222.97
2009-06-29,13.15406,4.05284,1.21491,778574780071.697
2009-06-30,12.95917,4.10646,1.1988,768594546703.081
2009-07-01,13.18152,4.03084,1.22142,782696526500.254
2009-07-02,12.71491,4.17469,1.17924,757673728571.425
2009-07-03,12.65728,4.18899,1.1752,755044602056.595
2009-07-06,12.78838,4.24121,1.16074,745504278339.309
2009-07-07,12.61934,4.28838,1.14793,737668964069.605
2009-07-08,12.57335,4.31281,1.14513,735232818849.565
2009-07-09,12.70531,4.26157,1.15895,742965514328.336
2009-07-10,12.56168,4.30933,1.14634,736257967507.361
2009-07-13,12.94907,4.18168,1.18153,756517582195.86
2009-07-14,13.09783,4.1279,1.19699,766123131733.631
2009-07-15,13.50296,4.00841,1.23277,789638863674.329
2009-07-16,13.59592,3.98401,1.24021,794920862821.709
2009-07-17,13.64831,3.96662,1.24421,796836427351.759
2009-07-20,13.75746,3.93283,1.25497,800482166792.975
2009-07-21,13.94956,3.88155,1.28544,813998601408.612
2009-07-22,14.04641,3.86675,1.2909,817281809693.584
2009-07-23,14.3443,3.78362,1.31928,831895424309.215
2009-07-24,14.31882,3.79521,1.3153,831695429907.4
2009-07-27,14.32846,3.7848,1.31895,832543040702.124
2009-07-28,14.18932,3.84289,1.29922,820732133918.351
2009-07-29,14.46165,3.77858,1.32126,830422558422.546
2009-07-30,15.18567,3.71381,1.34459,846714474528.982
2009-07-31,15.13884,3.72819,1.33935,843890914725.692
2009-08-03,15.36251,3.66295,1.36345,855864789717.551
2009-08-04,15.30562,3.66883,1.35868,852787308598.651
2009-08-05,15.224,3.70599,1.34517,842949171780.649
2009-08-06,15.29857,3.69273,1.35008,847209856281.22
2009-08-07,15.55712,3.63815,1.37036,860504596111.743
2009-08-10,15.43105,3.66203,1.36139,853674959706.352
2009-08-11,15.11543,3.74684,1.33056,836566285670.838
2009-08-12,15.36439,3.7009,1.34706,844580809160.409
2009-08-13,15.11099,3.66164,1.36158,852117832566.018
2009-08-14,13.85257,3.71303,1.34285,836337146862.461
2009-08-17,13.6183,3.78743,1.31639,818193368005.893
2009-08-18,13.74588,3.74951,1.32984,824871262364.881
2009-08-19,13.77109,3.75407,1.32835,818632610523.888
2009-08-20,13.95385,3.70042,1.34765,829439297134.821
2009-08-21,14.3115,3.60611,1.38186,842856992555.398
2009-08-24,14.4335,3.57021,1.39577,849334897055.036
2009-08-25,14.44628,3.54692,1.40497,853307532802.145
2009-08-26,14.30072,3.56921,1.3962,848948660519.162
2009-08-27,14.21086,3.60095,1.3839,842682554425.366
2009-08-28,14.31991,3.56748,1.39688,849065451451.043
2009-08-31,14.33206,3.60377,1.38291,841151933209.681
2009-09-01,13.98737,3.69412,1.34907,820984982528.404
2009-09-02,14.01151,3.70452,1.34534,818640926081.728
2009-09-03,13.96325,3.7063,1.3447,818600058299.941
2009-09-04,14.10167,3.64963,1.36559,829906607111.739
2009-09-07,14.31151,3.5946,1.38595,841082815222.435
2009-09-08,14.37204,3.58176,1.3922,843957981542.326
2009-09-09,14.5501,3.52651,1.41403,857043836876.557
2009-09-10,14.58859,3.51409,1.419,860280659339.648
2009-09-11,14.64323,3.49459,1.42688,865462090399.491
2009-09-14,14.66732,3.49989,1.42473,863735939099.43
2009-09-15,14.73177,3.48709,1.42996,867072237049.546
2009-09-16,14.87695,3.44133,1.44897,876739403911.814
2009-09-17,14.95612,3.42296,1.45675,880266643241.16
2009-09-18,15.00253,3.43895,1.45316,874876659317.232
2009-09-21,14.86991,3.46638,1.44167,867815675852.398
2009-09-22,14.92928,3.44022,1.45259,874403724745.06
2009-09-23,14.91549,3.44281,1.44989,872559848166.008
2009-09-24,14.70459,3.50099,1.42575,860004949642.186
2009-09-25,14.64797,3.51394,1.42438,859945399741.678
2009-09-28,15.0514,3.42266,1.46241,880666062476.321
2009-09-29,14.97922,3.43289,1.45806,878693779649.171
2009-09-30,14.88957,3.45027,1.45078,874138698273.459
2009-10-01,14.581,3.52493,1.42002,857813176798.701
2009-10-02,14.38235,3.584,1.39661,844177057026.364
2009-10-05,14.49178,3.55593,1.4077,850583549239.192
2009-10-06,14.85439,3.46014,1.4468,871803510051.056
2009-10-07,14.8378,3.46618,1.44467,870918960257.074
2009-10-08,15.03571,3.41801,1.46503,882286808063.033
2009-10-09,15.0396,3.4194,1.46444,882451740458.415
2009-10-12,15.21632,3.38002,1.48149,891629783208.266
2009-10-13,15.03688,3.42046,1.4644,880646402200.611
2009-10-14,15.3757,3.34383,1.49848,898902573928.591
2009-10-15,15.29502,3.35761,1.49232,895782383534.115
2009-10-16,15.05825,3.40957,1.4696,883918351378.984
2009-10-19,15.30883,3.35018,1.49565,898248342462.453
2009-10-20,15.22816,3.37259,1.48574,892887171894.002
2009-10-21,15.31029,3.36323,1.48986,894841497743.657
2009-10-22,15.10975,3.40575,1.47125,884765084046.502
2009-10-23,15.04757,3.41619,1.46684,881269411726.284
2009-10-26,14.88521,3.47562,1.4418,868365527256.426
2009-10-27,14.92504,3.48905,1.43625,863858490586.316
2009-10-28,14.56182,3.58436,1.39811,840727968888.684
2009-10-29,15.28485,3.52079,1.42336,855438209135.081
2009-10-30,14.84429,3.62513,1.38205,834352141985.389
2009-11-02,14.86856,3.61673,1.38526,835829265818.115
2009-11-03,14.78488,3.66667,1.3664,825089778166.611
2009-11-04,15.08587,3.59929,1.39198,839917412566.496
2009-11-05,15.23978,3.57504,1.40136,845174946170.962
2009-11-06,14.76714,3.5656,1.40513,847645001736.518
2009-11-09,16.37325,3.48562,1.43732,865468414651.298
2009-11-10,16.28009,3.49778,1.43172,858673112378.904
2009-11-11,15.4973,3.46321,1.44601,866581834552.577
2009-11-12,15.73974,3.46588,1.44489,866050062813.289
2009-11-13,15.78754,3.39862,1.45007,868984567576.504
2009-11-16,16.08295,3.33051,1.47977,884821837774.629
2009-11-17,16.0275,3.34671,1.47289,880722054528.058
2009-11-18,16.06305,3.33969,1.47597,882572098381.878
2009-11-19,15.84886,3.39155,1.45343,870620222281.278
2009-11-20,15.76875,3.41564,1.44318,864857274761.914
2009-11-23,16.15035,3.3343,1.47837,883730577122.19
2009-11-24,16.06357,3.35253,1.47032,878800979554.086
2009-11-25,16.1582,3.33443,1.47832,883664756934.217
2009-11-26,15.67077,3.44766,1.43065,856248247681.744
2009-11-27,15.83656,3.40171,1.44925,868359864586.557
2009-11-30,16.37529,3.43496,1.44215,859426473523.286
2009-12-01,,3.33577,1.48209,879869062191.616
2009-12-02,20.89938,3.33167,1.48394,880451593450.007
2009-12-03,20.80117,3.33753,1.48135,879941842430.292
2009-12-04,19.47348,3.31105,1.4936,886744653494.908
2009-12-07,19.3995,3.32547,1.48713,884076532776.037
2009-12-08,19.1104,3.37446,1.46341,871196098771.957
2009-12-09,19.03323,3.39951,1.45264,865065341870.569
2009-12-10,19.41472,3.36562,1.46714,872555866305.39
2009-12-11,19.65966,3.33875,1.47906,878424038245.385
2009-12-14,19.77641,3.31418,1.49255,884587163862.092
2009-12-15,19.93558,3.30941,1.49465,885184544222.413
2009-12-16,20.18005,3.25712,1.51608,895131310178.001
2009-12-17,20.01397,3.2888,1.50205,886815902338.593
2009-12-18,19.71574,3.26445,1.49723,884673495346.904
2009-12-21,19.99546,3.21642,1.51961,896142583441.337
2009-12-22,20.01622,3.20962,1.52286,898006276929.601
2009-12-23,20.04887,3.20396,1.52552,899832410520.584
2009-12-24,20.04887,3.20396,1.52552,899832410520.584
2009-12-25,20.04887,3.20397,1.52558,899822758020.584
2009-12-28,20.15842,3.18477,1.53479,904585503146.876
2009-12-29,20.22815,3.1776,1.53807,906458103323.722
2009-12-30,20.10587,3.20201,1.52625,900909332798.049
2009-12-31,20.10587,3.20201,1.52626,900909332798.049
2010-01-01,20.11209,3.2022,1.52655,900735275519.729
2010-01-04,20.34894,3.15375,1.55013,913390315286.693
2010-01-05,20.29126,3.15558,1.54919,915792168603.276
2010-01-06,20.34851,3.15157,1.55114,917823351772.196
2010-01-07,20.17638,3.15472,1.54949,917060960346.574
2010-01-08,20.16893,3.14433,1.55459,919926442246.357
2010-01-11,20.20172,3.14188,1.55574,921485582654.104
2010-01-12,19.90753,3.1926,1.53103,907393029575.227
2010-01-13,19.98864,3.17931,1.53769,913416587787.821
2010-01-14,20.06024,3.16245,1.54587,918108063623.461
2010-01-15,19.68645,3.21968,1.5188,903070015284.926
2010-01-18,19.83012,3.19945,1.52883,907720499159.52
2010-01-19,20.01397,3.17367,1.54127,913839140078.012
2010-01-20,19.63348,3.23813,1.51052,898451971078.093
2010-01-21,19.32614,3.29239,1.48553,885578694450.518
2010-01-22,19.16886,3.32654,1.47041,875744090043.173
2010-01-25,18.9633,3.35887,1.45652,869145672076.032
2010-01-26,21.51733,3.33768,1.46589,873364164856.884
2010-01-27,21.50281,3.36221,1.45519,866737070349.007
2010-01-28,21.13105,3.41763,1.43161,853968010195.39
2010-01-29,21.35828,3.37997,1.44662,862459800888.654
2010-02-01,21.48657,3.35222,1.4585,869614176818.485
2010-02-02,21.69757,3.32522,1.47385,879278517756.127
2010-02-03,21.55947,3.34565,1.46478,874370291135.56
2010-02-04,18.09637,3.45637,1.42867,854215293983.053
2010-02-05,17.73267,3.52416,1.40125,838689134912.895
2010-02-08,17.85542,3.49721,1.41249,843687229141.03
2010-02-09,17.92212,3.48508,1.41738,846998758242.76
2010-02-10,18.29923,3.45927,1.4272,850886621885.165
2010-02-11,18.10934,3.48339,1.41466,845417826639.575
2010-02-12,18.10934,3.48339,1.41466,845417826639.575
2010-02-15,18.17223,3.44501,1.41844,847328828149.057
2010-02-16,18.42061,3.39835,1.43811,857198322610.529
2010-02-17,19.02336,3.36146,1.45358,866065285362.779
2010-02-18,19.17807,3.259,1.46183,870900126874.624
2010-02-19,19.25277,3.23872,1.47045,876012976181.362
2010-02-22,19.1726,3.25591,1.46292,872042644983.062
2010-02-23,18.84517,3.2981,1.44205,860946677232.154
2010-02-24,18.89015,3.29752,1.44311,861349792177.37
2010-02-25,16.11723,3.31774,1.41768,848831954599.303
2010-02-26,16.29647,3.2695,1.43456,858728222229.043
2010-03-01,16.62686,3.16874,1.46314,873561251662.031
2010-03-02,16.78763,3.08269,1.47928,882776959355.308
2010-03-03,16.90786,3.05452,1.48993,888984528121.326
2010-03-04,16.85292,3.0642,1.48799,886645618399.432
2010-03-05,17.0702,3.02229,1.50863,899937368829.476
2010-03-08,17.07739,3.02257,1.50849,899932909734.225
2010-03-09,17.09947,3.02133,1.51044,899945123409.399
2010-03-10,14.94074,2.99247,1.50048,907333828648.448
2010-03-11,14.82227,2.96012,1.49939,908323084156.973
2010-03-12,14.81753,2.95222,1.50453,910720699358.528
2010-03-15,14.72346,2.97291,1.49475,905518986957.855
2010-03-16,16.3196,2.93976,1.51087,914396765127.848
2010-03-17,16.78274,2.91447,1.49899,921138448818.371
2010-03-18,16.91859,2.91887,1.48896,918852503656.128
2010-03-19,15.43442,2.91929,1.46364,915259456865.176
2010-03-22,15.44096,2.91717,1.46225,914347062123.985
2010-03-23,15.51997,2.89477,1.46988,920213033827.926
2010-03-24,15.5597,2.88282,1.47468,921798177008.788
2010-03-25,15.69347,2.84479,1.4817,934172623936.716
2010-03-26,15.66183,2.84905,1.479,932610499111.302
2010-03-29,15.76439,2.83275,1.48516,940859570532.258
2010-03-30,15.74981,2.84106,1.48098,937936740183.967
2010-03-31,15.76795,2.83267,1.49105,945106533551.11
2010-04-01,15.9825,2.79412,1.50959,955814083141.962
2010-04-02,15.98577,2.79412,1.50976,955777034517.936
2010-04-05,15.98577,2.79403,1.50978,955777034517.936
2010-04-06,16.03739,2.77672,1.51556,959514087073.829
2010-04-07,15.96228,2.78874,1.50903,956349888180.651
2010-04-08,15.82252,2.81294,1.49514,948097304772.297
2010-04-09,16.03597,2.77747,1.51389,958266455652.994
2010-04-12,16.05638,2.77756,1.51382,958832210795.666
2010-04-13,16.02897,2.78619,1.50886,956503964049.44
2010-04-14,16.14335,2.76321,1.52157,964740778081.694
2010-04-15,16.15289,2.75668,1.52734,968913391919.944
2010-04-16,15.8717,2.80369,1.50528,960433941852.695
2010-04-19,15.81523,2.81392,1.49651,956238691680.066
2010-04-20,16.04372,2.76607,1.52161,971839436263.654
2010-04-21,15.98132,2.77827,1.51501,969194232028.289
2010-04-22,15.80182,2.81429,1.50053,960138335483.032
2010-04-23,15.9698,2.77735,1.51474,965953174705.486
2010-04-26,16.14922,2.74518,1.53209,975483429763.658
2010-04-27,15.68411,2.82162,1.4899,950890182091.225
2010-04-28,15.24542,2.8639,1.46801,938153187555.194
2010-04-29,15.18723,2.84169,1.48267,946293028217.126
2010-04-30,14.6304,2.85279,1.47643,943614058294.887
2010-05-03,14.74504,2.86109,1.48152,947716267230.375
2010-05-04,14.31316,2.95103,1.4365,920720887301.419
2010-05-05,14.14804,2.98821,1.41933,911167519542.926
2010-05-06,13.74221,3.03754,1.40121,900708685860.58
2010-05-07,13.11191,3.15637,1.34918,870660924477.156
2010-05-10,13.79429,2.99529,1.42176,913082434329.592
2010-05-11,13.85477,2.98752,1.42545,914272148148.929
2010-05-12,13.98813,2.91596,1.46013,934740413078.697
2010-05-13,13.11004,2.88708,1.47477,943397176159.222
2010-05-14,12.69454,2.97947,1.42903,916897275157.567
2010-05-17,12.71128,2.97983,1.42882,915952558359.669
2010-05-18,12.89417,2.93771,1.44912,927499095501.141
2010-05-19,12.55964,3.02135,1.40846,904138806432.995
2010-05-20,12.29956,3.08868,1.37778,885456952366.136
2010-05-21,12.21444,3.11007,1.36982,880704109704.972
2010-05-24,12.16925,3.12086,1.36511,878305332924.326
2010-05-25,11.87767,3.20493,1.32928,856611489999.244
2010-05-26,12.06413,3.14803,1.35274,871656529500.14
2010-05-27,12.42274,3.05014,1.39605,896758014311.788
2010-05-28,12.41284,3.0499,1.39882,898198920469.551
2010-05-31,12.4652,3.03924,1.40383,901487717590.854
2010-06-01,12.49985,3.0346,1.40614,902930955527.195
2010-06-02,12.50826,3.03355,1.40668,903425104731.718
2010-06-03,12.66201,2.99526,1.42469,914136178076.843
2010-06-04,12.42411,3.0532,1.39759,898945221165.243
2010-06-07,12.37157,3.0744,1.38783,893045044234.641
2010-06-08,12.28825,3.09613,1.37816,886493096124.418
2010-06-09,12.50506,3.03672,1.40518,903218973608.364
2010-06-10,12.64604,2.99301,1.42435,915667594138.334
2010-06-11,12.6447,2.99436,1.42285,915474073399.828
2010-06-14,12.82712,2.95523,1.44174,925423559334.605
2010-06-15,12.93317,2.93344,1.45226,931105405823.644
2010-06-16,12.9753,2.92856,1.45469,932006000443.243
2010-06-17,13.0107,2.91336,1.46212,938099551830.453
2010-06-18,13.1097,2.8717,1.46225,937877452600.314
2010-06-21,13.2474,2.8376,1.48036,948704108756.767
2010-06-22,13.19069,2.84982,1.47414,945137894220.637
2010-06-23,13.05837,2.87886,1.45911,937213896585.133
2010-06-24,12.86721,2.92236,1.43732,925253805036.933
2010-06-25,12.79966,2.94377,1.42691,917058073201.533
2010-06-28,12.97374,2.90145,1.44784,929718656156.371
2010-06-29,12.55573,3.00078,1.39975,902548802558.013
2010-06-30,12.57593,2.99442,1.40271,904278217497.327
2010-07-01,12.36358,3.05052,1.37717,889282584732.596
2010-07-02,12.31554,3.05901,1.3736,887429358886.534
2010-07-05,12.28588,3.06696,1.37057,885934256647.774
2010-07-06,12.53965,3.0002,1.40132,905130212421.76
2010-07-07,12.63344,2.97752,1.41193,902987500538.51
2010-07-08,12.73332,2.95657,1.42193,907966715210.152
2010-07-09,12.79171,2.94153,1.42914,911997222106.115
2010-07-12,12.8273,2.93522,1.43225,913723742687.472
2010-07-13,13.02627,2.88301,1.45824,929577935298.996
2010-07-14,13.06801,2.8762,1.46165,931190732107.883
2010-07-15,12.94196,2.90352,1.44793,923856625878.624
2010-07-16,12.70947,2.95319,1.42405,910745768709.824
2010-07-19,12.64621,2.96867,1.41661,907033085764.223
2010-07-20,12.57514,2.98955,1.40673,900684379501.601
2010-07-21,12.64085,2.97304,1.41447,905920123040.392
2010-07-22,12.95078,2.90062,1.44987,926232743195.463
2010-07-23,12.99628,2.88849,1.45602,929599816885.058
2010-07-26,13.05542,2.87186,1.46449,934656848191.199
2010-07-27,13.46089,2.86813,1.46639,935185547141.85
2010-07-28,13.33935,2.88241,1.45907,930658883219.166
2010-07-29,12.98496,2.90466,1.44793,924257730873.993
2010-07-30,12.91326,2.90237,1.44912,924479569817.442
2010-08-02,13.21566,2.83654,1.48268,944047239274.032
2010-08-03,13.14382,2.83015,1.48615,946287815137.448
2010-08-04,13.16044,2.82007,1.49145,949370702368.471
2010-08-05,13.13044,2.81837,1.48942,949455921194.242
2010-08-06,12.97297,2.85013,1.47291,939711440353.667
2010-08-09,13.39158,2.80984,1.49404,951417614404.142
2010-08-10,13.2653,2.83993,1.47822,941787423800.011
2010-08-11,13.01286,2.90229,1.44641,923356997132.784
2010-08-12,13.01188,2.91314,1.44104,919353175010.575
2010-08-13,12.95875,2.92255,1.43644,918253972859.444
2010-08-16,12.95226,2.92127,1.43706,917979631260.996
2010-08-17,13.14534,2.87638,1.45956,931055198624.392
2010-08-18,13.10893,2.88384,1.45577,928904542353.542
2010-08-19,12.88504,2.93262,1.43149,915988417834.212
2010-08-20,12.73407,2.96826,1.4143,905935483544.208
2010-08-23,12.74864,2.96519,1.41581,906753082886.864
2010-08-24,12.58643,3.0055,1.39678,895596024616.61
2010-08-25,12.50999,3.02569,1.38742,889802364620.359
2010-08-26,12.54213,3.015,1.39216,893473839194.609
2010-08-27,12.62963,2.99365,1.4017,900310181321.139
2010-08-30,12.55772,3.01042,1.39409,892641632265.419
2010-08-31,12.5892,3.00354,1.39736,895092982957.762
2010-09-01,12.91684,2.92646,1.4342,916161286779.784
2010-09-02,12.91525,2.92442,1.43545,917199562860.312
2010-09-03,13.01839,2.90177,1.4467,923370303709.464
2010-09-06,13.0591,2.89251,1.45133,926382546085.442
2010-09-07,12.97442,2.90987,1.4426,921241715722.432
2010-09-08,13.07028,2.88913,1.45298,927723307270.432
2010-09-09,13.19042,2.86201,1.46678,936410820772.434
2010-09-10,13.18455,2.86341,1.4661,937931819102.527
2010-09-13,13.27532,2.84243,1.47599,943822748074.577
2010-09-14,13.30669,2.83671,1.47899,946558147845.64
2010-09-15,13.2805,2.84311,1.47726,944800591958.72
2010-09-16,13.26803,2.84845,1.4746,943098655757.413
2010-09-17,13.23487,2.84214,1.46842,939333805066.935
2010-09-20,13.42057,2.80468,1.48668,951315894445.581
2010-09-21,13.28527,2.80665,1.47766,949776682086.305
2010-09-22,13.2386,2.84162,1.45594,937441304987.158
2010-09-23,13.19595,2.85308,1.44993,934103550683.54
2010-09-24,13.42354,2.80338,1.47658,950935237425.868
2010-09-27,13.38717,2.81122,1.47256,949520310177.755
2010-09-28,13.38136,2.81129,1.47207,949763336820.056
2010-09-29,13.32527,2.82242,1.46628,947557159418.412
2010-09-30,13.29548,2.82791,1.50869,958520414371.641
2010-10-01,13.25485,2.83466,1.50447,956520580457.588
2010-10-04,13.0992,2.86886,1.48683,944945452008.598
2010-10-05,13.26087,2.83372,1.5051,956087582797.894
2010-10-06,13.36901,2.80953,1.5181,962652340772.907
2010-10-07,13.38341,2.80696,1.5196,964949841974.331
2010-10-08,13.42446,2.79883,1.52394,967599954333.677
2010-10-11,13.46823,2.78887,1.52949,970520533187.735
2010-10-12,13.46,2.79028,1.52876,970413182769.674
2010-10-13,13.7218,2.73493,1.55971,987866104590.912
2010-10-14,13.77171,2.72549,1.56579,991591104844.132
2010-10-15,13.84697,2.71107,1.5742,995757755178.252
2010-10-18,13.89075,2.70195,1.57952,998013973190.322
2010-10-19,13.83103,2.71522,1.57176,992808098630.238
2010-10-20,13.90418,2.70146,1.58007,998155980903.926
2010-10-21,14.08145,2.66826,1.59973,1009276670337.65
2010-10-22,14.08183,2.66866,1.60557,1010542689620.46
2010-10-25,14.15845,2.65343,1.61477,1017330006025.72
2010-10-26,14.10533,2.6631,1.60881,1014450775697.73
2010-10-27,14.78429,2.68137,1.5978,1008256762416.04
2010-10-28,14.09198,2.67101,1.60399,1012662926635.04
2010-10-29,14.1044,2.6679,1.60627,1014504487051.6
2010-11-01,14.11501,2.66533,1.60778,1015706374959.73
2010-11-02,14.18422,2.64754,1.61866,1020745597872.01
2010-11-03,14.13383,2.66028,1.61088,1016203292059.57
2010-11-04,14.21343,2.61687,1.63763,1031168106505.86
2010-11-05,14.22806,2.61033,1.64131,1032402192820.98
2010-11-08,14.22351,2.61106,1.64131,1032146244611.11
2010-11-09,14.30008,2.59619,1.65165,1038698322771.51
2010-11-10,14.03169,2.62191,1.6356,1029173442835.91
2010-11-11,14.66031,2.74917,1.63456,1027366252196.34
2010-11-12,14.6484,2.745,1.63709,1029724063319.18
2010-11-15,14.745,2.72209,1.65034,1035966059415.89
2010-11-16,14.34386,2.78995,1.61904,1018010683005.94
2010-11-17,14.41209,2.77481,1.62779,1022952261687.33
2010-11-18,14.69745,2.72133,1.65968,1042026136300.9
2010-11-19,14.71342,2.71668,1.66266,1043981284280.88
2010-11-22,14.67285,2.724,1.65828,1040938321660.35
2010-11-23,14.41361,2.77136,1.62993,1024502582281.91
2010-11-24,14.6555,2.72377,1.65843,1041012254938.72
2010-11-25,14.77649,2.6995,1.67326,1049942617256.18
2010-11-26,14.7051,2.71094,1.66617,1045764790385.53
2010-11-29,14.39062,2.77009,1.63045,1025059324491.32
2010-11-30,14.40541,2.78015,1.62875,1023746312259.02
2010-12-01,13.91829,2.70858,1.6706,1049751075942.08
2010-12-02,14.12352,2.66823,1.69455,1066193180920.58
2010-12-03,14.11265,2.67045,1.68728,1066119322621.57
2010-12-06,14.14504,2.66399,1.69132,1070704572299.32
2010-12-07,14.23794,2.64772,1.70269,1076483213318.57
2010-12-08,14.18743,2.65907,1.69538,1070846763748.74
2010-12-09,14.15357,2.66649,1.69082,1066741556970.85
2010-12-10,14.24496,2.64956,1.70157,1074219264097.85
2010-12-13,14.30061,2.63844,1.70866,1079292516296.18
2010-12-14,14.28828,2.64369,1.70795,1078683050924.33
2010-12-15,14.2914,2.64571,1.70527,1076882774011.61
2010-12-16,14.30964,2.6439,1.70652,1077372009781.51
2010-12-17,14.13579,2.64003,1.68825,1071844406447.11
2010-12-20,14.21851,2.62552,1.69762,1077046137516.21
2010-12-21,14.34002,2.60349,1.71213,1085688794067.18
2010-12-22,14.33172,2.60478,1.71133,1085225766774.76
2010-12-23,14.32526,2.60653,1.71019,1084263725196.99
2010-12-24,14.32493,2.60657,1.71024,1084206570197.0
2010-12-27,14.15564,2.63766,1.69003,1070599372136.42
2010-12-28,14.16252,2.63633,1.691,1071612205250.89
2010-12-29,14.21141,2.62725,1.69686,1075711503680.42
2010-12-30,14.06356,2.65412,1.67983,1065612969583.82
2010-12-31,14.06356,2.65412,1.67984,1065616384113.98
2011-01-03,14.21249,2.62286,1.70034,1079927394347.68
2011-01-04,14.18047,2.62827,1.69692,1079211452145.67
2011-01-05,14.09973,2.64429,1.6864,1070429908432.59
2011-01-06,14.18161,2.63112,1.69492,1074895424002.37
2011-01-07,14.11999,2.6411,1.68852,1071949936937.56
2011-01-10,13.93218,2.67686,1.66598,1059171264196.42
2011-01-11,14.1146,2.64044,1.68921,1073568759624.34
2011-01-12,14.35882,2.59471,1.71884,1088937723815.82
2011-01-13,14.37071,2.59499,1.71868,1087696428063.2
2011-01-14,14.36839,2.59507,1.71872,1087337444923.13
2011-01-17,14.37341,2.59553,1.71876,1087210702432.66
2011-01-18,14.50199,2.57236,1.73424,1096840020482.73
2011-01-19,14.37522,2.59514,1.71901,1088299729789.12
2011-01-20,14.23958,2.62171,1.70164,1076037650481.9
2011-01-21,14.32187,2.60804,1.71054,1080961632909.94
2011-01-24,14.32449,2.60922,1.71032,1079242002881.44
2011-01-25,14.24986,2.61461,1.71543,1076390766314.92
2011-01-26,14.41187,2.59247,1.73006,1086335067926.02
2011-01-27,14.46639,2.58289,1.73641,1089724455989.38
2011-01-28,14.36959,2.61006,1.71592,1077542426214.08
2011-01-31,14.31414,2.6207,1.70988,1077818671592.23
2011-02-01,14.52795,2.58219,1.74285,1092519054408.08
2011-02-02,14.47972,2.58485,1.74116,1092231112787.69
2011-02-03,14.48967,2.52189,1.74377,1092783051927.95
2011-02-04,14.53785,2.58293,1.74962,1097025983249.52
2011-02-07,14.68465,2.5615,1.76703,1106875955637.7
2011-02-08,14.7595,2.54622,1.77725,1113860515726.73
2011-02-09,14.74396,2.54781,1.77611,1114342562976.24
2011-02-10,14.75391,2.5457,1.779,1116415979157.64
2011-02-11,14.8344,2.53439,1.78644,1120526054850.28
2011-02-14,14.89231,2.52706,1.79352,1125020090724.06
2011-02-15,14.88828,2.52837,1.79256,1122963202618.37
2011-02-16,14.5909,2.73082,1.79601,1124843784643.6
2011-02-17,14.55477,2.73545,1.79307,1122393488312.85
2011-02-18,14.58196,2.72863,1.79759,1124224990515.52
2011-02-21,14.37064,2.76781,1.77247,1110937980792.97
2011-02-22,14.32092,2.77366,1.76996,1109161528008.9
2011-02-23,13.90964,2.83521,1.73525,1090842530311.26
2011-02-24,13.63265,2.89771,1.71245,1080355813009.75
2011-02-25,13.8567,2.88306,1.72631,1091569957555.98
2011-02-28,13.65378,2.82817,1.74166,1102650278211.71
2011-03-01,13.57164,2.84874,1.73167,1098394879380.21
2011-03-02,13.48216,2.88038,1.71583,1090506803109.61
2011-03-03,13.54771,2.87447,1.70576,1095408157177.87
2011-03-04,13.46819,2.89179,1.69556,1089829274360.17
2011-03-07,13.48338,2.89619,1.69322,1087931411981.91
2011-03-08,13.49327,2.89609,1.69451,1090768852021.44
2011-03-09,13.4412,2.94549,1.68176,1088718165406.55
2011-03-10,13.12598,3.11841,1.64877,1077385758468.47
2011-03-11,13.13073,3.16407,1.61511,1065459980550.37
2011-03-14,12.97584,3.21813,1.58725,1050521045742.3
2011-03-15,12.5835,3.31922,1.52612,1020959553243.15
2011-03-16,12.35679,3.38811,1.45509,1001260818563.46
2011-03-17,12.61582,3.32081,1.4846,1022759082765.65
2011-03-18,12.59957,3.28923,1.48393,1026466007995.5
2011-03-21,12.92456,3.25276,1.50464,1047832090515.5
2011-03-22,12.80628,3.27471,1.49629,1042421950115.17
2011-03-23,12.82825,3.27477,1.48793,1045447619004.71
2011-03-24,13.0507,3.22265,1.5039,1063630763376.6
2011-03-25,13.08638,3.21735,1.50674,1066094369148.67
2011-03-28,13.07654,3.21781,1.50714,1067051348135.57
2011-03-29,13.07691,3.22013,1.49856,1066131557918.78
2011-03-30,13.33304,3.1738,1.52009,1082159004922.15
2011-03-31,13.3076,3.18209,1.51228,1080492018485.34
2011-04-01,13.55929,3.1245,1.53993,1097802087753.55
2011-04-04,13.57337,3.1239,1.5404,1098586582076.69
2011-04-05,13.52539,3.12426,1.53752,1099030624397.9
2011-04-06,13.59625,3.11081,1.54125,1104083174260.84
2011-04-07,13.5158,3.12955,1.53216,1096080538174.31
2011-04-08,13.58164,3.1149,1.53939,1099347182703.3
2011-04-11,13.54252,3.12486,1.56025,1098728810347.69
2011-04-12,13.33022,3.16862,1.53781,1084774863207.01
2011-04-13,13.45533,3.13889,1.5528,1094649483320.26
2011-04-14,13.36863,3.15964,1.54321,1090108873427.26
2011-04-15,13.42672,3.14546,1.54986,1094941652199.66
2011-04-18,13.1457,3.21324,1.51778,1073434350444.86
2011-04-19,13.17405,3.20497,1.51992,1076905657916.65
2011-04-20,13.54723,3.11102,1.58642,1104601419723.59
2011-04-21,13.59707,3.10259,1.59089,1106947977846.15
2011-04-22,13.59701,3.10259,1.59096,1106942520476.82
2011-04-25,13.56164,3.11606,1.58959,1106942520476.82
2011-04-26,13.67421,3.09057,1.60266,1115591192332.2
2011-04-27,13.73913,3.06786,1.6134,1123790722202.03
2011-04-28,13.84506,3.04383,1.62658,1131526598636.76
2011-04-29,13.88771,3.02773,1.63585,1137834187587.85
2011-05-02,13.90835,3.02517,1.6367,1140265790903.02
2011-05-03,13.84108,3.03748,1.62948,1135993743334.55
2011-05-04,13.36876,3.09459,1.59894,1117086176647.03
2011-05-05,13.21733,3.11591,1.59166,1114935644884.48
2011-05-06,13.03148,3.08836,1.61094,1126901469679.26
2011-05-09,13.17612,3.1245,1.59148,1116920374277.88
2011-05-10,13.56873,3.08866,1.61134,1127600828205.99
2011-05-11,13.55233,3.09159,1.58551,1126977732326.42
2011-05-12,13.48497,3.10831,1.60488,1124660022360.19
2011-05-13,13.19776,3.14826,1.5843,1115483902307.7
2011-05-16,13.27199,3.15617,1.57998,1112030056992.92
2011-05-17,13.09026,3.20932,1.55414,1095844689346.09
2011-05-18,13.16187,3.19225,1.56249,1100444751543.21
2011-05-19,13.25376,3.16897,1.57388,1107842513127.35
2011-05-20,13.10681,3.20448,1.56094,1098592328200.54
2011-05-23,12.7956,3.2659,1.52485,1077527568976.32
2011-05-24,12.90088,3.25491,1.54005,1083886416230.85
2011-05-25,12.94531,3.24842,1.5337,1082254107947.78
2011-05-26,12.83714,3.27358,1.51966,1074815935222.55
2011-05-27,12.91136,3.25475,1.52956,1081304406306.8
2011-05-30,12.91923,3.25319,1.53233,1074727619807.53
2011-05-31,13.14866,3.19726,1.55944,1092565008580.14
2011-06-01,13.02484,3.22679,1.54508,1084461298792.57
2011-06-02,12.78335,3.28662,1.51701,1067711235322.22
2011-06-03,12.83667,3.2734,1.52303,1070169216217.33
2011-06-06,12.79501,3.2841,1.51827,1067388458903.52
2011-06-07,12.82224,3.28287,1.52307,1068190186017.61
2011-06-08,12.73682,3.30062,1.52736,1069290146663.89
2011-06-09,12.86641,3.27268,1.53743,1083055665683.88
2011-06-10,12.75305,3.29621,1.52927,1070790051177.05
2011-06-13,12.77354,3.29112,1.53165,1071828368764.33
2011-06-14,12.97783,3.24012,1.5558,1086084229284.39
2011-06-15,12.8267,3.27759,1.538,1074925201085.96
2011-06-16,12.80643,3.2844,1.53529,1071940312247.98
2011-06-17,12.43647,3.17521,1.50796,1078409108417.08
2011-06-20,12.40502,3.18217,1.50257,1084035669725.84
2011-06-21,12.63332,3.12462,1.53015,1101162043551.49
2011-06-22,12.62349,3.12676,1.52878,1099832939694.05
2011-06-23,12.30732,3.24672,1.58091,1046248799087.76
2011-06-24,12.24944,3.2539,1.57664,1045077136152.05
2011-06-27,12.34968,3.1875,1.49824,1082563226716.72
2011-06-28,12.42815,3.1675,1.50833,1089436337109.67
2011-06-29,12.64402,3.11093,1.53978,1107896565467.87
2011-06-30,12.782,3.08065,1.55142,1117233946892.38
2011-07-01,12.8521,3.06468,1.56025,1122369083504.7
2011-07-04,12.90175,3.05239,1.56762,1128395342258.68
2011-07-05,12.89262,3.05364,1.56563,1127621508050.24
2011-07-06,12.87953,3.0571,1.56384,1126738679991.21
2011-07-07,12.96114,3.03774,1.57383,1134110798589.75
2011-07-08,12.84717,3.06451,1.56042,1124412510140.21
2011-07-11,12.54304,3.13949,1.52275,1099963737072.98
2011-07-12,12.44887,3.16244,1.50765,1092284689213.42
2011-07-13,12.60948,3.12215,1.52736,1106412744919.92
2011-07-14,12.50294,3.14832,1.51469,1097558814430.25
2011-07-15,12.50754,3.14631,1.5156,1099991637290.7
2011-07-18,12.30052,3.1975,1.49079,1082890318652.75
2011-07-19,12.44507,3.16069,1.50836,1094099923645.62
2011-07-20,12.42907,3.13786,1.50337,1088047790500.05
2011-07-21,12.55242,3.11295,1.5183,1105803634690.32
2011-07-22,12.61428,3.0973,1.52596,1112450978567.31
2011-07-25,12.64447,3.08914,1.52923,1114536011018.57
2011-07-26,12.63617,3.0917,1.52803,1112612531681.98
2011-07-27,12.48444,3.13303,1.50783,1098835165098.62
2011-07-28,12.19932,3.16387,1.49126,1088035928107.91
2011-07-29,12.10295,3.17728,1.48685,1084842754223.68
2011-08-01,11.78032,3.26125,1.44878,1060613464851.81
2011-08-02,11.3747,3.34471,1.41214,1034537279039.84
2011-08-03,11.10779,3.42576,1.37835,1010608772964.59
2011-08-04,10.707,3.55347,1.32918,975538945194.486
2011-08-05,10.44161,3.64593,1.29567,952663707156.183
2011-08-08,9.90065,3.84842,1.22753,903387123217.046
2011-08-09,10.01919,3.8311,1.23285,908931571339.476
2011-08-10,10.23165,3.85659,1.17649,875055909829.692
2011-08-11,10.58887,3.73053,1.21631,902441729643.178
2011-08-12,10.9602,3.60839,1.25748,931752639828.131
2011-08-15,11.01764,3.58887,1.26425,936450564902.555
2011-08-16,10.93593,3.61591,1.25472,927938451985.264
2011-08-17,10.85115,3.6434,1.24527,920622547769.176
2011-08-18,10.22549,3.8637,1.174,871135513169.631
2011-08-19,10.0144,3.94543,1.14949,855084486600.517
2011-08-22,10.00335,3.94875,1.14844,852932790397.464
2011-08-23,10.11492,3.9087,1.16042,861771580317.488
2011-08-24,10.38022,3.80856,1.19207,882471313386.702
2011-08-25,10.22615,3.86519,1.17444,872056109238.806
2011-08-26,10.14172,3.89589,1.16515,867266348793.352
2011-08-29,10.38244,3.80576,1.19277,885697033906.665
2011-08-30,10.35424,3.8137,1.19013,884768225171.084
2011-08-31,10.61851,3.71862,1.22072,904646221229.415
2011-09-01,10.52958,3.74843,1.21089,901955145195.796
2011-09-02,10.18258,3.87542,1.17114,875532284861.028
2011-09-05,9.65901,4.08572,1.11076,833149167129.724
2011-09-06,9.56363,4.12522,1.09998,826538901005.459
2011-09-07,9.94225,3.96735,1.14325,856839675280.032
2011-09-08,9.95361,3.96271,1.14455,857941208448.283
2011-09-09,9.57192,4.1245,1.09952,827425977425.714
2011-09-12,9.35056,4.22411,1.07365,808391102585.321
2011-09-13,9.50666,4.15487,1.09182,819180068697.527
2011-09-14,9.81428,4.02586,1.12677,843795638663.032
2011-09-15,10.10421,3.91466,1.15885,864602263538.327
2011-09-16,10.21663,3.86557,1.16977,875022866182.369
2011-09-19,9.93802,3.97406,1.13775,853351101489.71
2011-09-20,10.19901,3.87298,1.16748,873354056243.362
2011-09-21,9.96406,3.96385,1.14057,855888011772.439
2011-09-22,9.4683,4.17077,1.08382,815756725545.532
2011-09-23,9.50322,4.15419,1.08832,817158906265.468
2011-09-26,9.74556,4.05437,1.11528,832711973649.204
2011-09-27,10.24922,3.85456,1.17307,872009925639.438
2011-09-28,10.16314,3.88549,1.16378,865345032822.932
2011-09-29,10.27289,3.84514,1.17603,872568947047.471
2011-09-30,10.01184,3.94413,1.14654,851044952241.814
2011-10-03,9.78656,4.03566,1.1207,832820217296.165
2011-10-04,9.48694,4.16577,1.08582,807757776798.488
2011-10-05,9.92372,3.98528,1.13529,842335717072.539
2011-10-06,10.24535,3.85919,1.17241,866023608609.65
2011-10-07,10.30562,3.83579,1.17935,871943370854.285
2011-10-10,10.60455,3.72825,1.21339,893431621702.358
2011-10-11,10.63082,3.71932,1.21617,896462831348.268
2011-10-12,10.86533,3.63904,1.24315,914693486516.56
2011-10-13,10.73362,3.68329,1.22815,905303218910.554
2011-10-14,10.83692,3.64695,1.24029,914524186267.204
2011-10-17,10.65013,3.71016,1.21911,900557958480.169
2011-10-18,10.69151,3.69551,1.22326,902454439534.431
2011-10-19,10.75054,3.67602,1.22986,906631121372.848
2011-10-20,10.48884,3.76658,1.20012,887133439819.362
2011-10-21,10.83956,3.64302,1.24216,913834197291.585
2011-10-24,11.00953,3.58705,1.26158,927904221898.159
2011-10-25,10.54868,3.59602,1.25869,925573311236.626
2011-10-26,10.50665,3.60932,1.25405,922880857651.462
2011-10-27,10.4712,3.43906,1.31638,964985681551.57
2011-10-28,10.37853,3.436,1.31796,965953399076.078
2011-10-31,10.0535,3.54649,1.27683,938751457222.801
2011-11-01,9.57118,3.72349,1.21587,898415370588.674
2011-11-02,9.76734,3.64661,1.24165,916359838154.614
2011-11-03,10.01069,3.54717,1.27633,940530174034.153
2011-11-04,9.91042,3.63216,1.24636,921492505912.275
2011-11-07,9.84282,3.65477,1.23883,916840534239.234
2011-11-08,9.95122,3.63599,1.24521,921911402519.078
2011-11-09,9.63504,3.71514,1.21855,904584624622.601
2011-11-10,9.39599,3.73944,1.22369,906779971926.828
2011-11-11,9.85944,3.62491,1.26249,933694455099.911
2011-11-14,9.74971,3.66752,1.24796,923636987815.416
2011-11-15,9.71592,3.70283,1.23618,914997284688.908
2011-11-16,9.73206,3.71586,1.23161,912116126086.391
2011-11-17,9.62296,3.75776,1.21803,902240700326.794
2011-11-18,9.53022,3.79386,1.20639,894543126139.499
2011-11-21,9.20821,3.92641,1.16574,865945768473.168
2011-11-22,9.10005,3.97248,1.15194,856494177670.143
2011-11-23,8.96968,4.0335,1.13567,845140907665.114
2011-11-24,8.945,4.04401,1.13273,844273332016.848
2011-11-25,9.04063,4.0028,1.14449,850219137388.997
2011-11-28,9.44267,3.83311,1.19527,884852633736.084
2011-11-29,9.52502,3.80053,1.20559,889589987212.886
2011-11-30,9.98433,3.64563,1.26384,929358468125.468
2011-12-01,9.93019,3.67875,1.25253,921781734941.629
2011-12-02,10.00695,3.6509,1.26204,928605200781.602
2011-12-05,10.05104,3.63462,1.26812,931371326635.282
2011-12-06,9.92362,3.67961,1.24293,921568246346.883
2011-12-07,9.86714,3.70026,1.23857,918656571763.56
2011-12-08,9.67503,3.77486,1.2131,901622408497.266
2011-12-09,9.84083,3.71059,1.23544,914358628512.584
2011-12-12,9.52618,3.83234,1.19625,889255941238.576
2011-12-13,9.51282,3.83827,1.1944,889310800921.401
2011-12-14,9.34525,3.91383,1.17221,873765275340.276
2011-12-15,9.43645,3.87701,1.18397,880750678861.534
2011-12-16,9.39253,3.91635,1.17795,877285782569.755
2011-12-19,9.34602,3.93515,1.17234,874226404946.716
2011-12-20,9.62428,3.81972,1.20776,897677148613.49
2011-12-21,9.54291,3.85199,1.19759,890714989553.506
2011-12-22,9.63791,3.81418,1.20945,898216391152.506
2011-12-23,9.68689,3.79504,1.21558,901342717479.534
2011-12-26,9.68689,3.79504,1.21558,901342717479.535
2011-12-27,9.7031,3.78821,1.21777,903975159952.365
2011-12-28,9.52698,3.85766,1.1958,890118284109.607
2011-12-29,9.64163,3.81463,1.20999,898792468025.637
2011-12-30,9.72424,3.78279,1.2202,905443880112.01
2012-01-02,9.99971,3.67848,1.25527,928673902335.355
2012-01-03,10.14902,3.62478,1.27387,940842432932.41
2012-01-04,10.06673,3.65469,1.26348,935305421493.307
2012-01-05,10.0457,3.66228,1.26097,933131776942.264
2012-01-06,9.99483,3.67974,1.25498,929013391032.571
2012-01-09,9.93096,3.70382,1.24661,924859629091.104
2012-01-10,10.15268,3.62408,1.27395,943256100903.999
2012-01-11,10.14774,3.62537,1.27344,943894044379.988
2012-01-12,10.19268,3.60854,1.27929,947666884661.951
2012-01-13,10.13904,3.62815,1.27246,943448478493.831
2012-01-16,10.24728,3.58695,1.28695,952603537685.137
2012-01-17,10.42825,3.52414,1.30989,967917028016.916
2012-01-18,10.46879,3.51095,1.31492,971368413112.904
2012-01-19,10.58135,3.47534,1.32804,981342100916.98
2012-01-20,10.55695,3.48218,1.32526,978549964327.009
2012-01-23,10.60888,3.46464,1.33173,983003755370.298
2012-01-24,10.56864,3.48109,1.32833,979143974539.888
2012-01-25,10.53554,3.49149,1.32451,978093634014.176
2012-01-26,10.71489,3.4309,1.34788,994368982264.852
2012-01-27,10.67033,3.44601,1.34207,990514564919.766
2012-01-30,10.5597,3.48271,1.32794,981110360083.53
2012-01-31,10.59308,3.47088,1.33246,985042165011.241
2012-02-01,10.91703,3.38934,1.36451,1006738848296.32
2012-02-02,10.97917,3.3694,1.37245,1012055401396.81
2012-02-03,11.16426,3.31359,1.39557,1028038921378.56
2012-02-06,11.15614,3.31981,1.39443,1028387551406.9
2012-02-07,11.15881,3.34049,1.40028,1024765567555.3
2012-02-08,11.16253,3.34005,1.40056,1026597324093.88
2012-02-09,11.22531,3.36457,1.40845,1033871870378.13
2012-02-10,11.08111,3.41057,1.38952,1020899359876.58
2012-02-13,11.15637,3.39811,1.39886,1027191663299.41
2012-02-14,11.22277,3.40786,1.39652,1024603959648.75
2012-02-15,11.28246,3.39115,1.40308,1029383085069.61
2012-02-16,11.24912,3.39755,1.40069,1027622924017.98
2012-02-17,11.40742,3.35173,1.42003,1041113325513.54
2012-02-20,11.47094,3.32161,1.44002,1028400794147.57
2012-02-21,11.39969,3.34605,1.43125,1022197486005.18
2012-02-22,11.29942,3.37471,1.41161,1014246716912.78
2012-02-23,11.53249,3.39041,1.40524,1007351093406.01
2012-02-24,11.61761,3.43879,1.42085,1040631895596.24
2012-02-27,11.58346,3.44832,1.4169,1037631171216.36
2012-02-28,11.53502,3.4465,1.41615,1042541013644.36
2012-02-29,11.47322,3.46551,1.41066,1039462621129.1
2012-03-01,11.52083,3.42376,1.42619,1050354249146.2
2012-03-02,11.51355,3.43142,1.42315,1074612286820.39
2012-03-05,11.42047,3.46063,1.41167,1042721997484.06
2012-03-06,11.05947,3.4748,1.36454,1034359966281.48
2012-03-07,11.13309,3.43213,1.37175,1040355275223.59
2012-03-08,11.44089,3.36364,1.40041,1035885875239.16
2012-03-09,11.51621,3.32893,1.40842,1069153736236.73
2012-03-12,11.63247,3.32022,1.41234,1071804712095.18
2012-03-13,11.79903,3.32948,1.43029,1084052112477.19
2012-03-14,12.04267,3.29244,1.43627,1095330313417.55
2012-03-15,12.38663,3.27981,1.43846,1103134473757.3
2012-03-16,12.37075,3.26975,1.43443,1103245606647.33
2012-03-19,12.36797,3.27246,1.4334,1076237191933.55
2012-03-20,12.23293,3.32429,1.41177,1064374737829.3
2012-03-21,12.26539,3.31366,1.3953,1067148626284.58
2012-03-22,12.125,3.35485,1.3841,1082000099134.84
2012-03-23,12.11438,3.34635,1.38251,1059942934987.07
2012-03-26,12.26419,3.30643,1.40408,1068707173582.73
2012-03-27,12.27424,3.30633,1.40408,1068820610623.02
2012-03-28,12.1382,3.34522,1.3864,1056728481022.61
2012-03-29,11.92506,3.40908,1.36261,1039055116174.1
2012-03-30,12.06642,3.3767,1.37735,1050372379374.3
2012-04-02,12.56781,3.32649,1.3983,1065287275856.74
2012-04-03,12.56781,,1.3983,1065287275856.74
2012-04-04,12.08838,3.45839,1.35195,1029345221659.44
2012-04-05,12.0521,3.46857,1.34782,1027308227753.0
2012-04-06,12.0521,3.46857,1.34784,1027308227753.0
2012-04-09,12.0516,3.46857,1.34771,1027308227753.0
2012-04-10,11.7548,3.55542,1.31458,1003921580715.93
2012-04-11,11.58936,3.51934,1.32861,1014133034786.51
2012-04-12,11.72881,3.47918,1.34387,1025540367158.83
2012-04-13,11.47231,3.55563,1.31463,1006335873218.01
2012-04-16,11.53407,3.53613,1.32191,1011206317815.81
2012-04-17,11.81965,3.45327,1.35406,1032403592179.49
2012-04-18,11.70023,3.4862,1.34103,1023394391910.04
2012-04-19,11.59735,3.51721,1.32908,1014874409897.15
2012-04-20,11.69749,3.48899,1.34015,1021985739499.44
2012-04-23,11.28741,3.60935,1.29589,990546527264.439
2012-04-24,11.39784,3.57429,1.31066,1000327407811.69
2012-04-25,11.96353,3.51259,1.3337,1016786145182.14
2012-04-26,12.14292,3.48957,1.34254,1024960975195.01
2012-04-27,12.26249,3.46366,1.35588,1033462519121.82
2012-04-30,12.2897,3.49973,1.34176,1025878758335.39
2012-05-01,12.29465,3.49962,1.34189,1025878758335.39
2012-05-02,12.20758,3.52259,1.33321,1020696634558.06
2012-05-03,12.24714,3.52866,1.33094,1020028590105.21
2012-05-04,11.99687,3.61887,1.29849,997939814626.556
2012-05-07,11.98679,3.61518,1.2998,998683658934.576
2012-05-08,11.38381,3.68263,1.27547,982215022396.064
2012-05-09,11.426,3.70594,1.27805,984667727101.446
2012-05-10,11.45147,3.70307,1.28008,985009781957.793
2012-05-11,11.91108,3.67079,1.29073,993289586453.559
2012-05-14,11.85343,3.7422,1.26603,976161863401.798
2012-05-15,11.76649,3.7692,1.2569,970650577274.639
2012-05-16,11.62707,3.78538,1.2533,966493426229.816
2012-05-17,11.46543,3.83714,1.23697,953385472370.418
2012-05-18,11.37114,3.86766,1.22763,945159663889.026
2012-05-21,11.48507,3.83167,1.23902,953142898504.06
2012-05-22,11.68769,3.76633,1.25936,969106989055.314
2012-05-23,11.42375,3.89645,1.23232,949183950844.559
2012-05-24,11.47173,3.90129,1.23512,951315782106.604
2012-05-25,11.46558,3.90236,1.2351,950486132484.739
2012-05-28,11.41755,3.90695,1.23339,949823498063.335
2012-05-29,11.51266,3.85951,1.24872,961856384061.145
2012-05-30,11.30851,3.92949,1.22643,945307051633.42
2012-05-31,11.28319,3.94027,1.223,942674486893.235
2012-06-01,10.77576,4.07605,1.17905,913901705820.702
2012-06-04,10.63014,4.13078,1.16336,900915459379.229
2012-06-05,10.61562,4.13444,1.16235,901187917671.58
2012-06-06,10.8594,4.04582,1.18794,920066158637.719
2012-06-07,10.9742,4.00723,1.1991,928635227038.189
2012-06-08,10.93507,4.02032,1.19512,924996180997.443
2012-06-11,10.96394,4.01388,1.19707,927713855727.891
2012-06-12,10.97015,4.00731,1.1997,928298919608.583
2012-06-13,10.93215,4.0163,1.1969,925665848766.195
2012-06-14,10.88948,4.04705,1.19325,922955763274.235
2012-06-15,11.04105,3.95377,1.21049,930378606262.543
2012-06-18,11.07552,3.94081,1.21461,934815951550.931
2012-06-19,11.27767,3.86983,1.23976,955612118653.897
2012-06-20,11.33126,3.84887,1.24647,961457399878.51
2012-06-21,11.24045,3.87617,1.23756,955148764636.602
2012-06-22,11.05524,3.92633,1.22173,943719601512.149
2012-06-25,10.81287,4.00834,1.19307,922128612217.042
2012-06-26,10.78847,4.01182,1.19225,920483312810.38
2012-06-27,10.92606,3.95937,1.20789,931556016713.824
2012-06-28,10.78844,4.0066,1.19348,921830764702.686
2012-06-29,11.25646,3.84734,1.24311,955662887738.324
2012-07-02,11.39139,3.80164,1.25831,966340292817.136
2012-07-03,11.55779,3.75162,1.27699,978038073826.516
2012-07-04,11.55496,3.75548,1.27567,977652340788.889
2012-07-05,11.50655,3.77103,1.27047,977123926994.697
2012-07-06,11.27962,3.84199,1.24696,959825359299.128
2012-07-09,11.22436,3.85668,1.24232,955815599911.666
2012-07-10,11.31629,3.82301,1.25301,964572115208.872
2012-07-11,11.30923,3.81994,1.25407,964439857186.322
2012-07-12,11.25572,3.84118,1.24888,961848170296.516
2012-07-13,11.49201,3.76198,1.27488,981326716796.986
2012-07-16,11.50898,3.75589,1.27694,983176256953.067
2012-07-17,11.527,3.74936,1.2791,984422481910.106
2012-07-18,11.70884,3.69454,1.29829,997865505583.689
2012-07-19,11.86058,3.65194,1.31351,1008852387145.65
2012-07-20,11.65599,3.71811,1.29023,992563425675.394
2012-07-23,11.28935,3.83922,1.24966,963560653714.218
2012-07-24,11.25368,3.85355,1.24493,959541905686.907
2012-07-25,11.32032,3.84282,1.24843,962860879889.603
2012-07-26,11.32525,3.74759,1.28025,982190972997.879
2012-07-27,11.49774,3.69328,1.29916,995278423348.46
2012-07-30,11.6421,3.64931,1.31494,1006276534367.0
2012-07-31,11.59846,3.65425,1.31314,1005123065209.12
2012-08-01,11.75088,3.66118,1.31082,1003355362001.43
2012-08-02,11.51647,3.73932,1.28344,981277600742.794
2012-08-03,11.89548,3.60736,1.33055,1013326341248.82
2012-08-06,12.00314,3.57584,1.34225,1021913691068.01
2012-08-07,12.06645,3.55272,1.35105,1027867365221.81
2012-08-08,12.04357,3.55848,1.34879,1024496947088.79
2012-08-09,12.05925,3.5598,1.34826,1024971113074.65
2012-08-10,12.01689,3.5684,1.34502,1023561040913.28
2012-08-13,11.94773,3.58732,1.33779,1018456616717.74
2012-08-14,11.97424,3.55732,1.34916,1025270784861.7
2012-08-15,12.56748,3.57039,1.34418,1021892809249.32
2012-08-16,12.6607,3.54555,1.35359,1027906207203.65
2012-08-17,12.75875,3.51843,1.3641,1036157336580.21
2012-08-20,12.73525,3.5258,1.36115,1033664611178.21
2012-08-21,12.83564,3.49921,1.37163,1040844070933.55
2012-08-22,12.71431,3.53444,1.35793,1030560935380.79
2012-08-23,12.60111,3.56608,1.34599,1022012940741.41
2012-08-24,12.62421,3.56009,1.3482,1021950012929.53
2012-08-27,12.75507,3.5247,1.36174,1031736291517.3
2012-08-28,12.6774,3.54546,1.35373,1026891259963.14
2012-08-29,12.69512,3.54048,1.35569,1027431993934.11
2012-08-30,12.49452,3.59672,1.33457,1012387830100.99
2012-08-31,12.62166,3.56193,1.34797,1021178334710.45
2012-09-03,12.68833,3.54273,1.35511,1025056585513.62
2012-09-04,12.54474,3.58387,1.34022,1015414921816.95
2012-09-05,12.59335,3.57024,1.34471,1016679805234.92
2012-09-06,12.94645,3.47535,1.38151,1041541554619.87
2012-09-07,13.03637,3.45175,1.39107,1047705700206.76
2012-09-10,13.03559,3.45229,1.39095,1048212619156.24
2012-09-11,13.19155,3.4135,1.40429,1055154511748.24
2012-09-12,13.25812,3.39726,1.41112,1059625132993.82
2012-09-13,13.1961,3.41206,1.40504,1056025995462.55
2012-09-14,13.39242,3.36337,1.42545,1070485447169.2
2012-09-17,13.37325,3.3703,1.42261,1068812352323.46
2012-09-18,13.2732,3.39566,1.41176,1060346454060.6
2012-09-19,13.35691,3.37573,1.42018,1066622835112.05
2012-09-20,13.33754,3.38086,1.42034,1066738280841.33
2012-09-21,13.41955,3.35603,1.4311,1076100281882.82
2012-09-24,13.3465,3.37321,1.42389,1070474778106.82
2012-09-25,13.37713,3.36619,1.42677,1071062047799.1
2012-09-26,13.09783,3.43409,1.3984,1050768240636.07
2012-09-27,13.12049,3.42566,1.40151,1052510599106.85
2012-09-28,12.99743,3.45602,1.38906,1044774246808.38
2012-10-01,13.18674,3.4064,1.40938,1058348179288.82
2012-10-02,13.1516,3.41406,1.40611,1057296502642.35
2012-10-03,,3.40607,1.40879,1063977653735.46
2012-10-04,6.70091,3.40965,1.40726,1064264905140.82
2012-10-05,6.78172,3.36966,1.42403,1075607025450.91
2012-10-08,6.69065,3.41365,1.40458,1061216697653.06
2012-10-09,6.64034,3.43814,1.39458,1055603760496.94
2012-10-10,6.61312,3.45069,1.38945,1052556284187.12
2012-10-11,6.68184,3.41602,1.40338,1062257015668.92
2012-10-12,6.638,3.43748,1.39489,1056631971722.93
2012-10-15,6.66075,3.42361,1.40048,1059897546600.08
2012-10-16,6.76379,3.37256,1.42172,1073351790785.37
2012-10-17,6.78287,3.3633,1.42573,1076950649507.23
2012-10-18,6.81612,3.34767,1.4325,1081033874632.74
2012-10-19,6.76388,3.37299,1.42175,1074568507234.26
2012-10-22,6.7197,3.39383,1.41297,1067943793886.56
2012-10-23,6.58338,3.46334,1.38454,1049386551855.32
2012-10-24,6.63649,3.45266,1.38855,1053716138362.37
2012-10-25,6.5687,3.44758,1.39068,1056839003459.59
2012-10-26,6.59808,3.43352,1.39662,1060157399824.65
2012-10-29,6.57723,3.44553,1.39172,1056999396891.08
2012-10-30,6.6765,3.40872,1.37954,1070308161553.28
2012-10-31,6.65171,3.41738,1.37629,1067987446910.26
2012-11-01,6.72984,3.38328,1.41314,1082623235229.34
2012-11-02,6.75553,3.37033,1.41871,1087414360419.57
2012-11-05,6.71771,3.38732,1.41172,1082577707007.58
2012-11-06,6.74807,3.36508,1.42118,1088099013780.8
2012-11-07,6.68729,3.42733,1.39582,1071725101407.09
2012-11-08,6.55545,3.44372,1.38931,1066126699490.75
2012-11-09,6.26856,3.46258,1.38217,1061321678544.18
2012-11-12,6.30838,3.45989,1.38324,1061737075070.93
2012-11-13,6.04632,3.46145,1.38271,1061335358315.9
2012-11-14,5.97453,3.49121,1.37079,1053209227810.37
2012-11-15,5.92093,3.52282,1.35845,1043989991056.19
2012-11-16,5.85005,3.56858,1.34094,1031886465508.32
2012-11-19,5.99549,3.48428,1.37329,1055557816390.76
2012-11-20,6.04278,3.45839,1.38249,1062057809631.04
2012-11-21,6.05615,3.45055,1.38571,1065825730538.06
2012-11-22,6.11349,3.42072,1.39813,1074139814558.22
2012-11-23,6.16801,3.39346,1.40973,1081657414418.23
2012-11-26,6.15982,3.39956,1.40726,1080525765689.51
2012-11-27,6.2113,3.37973,1.41554,1086727757148.59
2012-11-28,6.21885,3.3767,1.41686,1087246969373.19
2012-11-29,6.26763,3.3488,1.42856,1096279111036.88
2012-11-30,6.27222,3.34663,1.43052,1097830127575.72
2012-12-03,6.29437,3.33535,1.43755,1101135260015.93
2012-12-04,6.2951,3.33727,1.43671,1100423732853.52
2012-12-05,6.30496,3.32869,1.44054,1102632987521.21
2012-12-06,6.37702,3.2949,1.45536,1112651478446.3
2012-12-07,6.37367,3.30181,1.45228,1111099976665.01
2012-12-10,6.38438,3.29749,1.45424,1112707552635.8
2012-12-11,6.42887,3.25005,1.46567,1121525359181.6
2012-12-12,6.44539,3.24088,1.46983,1124718680375.79
2012-12-13,6.41794,3.25504,1.46371,1120202657770.43
2012-12-14,6.43463,3.24851,1.47768,1123563707533.39
2012-12-17,6.44042,3.24569,1.47817,1123970426342.68
2012-12-18,6.48142,3.22594,1.48737,1129514415853.01
2012-12-19,6.39387,3.2187,1.49073,1132140195142.47
2012-12-20,6.39662,3.21731,1.49133,1132703978176.07
2012-12-21,6.3692,3.23255,1.48489,1128766324802.83
2012-12-24,6.3692,3.2325,1.48395,1128789512118.03
2012-12-25,6.3692,3.2325,1.48395,1128789512118.03
2012-12-26,6.11945,3.22729,1.48278,1128789512118.03
2012-12-27,6.13333,3.22049,1.48592,1130201996712.19
2012-12-28,6.1045,3.23485,1.47932,1126030961200.77
2012-12-31,6.1045,3.23485,1.47932,1126030961200.77
2013-01-01,6.10448,3.23489,1.47944,1125761225182.17
2013-01-02,6.23604,3.16769,1.5109,1148834209728.46
2013-01-03,6.22317,3.17393,1.50788,1146988013180.85
2013-01-04,6.23537,3.1656,1.51183,1150145047116.05
2013-01-07,6.20492,3.18232,1.50405,1144491088561.03
2013-01-08,6.17555,3.19549,1.4977,1140070057127.21
2013-01-09,6.1917,3.18248,1.50387,1144222076487.01
2013-01-10,6.1854,3.18635,1.50224,1143779064024.7
2013-01-11,6.20093,3.18221,1.50413,1145668644828.87
2013-01-14,6.21087,3.17745,1.50655,1147612966510.96
2013-01-15,6.17045,3.19857,1.49655,1141236728764.7
2013-01-16,6.18668,3.19117,1.5,1145047272383.21
2013-01-17,6.22196,3.17101,1.50987,1151734074168.13
2013-01-18,6.20491,3.18121,1.50491,1148854451644.38
2013-01-21,6.2388,3.16359,1.5133,1154692205923.16
2013-01-22,6.20619,3.18393,1.50431,1149940983617.81
2013-01-23,6.24928,3.17754,1.50934,1153236987421.31
2013-01-24,6.26407,3.17035,1.51265,1155674555857.2
2013-01-25,6.35159,3.13079,1.53175,1168687681725.24
2013-01-28,6.34043,3.13868,1.52819,1166010145307.82
2013-01-29,6.33406,3.13592,1.52956,1166670077009.93
2013-01-30,6.29097,3.15046,1.52246,1161977373087.52
2013-01-31,6.26339,3.16629,1.51495,1156476030636.42
2013-02-01,6.31933,3.1389,1.52577,1168811653672.61
2013-02-04,6.16858,3.21346,1.49195,1144760132543.89
2013-02-05,6.19207,3.21209,1.49681,1147179002592.39
2013-02-06,6.13474,3.24087,1.48331,1139462394211.39
2013-02-07,6.14305,3.23707,1.48532,1140642663704.31
2013-02-08,6.19832,3.20384,1.49837,1150978150744.14
2013-02-11,6.18338,3.20942,1.49491,1148520316164.65
2013-02-12,6.23249,3.19802,1.50029,1152270215980.26
2013-02-13,6.34115,3.17239,1.51153,1160466624861.01
2013-02-14,6.27985,3.20189,1.49725,1151459829326.04
2013-02-15,6.26309,3.21324,1.49213,1148131296736.65
2013-02-18,6.28347,3.20223,1.54762,1150670083679.2
2013-02-19,6.38082,3.1527,1.57294,1165466395113.87
2013-02-20,6.36953,3.65539,1.57008,1162776584439.82
2013-02-21,6.21682,3.21212,1.54252,1144302648375.47
2013-02-22,6.27927,3.19736,1.55516,1149106662625.8
2013-02-25,6.32283,3.15805,1.56252,1160382688169.81
2013-02-26,6.19683,3.26444,1.47149,1140765123532.48
2013-02-27,6.25763,3.23395,1.54445,1151577231387.3
2013-02-28,6.24463,3.25268,1.58014,1159561767459.91
2013-03-01,6.21755,3.26186,1.57315,1153732056947.01
2013-03-04,6.19969,3.27161,1.56862,1149974863549.69
2013-03-05,6.31938,3.20368,1.60266,1172435143595.94
2013-03-06,6.39615,3.19171,1.59607,1178659647445.91
2013-03-07,6.41824,3.21329,1.59443,1183738735827.23
2013-03-08,6.55123,3.19846,1.61988,1187081148092.0
2013-03-11,6.55049,3.20019,1.60393,1185659022868.08
2013-03-12,6.55301,3.20806,1.61698,1179518452028.11
2013-03-13,6.55949,3.22966,1.61565,1180478211920.44
2013-03-14,6.74917,3.20096,1.56511,1189409681597.41
2013-03-15,6.6913,3.21523,1.56134,1185691799854.12
2013-03-18,6.77329,3.22524,1.55644,1183135904616.47
2013-03-19,6.72081,3.25876,1.54455,1174891361944.96
2013-03-20,6.57777,3.24166,1.48441,1179630881245.96
2013-03-21,,3.27624,1.47225,1171099304548.4
2013-03-22,8.98087,3.28481,1.46423,1169079938907.14
2013-03-25,8.94213,3.29887,1.47127,1165172814686.02
2013-03-26,,3.269,1.46591,1166931616254.46
2013-03-27,12.00651,3.31242,1.44897,1156069440011.42
2013-03-28,12.02103,3.3066,1.44002,1157661280818.85
2013-03-29,11.98749,3.30679,1.42442,1157687273814.23
2013-04-01,11.9859,3.30679,1.4243,1157686979463.5
2013-04-02,12.19557,3.24953,1.457,1175678830078.75
2013-04-03,12.09606,3.2753,1.44537,1167722807451.45
2013-04-04,11.97261,3.30373,1.43308,1158245987380.18
2013-04-05,11.77841,3.37028,1.4044,1137639201095.84
2013-04-08,11.79981,3.36463,1.40565,1139786680540.28
2013-04-09,11.75868,3.37444,1.40128,1136366296260.82
2013-04-10,12.02069,3.30667,1.43112,1158272123032.82
2013-04-11,12.07549,3.28779,1.43842,1165015901687.37
2013-04-12,11.89646,3.33688,1.41822,1863594468644.18
2013-04-15,12.3343,3.35296,1.41131,1838144984267.91
2013-04-16,12.27727,3.36772,1.40499,
2013-04-17,12.00538,3.44712,1.37319,1115531035539.52
2013-04-18,11.95595,3.46518,1.36723,1110521034471.5
2013-04-19,11.92878,3.47437,1.36357,1109812856912.59
2013-04-22,11.95415,3.46407,1.3675,1113050191511.92
2013-04-23,12.23571,3.40474,1.43551,1135706348904.51
2013-04-24,12.37844,3.34818,1.41474,1148567922929.54
2013-04-25,12.57776,3.31828,1.42399,1172653980929.5
2013-04-26,12.47786,3.33191,1.42063,1165317827916.19
2013-04-29,12.50246,3.32472,1.42349,1169862232181.85
2013-04-30,12.65409,3.30579,1.44097,1178037861292.05
2013-05-01,12.58104,3.30589,1.43891,1178038691274.75
2013-05-02,12.64902,3.28862,1.44616,1182721578400.21
2013-05-03,12.88949,3.24023,1.47,1202114724288.74
2013-05-06,12.84775,3.25123,1.46509,1199821009273.85
2013-05-07,12.94611,3.22604,1.47649,1207607968098.46
2013-05-08,12.89734,3.212,1.48155,1213591673977.47
2013-05-09,12.9122,3.20872,1.483,1214688169213.27
2013-05-10,12.98387,3.20188,1.48613,1217392058262.04
2013-05-13,12.98372,3.20228,1.48689,1216456161709.76
2013-05-14,13.04033,3.17018,1.48354,1225259156192.03
2013-05-15,13.04235,3.1707,1.51703,1232007146916.3
2013-05-16,13.00153,3.18187,1.51808,1231647643913.11
2013-05-17,12.96491,3.18097,1.51886,1232638363289.18
2013-05-20,13.04814,3.15825,1.52991,1242890244780.82
2013-05-21,13.07285,3.15232,1.53638,1243760320408.16
2013-05-22,13.15498,3.13224,1.54649,1250613663137.9
2013-05-23,12.89133,3.19745,1.51299,1227109443583.08
2013-05-24,12.81325,3.21444,1.50554,1220549137786.31
2013-05-27,12.8885,3.188,1.51751,1230283732904.67
2013-05-28,13.04259,3.15085,1.53548,1243327320562.84
2013-05-29,12.83563,3.20255,1.51027,1224641968715.47
2013-05-30,12.91177,3.18519,1.51891,1230053759212.03
2013-05-31,12.84688,3.20266,1.51036,1224547399623.68
2013-06-03,12.72557,3.22797,1.49797,1214915821708.17
2013-06-04,12.75637,3.22078,1.50186,1216339469629.03
2013-06-05,12.60381,3.26225,1.48295,1201859376548.69
2013-06-06,12.48579,3.29805,1.46647,1190576233776.52
2013-06-07,12.69979,3.24244,1.4915,1207933709502.37
2013-06-10,12.77667,3.22213,1.50087,1215057427217.93
2013-06-11,12.64934,3.25458,1.4859,1203051406361.02
2013-06-12,12.54838,3.28076,1.47289,1193805986291.33
2013-06-13,12.47186,3.30045,1.48856,1226013412823.36
2013-06-14,12.53413,3.28444,1.47161,1194241440409.03
2013-06-17,12.65856,3.25268,1.48618,1203647390879.31
2013-06-18,12.68402,3.24562,1.48897,1206135037965.09
2013-06-19,12.64085,3.25653,1.48399,1202103237767.83
2013-06-20,12.23883,3.36135,1.43798,1167636761304.64
2013-06-21,12.1268,3.37958,1.39727,1149444533948.9
2013-06-24,11.98493,3.43024,1.37697,1129876394035.46
2013-06-25,12.17736,3.37756,1.39888,1148670014658.13
2013-06-26,12.37605,3.32569,1.42108,1164290445071.2
2013-06-27,12.46661,3.30157,1.4315,1174265863984.53
2013-06-28,12.42658,3.31564,1.42578,1171289840132.29
2013-07-01,12.48015,3.30204,1.43111,1175904618612.88
2013-07-02,12.37577,3.32965,1.41949,1165830119176.84
2013-07-03,12.25339,3.36334,1.40535,1156560576991.09
2013-07-04,12.50192,3.29699,1.4339,1176375201778.69
2013-07-05,12.24378,3.37025,1.40469,1153939366546.77
2013-07-08,12.4547,3.31597,1.42739,1173454250849.41
2013-07-09,12.59102,3.28066,1.44346,1185778926282.56
2013-07-10,12.60706,3.27775,1.44462,1187163269303.32
2013-07-11,12.74066,3.24327,1.46009,1204037426596.52
2013-07-12,12.82751,3.22466,1.46849,1210393895474.89
2013-07-15,12.86356,3.21693,1.47305,1212924961245.81
2013-07-16,12.81209,3.22941,1.46743,1208980740011.99
2013-07-17,12.88776,3.21166,1.47636,1215079484597.95
2013-07-18,13.00936,3.17863,1.49195,1226690812497.1
2013-07-19,12.99774,3.18215,1.49073,1225515144318.79
2013-07-22,12.7272,3.18364,1.49014,1224756536040.93
2013-07-23,12.69548,3.1958,1.48746,1222837997812.09
2013-07-24,12.77959,3.17432,1.49747,1231501350564.18
2013-07-25,12.68377,3.19995,1.48599,1222587075611.08
2013-07-26,12.35781,3.2197,1.47699,1215367088100.21
2013-07-29,12.38418,3.21295,1.47982,1218214027882.64
2013-07-30,12.4878,3.20524,1.48309,1222092911877.91
2013-07-31,12.51476,3.20409,1.48395,1223021405243.92
2013-08-01,12.78789,3.15426,1.50752,1241513694420.64
2013-08-02,12.74832,3.15564,1.50689,1238749036328.14
2013-08-05,12.67946,3.15544,1.50707,1240643109784.91
2013-08-06,12.5528,3.18831,1.49129,1229494700715.0
2013-08-07,12.52709,3.1977,1.48541,1224823249887.22
2013-08-08,12.56379,3.17586,1.49583,1233420713069.73
2013-08-09,12.60381,3.16718,1.50015,1237884217403.64
2013-08-12,12.60428,3.15905,1.50417,1242039810785.91
2013-08-13,12.67138,3.13851,1.51404,1249890890568.66
2013-08-14,12.67065,3.12848,1.51905,1255532731393.22
2013-08-15,12.62848,3.1525,1.50749,1245113098650.66
2013-08-16,12.63756,3.14702,1.51016,1246546330679.34
2013-08-19,12.65082,3.15552,1.50594,1243646377940.9
2013-08-20,12.57078,3.18024,1.49607,1236175369111.16
2013-08-21,12.54084,3.18562,1.49346,1235927457251.47
2013-08-22,12.70739,3.14442,1.51327,1250978331425.49
2013-08-23,12.74577,3.13585,1.51762,1254178991946.39
2013-08-26,12.76704,3.13098,1.51989,1255734074432.35
2013-08-27,12.59036,3.20286,1.48579,1227541859869.73
2013-08-28,12.44539,3.23727,1.46977,1213833569364.4
2013-08-29,12.5616,3.21964,1.47741,1222479643899.69
2013-08-30,12.42607,3.25262,1.46294,1212093996408.19
2013-09-02,12.64209,3.19783,1.48827,1231666615329.65
2013-09-03,12.54365,3.22121,1.47727,1221908988293.06
2013-09-04,12.56063,3.21737,1.47908,1221905682717.57
2013-09-05,12.62973,3.20138,1.48665,1227236911732.61
2013-09-06,12.68137,3.18991,1.49191,1232592961946.68
2013-09-09,12.6868,3.18768,1.49313,1233768303609.67
2013-09-10,12.93667,3.12721,1.52229,1254708603835.46
2013-09-11,13.00013,3.11029,1.5304,1260517907244.74
2013-09-12,12.99087,3.11126,1.52922,1258794305267.38
2013-09-13,13.01966,3.10501,1.53152,1261319046333.93
2013-09-16,13.17699,3.06858,1.54972,1274548709825.06
2013-09-17,13.0636,3.07662,1.54598,1270440846885.95
2013-09-18,13.12111,3.06342,1.55252,1273803539144.89
2013-09-19,13.19086,3.04692,1.56012,1278364062769.11
2013-09-20,13.09104,3.01049,1.55557,1275778720520.04
2013-09-23,13.05069,3.02186,1.54968,1270009814646.82
2013-09-24,13.08746,3.01287,1.55438,1274848056121.55
2013-09-25,13.09297,3.01213,1.55484,1275908751166.73
2013-09-26,13.08181,3.01213,1.55494,1275632904076.06
2013-09-27,13.08718,3.01158,1.55559,1276132061337.06
2013-09-30,12.99704,3.03232,1.54496,1268025615604.64
2013-10-01,13.12944,3.00171,1.56073,1279824153795.06
2013-10-02,13.04482,3.02007,1.55135,1272427552922.15
2013-10-03,12.99894,3.03008,1.54616,1268533626429.55
2013-10-04,13.00647,3.02308,1.54983,1271861523809.77
2013-10-07,12.95539,3.03338,1.54443,1268208948307.64
2013-10-08,12.91566,3.03998,1.53881,1263624320129.34
2013-10-09,12.84958,3.05487,1.53126,1258884833059.82
2013-10-10,13.08224,2.99839,1.5601,1280378993458.73
2013-10-11,13.14914,2.98619,1.56652,1285023298720.49
2013-10-14,13.14257,2.98622,1.56655,1285488606037.02
2013-10-15,13.25782,2.95794,1.58175,1296988525657.54
2013-10-16,13.30154,2.94617,1.58798,1301959887592.09
2013-10-17,13.27044,2.95467,1.58351,1299433821977.67
2013-10-18,13.37444,2.9345,1.59451,1307403827702.93
2013-10-21,13.40073,2.93022,1.63489,1310823888228.13
2013-10-22,13.51954,2.90718,1.60981,1320405119518.55
2013-10-23,13.49401,2.91538,1.60616,1317411800884.36
2013-10-24,13.56462,2.90189,1.61677,1324674542735.48
2013-10-25,13.41917,2.90103,1.61842,1323776268865.78
2013-10-28,13.39824,2.90381,1.61741,1322473478974.6
2013-10-29,13.40058,2.8916,1.62977,1326185293643.28
2013-10-30,12.90133,2.89121,1.63003,1329473145373.92
2013-10-31,12.96089,2.88349,1.63254,1333898449501.94
2013-11-01,13.54524,2.88916,1.62943,1332226081465.83
2013-11-04,13.59809,2.87922,1.63519,1337568073561.28
2013-11-05,13.56412,2.88753,1.62742,1334037398545.44
2013-11-06,13.6246,2.87532,1.63432,1340338185284.86
2013-11-07,13.6669,2.86727,1.63916,1343434215242.7
2013-11-08,13.64052,2.61897,1.63744,1343767260097.12
2013-11-11,13.67922,2.85923,1.64371,1348212960072.67
2013-11-12,13.6625,2.87122,1.63099,1341982112582.23
2013-11-13,13.66498,2.88031,1.62585,1337963064033.13
2013-11-14,13.88936,2.85097,1.64293,1350072566667.6
2013-11-15,14.05287,2.84443,1.64681,1353649171468.17
2013-11-18,14.15617,2.82738,1.65699,1361611348598.85
2013-11-19,14.12179,2.8353,1.6522,1358645879776.44
2013-11-20,14.29434,2.83297,1.65366,1359498848108.23
2013-11-21,14.27723,2.83623,1.65178,1357293062422.27
2013-11-22,14.30453,2.82947,1.65577,1360221038467.96
2013-11-25,14.42223,2.80637,1.73887,1404740057346.94
2013-11-26,14.40725,2.80942,1.66749,1369720879400.31
2013-11-27,14.49583,2.79181,1.67781,1376891819793.41
2013-11-28,14.5356,2.78251,1.69043,1380870519987.16
2013-11-29,14.56878,2.77647,1.69413,1384105497964.22
2013-12-02,14.56962,2.77652,1.69417,1384042501477.16
2013-12-03,14.22469,2.82982,1.65844,1359447816005.59
2013-12-04,14.10273,2.85384,1.65114,1349821713547.97
2013-12-05,14.02469,2.87169,1.64156,1342884511308.41
2013-12-06,14.14668,2.83504,1.65644,1354518865800.05
2013-12-09,14.18405,2.82804,1.66129,1358347417323.35
2013-12-10,14.07016,2.85,1.65022,1348910468502.69
2013-12-11,14.03293,2.86129,1.64372,1344356263333.38
2013-12-12,13.93622,2.86686,1.6311,1333812583434.96
2013-12-13,13.91862,2.87062,1.63002,1332042516002.11
2013-12-16,14.14155,2.82445,1.65607,1351207848868.82
2013-12-17,14.14765,2.84569,1.64502,1344043852295.02
2013-12-18,14.29592,2.81831,1.66098,1356781029077.19
2013-12-19,14.51987,2.77533,1.68658,1375911269503.64
2013-12-20,14.64493,2.77594,1.70138,1382943987285.25
2013-12-23,14.77282,2.75184,1.71626,1393248386601.97
2013-12-24,14.77282,2.75184,1.71626,1393248386601.97
2013-12-25,14.75031,2.75184,1.71632,1393248386601.97
2013-12-26,14.75031,2.75184,1.71632,1393248386601.97
2013-12-27,14.89745,2.72476,1.73335,1406310902264.89
2013-12-30,14.85884,2.73379,1.72784,1402049355799.63
2013-12-31,14.85875,2.73379,1.72792,1402260142914.23
2014-01-01,14.85875,2.73379,1.72792,1402260142914.23
2014-01-02,14.6543,2.77244,1.70382,1384665696329.88
2014-01-03,14.71975,2.75962,1.71171,1391550481699.89
2014-01-06,14.69864,2.76171,1.71041,1390661623173.37
2014-01-07,14.77971,2.74177,1.72289,1398643677268.89
2014-01-08,14.75536,2.74319,1.72197,1398973728612.93
2014-01-09,14.65189,2.76178,1.71037,1390905522341.47
2014-01-10,14.72755,2.7459,1.72032,1398364977928.66
2014-01-13,14.75645,2.73343,1.72818,1405344025375.67
2014-01-14,14.78536,2.72865,1.73187,1404613078358.96
2014-01-15,15.05767,2.67832,1.76442,1428650642106.54
2014-01-16,15.05252,2.68092,1.76269,1428407092787.48
2014-01-17,15.09419,2.67422,1.76717,1431754599712.37
2014-01-20,15.09992,2.6812,1.76215,1428683918447.24
2014-01-21,15.11506,2.67737,1.76463,1429912855526.0
2014-01-22,15.10813,2.6791,1.76351,1428563632011.46
2014-01-23,14.95941,2.70238,1.74895,1417235048247.01
2014-01-24,14.5449,2.77044,1.70594,1384484486388.62
2014-01-27,14.45915,2.7873,1.69561,1375725695773.65
2014-01-28,14.57694,2.76703,1.71058,1386668206105.04
2014-01-29,14.42375,2.79435,1.69441,1378932083457.23
2014-01-30,14.43998,2.78576,1.69959,1381649427588.43
2014-01-31,14.34597,2.8037,1.68868,1373492993637.83
2014-02-03,14.17504,2.83859,1.66852,1359353544747.53
2014-02-04,14.0923,2.85449,1.65924,1352168824845.95
2014-02-05,14.06657,2.86037,1.65823,1351820246247.33
2014-02-06,14.24777,2.81756,1.68393,1371413079293.95
2014-02-07,14.44998,2.80943,1.6918,1377464037222.36
2014-02-10,14.44866,2.81168,1.69062,1377504416054.96
2014-02-11,14.72807,2.76078,1.72178,1400007547511.75
2014-02-12,14.81734,2.74267,1.73314,1409087335666.59
2014-02-13,14.90104,2.72823,1.74214,1416343225817.73
2014-02-14,15.00781,2.71058,1.75369,1425375290761.77
2014-02-17,15.01868,2.70817,1.75516,1422707016307.15
2014-02-18,15.01606,2.7085,1.75494,1422462918882.21
2014-02-19,15.00442,2.70816,1.75508,1422671953327.66
2014-02-20,14.94133,2.73195,1.74666,1415405761510.82
2014-02-21,15.00734,2.70362,1.75407,1420803871522.23
2014-02-24,15.02257,2.70029,1.76517,1424301314664.55
2014-02-25,15.01321,2.71517,1.76355,1424493996059.99
2014-02-26,14.93745,2.72175,1.75658,1419391873592.7
2014-02-27,14.78155,2.70482,1.74468,1410950332701.17
2014-02-28,14.93086,2.71229,1.76313,1422983384173.4
2014-03-03,14.43804,2.80679,1.69771,1380137798157.56
2014-03-04,14.72239,2.74138,1.73061,1409553762786.38
2014-03-05,14.66009,2.75499,1.72399,1404725942933.26
2014-03-06,14.60387,2.69536,1.72492,1406640572520.42
2014-03-07,14.12771,2.74745,1.70371,1383841453337.64
2014-03-10,14.0188,2.77292,1.68839,1371070804349.93
2014-03-11,14.09545,2.76288,1.69891,1375960437154.15
2014-03-12,13.91942,2.68818,1.67619,1358563714542.8
2014-03-13,13.66877,2.75626,1.64769,1338339152008.41
2014-03-14,13.81275,2.74953,1.64515,1339316766864.06
2014-03-17,14.24669,2.71341,1.67333,1357317687680.96
2014-03-18,14.44204,2.70744,1.70141,1366256692375.01
2014-03-19,15.2016,2.79819,1.70687,1372991974238.14
2014-03-20,15.16458,2.79471,1.70006,1372438511725.18
2014-03-21,15.21581,2.79451,1.71038,1376097401318.09
2014-03-24,14.83999,2.8428,1.68133,1356837589185.0
2014-03-25,15.0956,2.79645,1.71145,1375394478396.04
2014-03-26,15.46381,2.7663,1.72525,1388920231672.67
2014-03-27,15.47371,2.77229,1.72542,1389383498740.26
2014-03-28,15.70437,2.73673,1.74745,1406897003933.75
2014-03-31,15.67618,2.74235,1.73864,1405229597897.8
2014-04-01,16.07301,2.7269,1.75128,1412296029605.63
2014-04-02,16.10181,2.62695,1.75433,1415938654296.9
2014-04-03,16.11528,2.62572,1.75478,1416184034493.86
2014-04-04,16.21864,2.60855,1.76664,1424725850189.24
2014-04-07,15.91496,2.65825,1.73501,1400428441670.72
2014-04-08,16.19476,2.66855,1.72763,1394578523962.34
2014-04-09,16.23791,2.66065,1.73159,1402025218026.24
2014-04-10,16.10863,2.68038,1.71888,1393017282217.21
2014-04-11,15.87011,2.71917,1.68867,1374492441098.01
2014-04-14,15.87056,2.71849,1.68787,1373294337518.42
2014-04-15,15.60149,2.76588,1.65872,1351960722009.44
2014-04-16,15.85603,2.72278,1.68554,1373467552925.48
2014-04-17,16.01476,2.69824,1.70078,1384274127603.63
2014-04-18,16.01342,2.69825,1.70112,1384297035253.23
2014-04-21,16.01398,2.69813,1.7009,1386364883621.23
2014-04-22,16.32613,2.64635,1.73342,1409403405828.33
2014-04-23,16.23389,2.6611,1.72372,1401848145281.98
2014-04-24,16.23615,2.66014,1.72343,1402125952855.5
2014-04-25,16.01316,2.69964,1.69818,1382779934487.21
2014-04-28,16.07254,2.6901,1.70428,1386680555949.87
2014-04-29,16.21151,2.6545,1.72902,1401785369233.52
2014-04-30,16.18343,2.65984,1.72456,1402547177341.23
2014-05-01,16.15685,2.77905,1.72457,1402547177341.23
2014-05-02,16.24569,2.68123,1.71545,1394247718262.89
2014-05-05,16.15177,2.69632,1.70582,1387475881206.92
2014-05-06,15.92775,2.71157,1.69373,1379834490192.32
2014-05-07,15.94149,2.70349,1.69893,1384417135016.48
2014-05-08,15.98156,2.68412,1.71106,1387697143060.29
2014-05-09,15.89646,2.69089,1.707,1386073272184.36
2014-05-12,16.0827,2.65884,1.7274,1400837560925.38
2014-05-13,16.12424,2.64887,1.73329,1404578159968.95
2014-05-14,16.04404,2.6522,1.73074,1402114060909.8
2014-05-15,15.63885,2.67855,1.71475,1389515098822.54
2014-05-16,15.89844,2.69757,1.70207,1380433391402.67
2014-05-19,15.67569,2.68356,1.71069,1386317337606.77
2014-05-20,15.69801,2.68807,1.70812,1384863944399.14
2014-05-21,15.77734,2.67374,1.71496,1389021880684.02
2014-05-22,15.81785,2.6682,1.71587,1391331569725.23
2014-05-23,15.88387,2.65675,1.72327,1397707075909.12
2014-05-26,16.08239,2.62387,1.74483,1414339827723.84
2014-05-27,16.16177,2.6115,1.7522,1420990756314.02
2014-05-28,16.13925,2.61483,1.75004,1419230260344.58
2014-05-29,16.14077,2.61657,1.75036,1420025101410.7
2014-05-30,16.17553,2.61417,1.75454,1423037317602.18
2014-06-02,16.16994,2.61248,1.75304,1422458324948.89
2014-06-03,16.12016,2.62179,1.74717,1418005220208.09
2014-06-04,16.12845,2.62073,1.74793,1416377504317.62
2014-06-05,16.18994,2.61412,1.76165,1422716684850.61
2014-06-06,16.27149,2.60136,1.79916,1436612712015.83
2014-06-09,16.30839,2.59555,1.80323,1440096038653.58
2014-06-10,16.33228,2.59154,1.80613,1440710735042.84
2014-06-11,16.21146,2.61124,1.79463,1433642736115.56
2014-06-12,16.20739,2.61192,1.79412,1434118049465.3
2014-06-13,16.14213,2.6221,1.77944,1428281683975.09
2014-06-16,16.09145,2.63046,1.77364,1424111016305.35
2014-06-17,16.15441,2.62008,1.78069,1429525943854.7
2014-06-18,16.17833,2.61738,1.78252,1431461929521.17
2014-06-19,16.27292,2.59958,1.79471,1440177099904.28
2014-06-20,16.21109,2.5906,1.7965,1438846644559.9
2014-06-23,16.10849,2.60775,1.78482,1430079145311.58
2014-06-24,16.12771,2.6047,1.79469,1433251036183.38
2014-06-25,16.0113,2.62445,1.78118,1422903891844.9
2014-06-26,15.92491,2.63918,1.77206,1416376318475.98
2014-06-27,15.97574,2.62715,1.75451,1417711607936.38
2014-06-30,15.96912,2.63225,1.77674,1419759783455.16
2014-07-01,16.06548,2.61634,1.78641,1427644559392.38
2014-07-02,16.18832,2.613,1.78871,1430631037918.86
2014-07-03,16.36157,2.58447,1.80842,1444578878209.45
2014-07-04,16.32999,2.59011,1.80452,1441122383471.91
2014-07-07,16.16992,2.61641,1.78636,1427703436787.34
2014-07-08,15.94773,2.65222,1.76228,1408739616274.64
2014-07-09,15.98952,2.6458,1.71011,1411008370335.93
2014-07-10,15.76039,2.68426,1.68509,1392990621173.86
2014-07-11,15.78234,2.68162,1.68677,1394967037383.19
2014-07-14,15.97432,2.65001,1.70668,1410131785391.92
2014-07-15,15.8637,2.66874,1.69498,1401435078270.85
2014-07-16,16.0773,2.6331,1.71827,1419536497967.65
2014-07-17,15.92963,2.65783,1.69904,1407606842736.97
2014-07-18,15.8337,2.67418,1.68597,1393906472498.8
2014-07-21,15.69392,2.69567,1.67313,1389341519240.06
2014-07-22,15.87914,2.66491,1.69248,1404115423035.27
2014-07-23,15.91772,2.65885,1.69544,1409293623916.81
2014-07-24,15.97552,2.64807,1.70348,1414625846357.06
2014-07-25,15.73744,2.68675,1.67885,1396265632059.73
2014-07-28,15.82669,2.70178,1.66949,1387543839675.45
2014-07-29,15.90334,2.68776,1.73957,1393602787023.74
2014-07-30,15.78122,2.70467,1.72869,1385054533486.75
2014-07-31,15.45498,2.751,1.70429,1360729943201.9
2014-08-01,15.24399,2.7624,1.6774,1335889062542.57
2014-08-04,15.01943,2.82981,1.65181,1329040391770.5
2014-08-05,15.0914,2.82114,1.65729,1330444047450.3
2014-08-06,14.85443,2.84107,1.64562,1321254780054.17
2014-08-07,14.56948,2.86632,1.63095,1310146777994.61
2014-08-08,14.4904,2.87681,1.62453,1306989641484.2
2014-08-11,14.77445,2.82145,1.65731,1329579867027.85
2014-08-12,14.63808,2.85434,1.63824,1315106238550.48
2014-08-13,14.80118,2.81859,1.66073,1329295784927.07
2014-08-14,14.87572,2.80902,1.66662,1333885878441.42
2014-08-15,14.68112,2.84525,1.64498,1320395741155.27
2014-08-18,14.90976,2.80161,1.67105,1337797407491.51
2014-08-19,14.65709,2.77493,1.68721,1350371231183.98
2014-08-20,14.6259,2.78141,1.68369,1347407586130.22
2014-08-21,14.77532,2.75689,1.70045,1358957639795.37
2014-08-22,14.67935,2.77201,1.68937,1353642182438.95
2014-08-25,14.92632,2.72678,1.71747,1373231414481.62
2014-08-26,15.03083,2.70729,1.72989,1381966380603.02
2014-08-27,15.00195,2.71066,1.72772,1380868809826.77
2014-08-28,14.83892,2.74766,1.70866,1366564596311.81
2014-08-29,14.85287,2.7469,1.7093,1366178383830.37
2014-09-01,14.86359,2.7448,1.71058,1367416044364.98
2014-09-02,14.90777,2.73672,1.71562,1371265369153.72
2014-09-03,15.07526,2.70539,1.73563,1385670739516.54
2014-09-04,15.21238,2.68078,1.75168,1396648199836.28
2014-09-05,15.23682,2.67579,1.75499,1399712398971.43
2014-09-08,15.24956,2.67307,1.75677,1401186135695.17
2014-09-09,15.18318,2.68791,1.74803,1394595056514.66
2014-09-10,15.14215,2.69124,1.74645,1394525738380.08
2014-09-11,15.13178,2.69343,1.74506,1392871062998.61
2014-09-12,15.0883,2.70199,1.73953,1388625057556.44
2014-09-15,15.095,2.70129,1.74003,1388180241009.49
2014-09-16,15.0411,2.71105,1.73374,1383374758733.69
2014-09-17,15.09663,2.70185,1.73868,1387475003141.56
2014-09-18,15.28542,2.66845,1.7606,1402568046724.67
2014-09-19,15.25516,2.66395,1.74027,1402935869264.86
2014-09-22,15.18472,2.67627,1.73224,1396292321333.93
2014-09-23,14.94798,2.71864,1.70519,1375322251930.17
2014-09-24,15.03149,2.69668,1.71497,1382671959014.95
2014-09-25,14.84664,2.73449,1.69111,1365495714540.91
2014-09-26,14.80689,2.73928,1.68809,1364193231030.87
2014-09-29,14.72429,2.75639,1.67773,1356724320045.44
2014-09-30,14.80217,2.74218,1.68632,1362670033639.97
2014-10-01,14.65713,2.76237,1.6701,1350478809553.08
2014-10-02,14.39057,2.81613,1.6398,1331395930491.85
2014-10-03,14.39179,2.81613,1.63963,1331395930491.85
2014-10-06,14.41404,2.81003,1.64325,1332766252320.4
2014-10-07,14.23173,2.84806,1.62127,1316904871126.25
2014-10-08,14.08525,2.87743,1.60506,1303259953920.31
2014-10-09,14.10012,2.87755,1.60499,1303375432461.4
2014-10-10,13.77471,2.94519,1.56803,1274291677635.55
2014-10-13,13.8152,2.94046,1.57175,1278697853555.01
2014-10-14,13.85132,2.9343,1.57499,1281506588636.4
2014-10-15,13.48061,3.01472,1.53299,1249176668627.44
2014-10-16,13.51048,3.01226,1.53425,1249127205717.92
2014-10-17,13.94054,2.91999,1.58267,1288217072201.62
2014-10-20,13.71919,2.96132,1.56057,1271089021680.94
2014-10-21,13.97975,2.90491,1.59091,1295361429496.4
2014-10-22,14.08174,2.88381,1.60241,1304998156444.49
2014-10-23,14.23559,2.85331,1.61953,1319231406871.76
2014-10-24,14.12448,2.87149,1.60928,1311934087042.1
2014-10-27,13.99503,2.89866,1.59395,1300569706249.78
2014-10-28,14.03789,2.85034,1.62131,1321410098689.41
2014-10-29,14.09026,2.84276,1.62557,1325440636834.0
2014-10-30,14.14827,2.83228,1.63249,1330426792267.59
2014-10-31,14.40383,2.77179,1.66775,1357223107196.89
2014-11-03,14.3405,2.78927,1.65785,1351211443634.95
2014-11-04,14.20634,2.81396,1.64445,1339639754266.0
2014-11-05,14.41521,2.77218,1.66915,1358015349258.62
2014-11-06,14.50122,2.75552,1.67914,1365879488202.32
2014-11-07,14.29928,2.77761,1.66566,1355300216720.18
2014-11-10,14.41797,2.75874,1.67731,1364699709336.77
2014-11-11,14.45824,2.75384,1.68052,1367131123526.55
2014-11-12,14.25415,2.8062,1.6545,1351294122042.05
2014-11-13,14.30725,2.79559,1.66088,1354948239157.16
2014-11-14,14.09283,2.79392,1.66227,1356321576393.0
2014-11-17,14.16291,2.77793,1.67165,1363430403785.31
2014-11-18,14.34639,2.73633,1.6972,1382680700564.71
2014-11-19,14.37397,2.73052,1.70084,1386062563493.34
2014-11-20,14.4085,2.73109,1.7035,1388445893531.24
2014-11-21,14.84085,2.66696,1.74261,1418275573854.45
2014-11-24,14.9241,2.65139,1.75302,1427169908887.98
2014-11-25,15.00513,2.63379,1.76469,1436127421152.71
2014-11-26,15.05567,2.62183,1.77313,1442448168542.27
2014-11-27,15.14269,2.61465,1.78284,1449580827958.99
2014-11-28,15.14747,2.61372,1.78247,1450859395164.6
2014-12-01,15.09822,2.60008,1.78024,1448947220337.47
2014-12-02,15.05295,2.60709,1.77519,1445119791798.57
2014-12-03,15.10918,2.59529,1.7827,1450982336712.41
2014-12-04,14.94221,2.64779,1.76268,1436667520892.41
2014-12-05,15.25862,2.59077,1.801,1465932929499.4
2014-12-08,15.16652,2.60807,1.78557,1455445839193.52
2014-12-09,14.86707,2.6635,1.74833,1427984383434.03
2014-12-10,14.87097,2.66301,1.74883,1427569545659.31
2014-12-11,14.97012,2.64787,1.75885,1436062529992.8
2014-12-12,14.49867,2.71596,1.70759,1403425381597.06
2014-12-15,14.14228,2.78569,1.664,1370593800393.87
2014-12-16,14.46708,2.7353,1.7008,1398886131396.84
2014-12-17,14.46058,2.73887,1.70135,1400074130878.51
2014-12-18,14.84268,2.66723,1.74702,1435186952636.76
2014-12-19,15.01382,2.68323,1.74548,1433848133720.7
2014-12-22,15.14489,2.66189,1.75941,1443883739849.7
2014-12-23,15.22517,2.6467,1.76943,1451978502824.2
2014-12-24,15.22517,2.6467,1.76949,1452019875420.68
2014-12-25,15.22476,2.6467,1.76957,1452019875420.68
2014-12-26,15.22484,2.64671,1.7695,1452016575420.68
2014-12-29,15.23235,2.64954,1.77,1452996167827.54
2014-12-30,15.07255,2.6784,1.75092,1438831381073.6
2014-12-31,15.07255,2.6784,1.75085,1438838945813.6
2015-01-01,15.07299,2.67864,1.75103,1438514640504.2
2015-01-02,15.01763,2.68741,1.74515,1433609431665.77
2015-01-05,14.63266,2.76177,1.69794,1398673580950.93
2015-01-06,14.6347,2.76318,1.69704,1397727498225.19
2015-01-07,14.71445,2.74948,1.70532,1404045883966.56
2015-01-08,15.19452,2.66587,1.75883,1444420960613.36
2015-01-09,14.96551,2.70933,1.73567,1423496311642.44
2015-01-12,15.17436,2.67668,1.75182,1439736537292.65
2015-01-13,15.41356,2.63682,1.77826,1460217616065.98
2015-01-14,15.24185,2.66835,1.75728,1444866704446.61
2015-01-15,15.56024,2.61413,1.79368,1472666297460.76
2015-01-16,15.75208,2.58282,1.81544,1488782442615.43
2015-01-19,15.86958,2.56331,1.8294,1499096847149.94
2015-01-20,15.88887,2.55874,1.8325,1501485899771.42
2015-01-21,15.95084,2.54904,1.83959,1507195843270.62
2015-01-22,16.16046,2.51551,1.86369,1527636487728.38
2015-01-23,16.51301,2.46597,1.90088,1556890878358.28
2015-01-26,16.74682,2.43326,1.92647,1576508513525.9
2015-01-27,16.49071,2.47361,1.89843,1553235876794.7
2015-01-28,16.66592,2.46022,1.90865,1562207074144.83
2015-01-29,16.67834,2.45594,1.91202,1564428481265.21
2015-01-30,16.62044,2.46433,1.90032,1555068395872.97
2015-02-02,16.79853,2.43752,1.92137,1571028844097.89
2015-02-03,16.971,2.42247,1.93342,1581517342245.32
2015-02-04,17.02666,2.41706,1.93892,1587069556503.71
2015-02-05,17.04193,2.43283,1.94034,1589146929819.41
2015-02-06,17.08225,2.45258,1.9298,1582345907945.32
2015-02-09,16.79001,2.49455,1.89746,1555727074932.26
2015-02-10,16.93743,2.47314,1.91392,1569588940446.1
2015-02-11,16.91783,2.47449,1.91195,1568216691178.11
2015-02-12,17.18959,2.43232,1.94281,1590385576876.53
2015-02-13,17.24574,2.4245,1.94912,1593561334099.8
2015-02-16,17.13072,2.43265,1.94216,1588576402964.18
2015-02-17,17.10586,2.43875,1.93722,1584728805114.87
2015-02-18,17.23781,2.42146,1.95108,1597064406090.87
2015-02-19,17.32806,2.41114,1.95644,1605118917814.09
2015-02-20,17.38074,2.38518,1.96367,1611150615863.75
2015-02-23,17.62506,2.36601,1.97876,1623188560452.61
2015-02-24,17.72365,2.35304,1.98973,1629611594140.86
2015-02-25,17.70574,2.36044,1.98941,1629313615615.8
2015-02-26,17.90476,2.40087,2.00926,1643808254812.86
2015-02-27,16.67036,2.41502,2.02051,1654001049972.36
2015-03-02,16.65875,2.41651,2.02078,1657600929023.04
2015-03-03,16.4179,2.44358,1.99783,1638826162925.05
2015-03-04,16.5206,2.4268,2.01331,1649973748013.37
2015-03-05,16.5206,,2.01331,1649973748013.37
2015-03-06,16.5206,,2.01331,1649973748013.37
2015-03-09,16.5206,,2.01331,1649973748013.37
2015-03-10,16.5206,,2.01331,1649973748013.37
2015-03-11,16.5206,,2.01331,1649973748013.37
2015-03-12,16.5206,,2.01331,1649973748013.37
2015-03-13,16.5206,,2.01331,1649973748013.37
2015-03-16,16.5206,,2.01331,1649973748013.37
2015-03-17,16.5206,,2.01331,1649973748013.37
2015-03-18,16.5206,,2.01331,1649973748013.37
2015-03-19,16.5206,,2.01331,1649973748013.37
2015-03-20,16.5206,,2.01331,1649973748013.37
2015-03-23,16.5206,,2.01331,1649973748013.37
2015-03-24,16.5206,,2.01331,1649973748013.37
2015-03-25,16.5206,,2.01331,1649973748013.37
2015-03-26,16.5206,,2.01331,1649973748013.37
2015-03-27,16.5206,,2.01331,1649973748013.37
2015-03-30,16.5206,,2.01331,1649973748013.37
2015-03-31,16.5206,,2.01331,1649973748013.37
2015-04-01,16.5206,,2.01331,1649973748013.37
2015-04-02,16.5206,,2.01331,1649973748013.37
2015-04-03,16.5206,,2.01331,1649973748013.37
2015-04-06,16.5206,,2.01331,1649973748013.37
2015-04-07,16.5206,,2.01331,1649973748013.37
2015-04-08,18.67635,2.36325,2.00595,1735212742871.48
2015-04-09,18.88702,2.33693,2.02685,1754240659210.87
2015-04-10,19.20433,2.29941,2.05987,1780382276990.12
2015-04-13,19.14486,2.30532,2.05497,1774594246571.88
2015-04-14,18.97917,2.32473,2.03795,1762095875889.35
2015-04-15,18.97612,2.32412,2.038,1761476348920.75
2015-04-16,18.56889,2.3681,2.00111,1734036044388.92
2015-04-17,18.10227,2.42809,1.95132,1694640738201.9
2015-04-20,18.38897,2.3898,1.98261,1717997366758.32
2015-04-21,18.48081,2.37868,1.99176,1725140742118.98
2015-04-22,18.36322,2.39407,1.97896,1714946852230.46
2015-04-23,18.13064,2.42493,1.95453,1696682551390.16
2015-04-24,18.23911,2.41326,1.96434,1706925906896.69
2015-04-27,18.5886,2.36878,2.00134,1739317867748.4
2015-04-28,18.24533,2.41282,1.96468,1710009790788.16
2015-04-29,17.43217,2.49004,1.90783,1660870099254.82
2015-04-30,17.32584,2.48719,1.91159,1661142098433.0
2015-05-01,17.32863,2.48832,1.91263,1661145168927.86
2015-05-04,17.51596,2.4614,1.92469,1678079958181.61
2015-05-05,17.19006,2.52095,1.87898,1642378157805.63
2015-05-06,17.14512,2.52883,1.87422,1637673277255.27
2015-05-07,17.18269,2.52475,1.87671,1640944612354.97
2015-05-08,17.43384,2.46392,1.92237,1678331753232.38
2015-05-11,17.6918,2.46894,1.9186,1675719616565.89
2015-05-12,17.35974,2.51166,1.89241,1649507595100.77
2015-05-13,16.96047,2.53666,1.87276,1634663142894.77
2015-05-14,17.22796,2.4976,1.90188,1658016009611.88
2015-05-15,17.32458,2.51774,1.88657,1644566942570.33
2015-05-18,17.55234,2.48848,1.9306,1689609518269.22
2015-05-19,17.96135,2.43445,1.95174,1699934084710.41
2015-05-20,17.93723,2.43557,1.97146,1724863165612.86
2015-05-21,17.95879,2.43661,1.94963,1698478615978.94
2015-05-22,17.89406,2.45276,1.93674,1688498264394.03
2015-05-25,17.93278,2.45274,1.93692,1688495003285.33
2015-05-26,17.67011,2.48999,1.9078,1665686796841.06
2015-05-27,17.89471,2.45991,1.93314,1684220903155.62
2015-05-28,17.72087,2.48401,1.91425,1669185215454.63
2015-05-29,17.36257,2.53736,1.87359,1638153099357.43
2015-06-01,17.41014,2.53073,1.8785,1643414482378.95
2015-06-02,17.25855,2.55321,1.86186,1629516098473.54
2015-06-03,17.37059,2.53638,1.87428,1640285054499.09
2015-06-04,17.25572,2.55432,1.86103,1629730426666.68
2015-06-05,17.04124,2.58774,1.83719,1612563484525.36
2015-06-08,16.8434,2.61827,1.81694,1594611931518.1
2015-06-09,16.75529,2.63267,1.80705,1583983063517.08
2015-06-10,17.13888,2.57425,1.84812,1618173425464.9
2015-06-11,17.25467,2.55857,1.85945,1627214906101.71
2015-06-12,17.03918,2.59005,1.83675,1609828201656.65
2015-06-15,16.70559,2.64026,1.80211,1580289923160.63
2015-06-16,16.80283,2.6263,1.81204,1588179119889.72
2015-06-17,16.69919,2.64502,1.80237,1579548350127.37
2015-06-18,16.85929,2.6197,1.82057,1592900415454.01
2015-06-19,16.82048,2.61419,1.81406,1587890058260.65
2015-06-22,17.41751,2.52549,1.87824,1640034441669.21
2015-06-23,17.56448,2.50476,1.89399,1654758228176.63
2015-06-24,17.46506,2.51964,1.88278,1645495665379.56
2015-06-25,17.4753,2.51891,1.8836,1646232297397.5
2015-06-26,17.50814,2.51425,1.887,1648962076535.7
2015-06-29,16.92886,2.59988,1.82357,1597539695471.58
2015-06-30,16.71826,2.63199,1.80057,1580585159448.56
2015-07-01,17.07609,2.57831,1.83877,1612342891403.78
2015-07-02,16.9435,2.59699,1.82555,1601872824927.84
2015-07-03,16.89222,2.60524,1.81979,1598460480607.67
2015-07-06,16.65929,2.64177,1.79403,1577109349000.59
2015-07-07,16.35743,2.69018,1.76161,1550803063500.35
2015-07-08,16.43142,2.67787,1.76968,1553371082862.47
2015-07-09,16.80288,2.61915,1.80942,1586179154390.08
2015-07-10,17.25308,2.54897,1.8592,1625833132520.93
2015-07-13,17.48414,2.51722,1.88093,1640738596856.0
2015-07-14,17.54007,2.50976,1.87151,1641521907565.39
2015-07-15,17.58149,2.50102,1.8811,1652664981876.34
2015-07-16,17.84763,2.46374,1.9096,1676736012211.93
2015-07-17,17.8271,2.46982,1.8987,1674916797879.41
2015-07-20,17.92308,2.45655,1.9092,1682970671923.09
2015-07-21,17.72528,2.48293,1.8884,1667073022608.32
2015-07-22,17.60248,2.49973,1.87564,1655756159361.25
2015-07-23,17.58609,2.5016,1.87411,1655857534742.64
2015-07-24,17.30826,2.53365,1.85043,1635249323400.28
2015-07-27,16.88865,2.5998,1.80354,1595057352871.92
2015-07-28,17.08046,2.57084,1.82358,1613242687259.5
2015-07-29,17.14684,2.56114,1.83046,1617247289203.74
2015-07-30,17.26463,2.55385,1.83595,1621234342223.05
2015-07-31,17.28517,2.54124,1.84503,1629104012016.86
2015-08-03,17.53241,2.50947,1.86837,1649358627102.9
2015-08-04,17.55272,2.50431,1.8725,1653120659850.16
2015-08-05,17.76263,2.47007,1.89825,1675066571302.49
2015-08-06,17.58685,2.47949,1.89139,1668764894750.88
2015-08-07,17.40105,2.50229,1.87501,1655400050167.48
2015-08-10,17.41686,2.47894,1.89254,1670624734660.48
2015-08-11,16.93391,2.54273,1.84444,1630137288686.64
2015-08-12,16.38245,2.62614,1.78676,1580298138628.99
2015-08-13,16.55743,2.59909,1.80515,1596611567530.24
2015-08-14,16.38945,2.60111,1.80273,1595719631589.21
2015-08-17,16.32428,2.61073,1.79593,1589618245221.17
2015-08-18,16.35751,2.61463,1.79319,1586876548439.65
2015-08-19,16.03227,2.66929,1.75623,1556534085287.51
2015-08-20,15.64613,2.73472,1.71412,1520482222540.32
2015-08-21,15.17465,2.82204,1.6619,1471914221960.79
2015-08-24,14.50284,2.95492,1.58712,1408459637371.89
2015-08-25,15.1962,2.81895,1.66387,1471218359744.1
2015-08-26,15.03932,2.84729,1.64537,1463393860614.96
2015-08-27,15.50036,2.76233,1.69629,1506383460768.55
2015-08-28,15.76087,2.81321,1.71598,1337541205906.3
2015-08-31,15.7284,2.81968,1.71192,1335355310733.25
2015-09-01,15.36655,2.88616,1.67238,1306754963162.34
2015-09-02,15.13814,2.82871,1.65628,1473791822504.51
2015-09-03,15.52867,2.758,1.69888,1508440757264.8
2015-09-04,15.13503,2.83117,1.65496,1473664510259.53
2015-09-07,15.22751,2.81385,1.66514,1481596833517.55
2015-09-08,15.45991,2.77112,1.69086,1503589519607.36
2015-09-09,15.54056,2.75911,1.69792,1510732491184.15
2015-09-10,15.44209,2.78032,1.68487,1500127395822.75
2015-09-11,15.3181,2.80456,1.67093,1487771198010.54
2015-09-14,15.31579,2.80517,1.67067,1487927202504.79
2015-09-15,15.413,2.79118,1.67455,1482036711693.38
2015-09-16,15.50131,2.77806,1.68678,1495958630528.3
2015-09-17,15.48504,2.78348,1.68647,1496976276540.53
2015-09-18,15.12149,2.85297,1.63728,1461002904890.79
2015-09-21,15.14681,2.84203,1.63989,1454034968802.45
2015-09-22,14.58235,2.9511,1.57896,1396307026280.75
2015-09-23,14.64984,2.94208,1.58655,1405864105943.16
2015-09-24,14.37935,2.99725,1.55718,1381154603569.34
2015-09-25,14.76404,2.91986,1.59839,1415671168830.27
2015-09-28,14.46485,2.98033,1.56538,1386868445702.4
2015-09-29,14.40818,2.99124,1.56012,1380279905442.04
2015-09-30,14.71505,2.92774,1.59416,1408397943758.04
2015-10-01,14.51248,2.96892,1.57205,1389192197253.43
2015-10-02,14.56284,2.95641,1.57863,1391580722263.89
2015-10-05,14.94821,2.87946,1.62076,1426658112440.92
2015-10-06,15.07542,2.86115,1.63465,1443580299736.93
2015-10-07,15.14867,2.8463,1.64353,1453726724601.38
2015-10-08,15.18221,2.83731,1.64774,1458946829357.34
2015-10-09,15.31073,2.81276,1.66274,1474432806576.72
2015-10-12,15.31847,2.80872,1.66471,1478851971417.81
2015-10-13,15.17496,2.83894,1.64945,1463639315599.88
2015-10-14,14.99447,2.87036,1.63121,1448440729608.8
2015-10-15,15.20661,2.83151,1.6535,1465569715618.96
2015-10-16,15.24066,2.82465,1.65864,1468063631084.84
2015-10-19,15.3397,2.80738,1.66872,1476533941586.71
2015-10-20,15.30875,2.81118,1.66597,1471847348382.73
2015-10-21,15.454,2.78526,1.6814,1488169245935.74
2015-10-22,15.81173,2.72288,1.72053,1522013236354.2
2015-10-23,16.24922,2.65041,1.76729,1559643482150.63
2015-10-26,16.34176,2.64816,1.76904,1560648110034.47
2015-10-27,16.17554,2.67629,1.75045,1545867884099.23
2015-10-28,16.81911,2.64159,1.77353,1564507615139.52
2015-10-29,16.81236,2.64407,1.77222,1565735840344.41
2015-10-30,16.8394,2.63478,1.77863,1569720052662.42
2015-11-02,16.43674,2.61162,1.79452,1583243006936.79
2015-11-03,16.37848,2.61362,1.79319,1580733774661.47
2015-11-04,16.22668,2.63871,1.77616,1564954152121.32
2015-11-05,16.27188,2.63053,1.78182,1570558891708.74
2015-11-06,16.34318,2.60831,1.79574,1585859421601.03
2015-11-09,16.05198,2.64839,1.76858,1562425852589.13
2015-11-10,16.19021,2.64527,1.77044,1563671309918.17
2015-11-11,16.28644,2.63044,1.78015,1571588520184.61
2015-11-12,16.20762,2.67478,1.75965,1555290027774.84
2015-11-13,16.03132,2.69357,1.75264,1549073391353.79
2015-11-16,16.0434,2.68787,1.75481,1552061961184.98
2015-11-17,16.56092,2.62723,1.79766,1585755671412.04
2015-11-18,16.54474,2.62946,1.79714,1585271006671.13
2015-11-19,16.71776,2.60317,1.81628,1721804767800.06
2015-11-20,16.77467,2.5959,1.82155,1605263161898.66
2015-11-23,16.75049,2.60208,1.81746,1602541423519.5
2015-11-24,16.52269,2.63905,1.7923,1582702372374.57
2015-11-25,16.86254,2.58641,1.82888,1613278860192.31
2015-11-26,17.07407,2.55711,1.85235,1634189414900.98
2015-11-27,17.03992,2.5622,1.84658,1631768917114.25
2015-11-30,17.13517,2.54223,1.8615,1645107946881.51
2015-12-01,16.95993,2.56628,1.84383,1632198868654.05
2015-12-02,16.87961,2.57905,1.83472,1625907433369.71
2015-12-03,16.31585,2.66582,1.77478,1577629506104.27
2015-12-04,16.28362,2.67265,1.77049,1574081046859.88
2015-12-07,16.50181,2.6386,1.79359,1593664668990.94
2015-12-08,16.19446,2.69037,1.75063,1564003478320.96
2015-12-09,16.08201,2.70378,1.73907,1557418776422.67
2015-12-10,16.08397,2.70434,1.73788,1555530606175.85
2015-12-11,15.71778,2.77089,1.69657,1521718163217.57
2015-12-14,15.43986,2.82198,1.66587,1495436108156.0
2015-12-15,15.88987,2.7416,1.71463,1536091005403.92
2015-12-16,15.93483,2.73318,1.71987,1540832462466.22
2015-12-17,16.31809,2.67119,1.75969,1574580326515.6
2015-12-18,15.99959,2.70777,1.73084,1558579441509.01
2015-12-21,15.82285,2.73626,1.71272,1535324995368.51
2015-12-22,15.8187,2.73723,1.71211,1535568510829.01
2015-12-23,16.13944,2.6804,1.74849,1565665997170.5
2015-12-24,16.13944,2.68039,1.74849,1565666101613.55
2015-12-25,16.13944,2.68039,1.74849,1565666101613.55
2015-12-28,16.03799,2.69762,1.73728,1556258555292.22
2015-12-29,16.33777,2.64828,1.76973,1583396247791.84
2015-12-30,16.16788,2.67522,1.752,1568679020028.07
2015-12-31,16.1678,2.67522,1.752,1568679020028.07
2016-01-01,16.1678,2.67522,1.75348,1568679020028.07
2016-01-04,15.54649,2.78315,1.68511,1512623463570.9
2016-01-05,15.56218,2.7785,1.6878,1512977519323.89
2016-01-06,15.40409,2.8066,1.67096,1498478772188.64
2016-01-07,15.0507,2.87271,1.63232,1464027214893.94
2016-01-08,14.87987,2.90758,1.61272,1448553006980.85
2016-01-11,14.82846,2.91796,1.60808,1445154279519.89
2016-01-12,15.07795,2.87012,1.63478,1469454284659.69
2016-01-13,15.03627,2.87735,1.63046,1464881761572.2
2016-01-14,14.78828,2.9274,1.60258,1440233813301.61
2016-01-15,14.43196,3.00477,1.56111,1403627381925.93
2016-01-18,14.38459,3.01689,1.55464,1396105020081.99
2016-01-19,14.60344,2.96819,1.58049,1419259720770.81
2016-01-20,14.19424,3.05787,1.53406,1377539611580.93
2016-01-21,14.46905,3.00226,1.56259,1403066556574.49
2016-01-22,14.79021,2.93712,1.59704,1433304305324.87
2016-01-25,14.78657,2.94052,1.59519,1433241100085.56
2016-01-26,14.88447,2.91979,1.60955,1443455659130.29
2016-01-27,14.91175,2.91301,1.61325,1448230192586.12
2016-01-28,14.46702,2.98233,1.57546,1416273515898.15
2016-01-29,14.72959,2.93191,1.60219,1439109579709.47
2016-02-01,14.68668,2.94161,1.59671,1434657675411.08
2016-02-02,14.4446,2.99404,1.56872,1411650052775.32
2016-02-03,14.2475,3.03849,1.54528,1391578277878.0
2016-02-04,14.17724,3.12899,1.53981,1384325821719.85
2016-02-05,14.00237,3.16394,1.52286,1371409303049.82
2016-02-08,13.29693,3.28007,1.46914,1321721932166.47
2016-02-09,13.17227,3.31526,1.45311,1308284738119.4
2016-02-10,13.38014,3.26152,1.4774,1330417524917.27
2016-02-11,13.01618,3.35629,1.43554,1294400225069.93
2016-02-12,13.28646,3.28149,1.46861,1320949613976.84
2016-02-15,13.63834,3.19234,1.50968,1358915142212.08
2016-02-16,13.46827,3.21614,1.49817,1349546140730.96
2016-02-17,13.82052,3.08518,1.53747,1383956482196.66
2016-02-18,13.96527,3.05369,1.55233,1397217551584.77
2016-02-19,13.86712,3.09886,1.53981,1386263620089.71
2016-02-22,14.10869,3.0431,1.56839,1410933045577.03
2016-02-23,13.9052,3.11077,1.51957,1389089169116.13
2016-02-24,13.5368,3.20129,1.47864,1353453944835.36
2016-02-25,13.77774,3.17266,1.50344,1376160025994.96
2016-02-26,13.96196,3.14811,1.51619,1397427817310.79
2016-02-29,13.96588,3.14576,1.50448,1401178482612.36
2016-03-01,14.26458,3.07493,1.53849,1431817896253.13
2016-03-02,14.3128,3.06424,1.54539,1437576737887.1
2016-03-03,14.26476,3.08726,1.52962,1434176999238.04
2016-03-04,14.30569,3.06559,1.54083,1443449410413.86
2016-03-07,14.24286,3.0808,1.53311,1436059359782.28
2016-03-08,14.10717,3.11419,1.51504,1420392000878.7
2016-03-09,14.17268,3.10477,1.53457,1425048960406.02
2016-03-10,13.94928,3.19039,1.50345,1395046666275.7
2016-03-11,14.37551,2.99645,1.57045,1463845939062.68
2016-03-14,14.5828,2.9507,1.58809,1484751983053.91
2016-03-15,14.4752,2.96838,1.59057,1475495104592.49
2016-03-16,14.55105,2.96375,1.58451,1483537225316.53
2016-03-17,14.56888,3.02124,1.56538,1472532298087.29
2016-03-18,14.64526,3.00578,1.57173,1479354132166.55
2016-03-21,14.62681,3.00624,1.56903,1479118726216.35
2016-03-22,14.68064,2.98832,1.56941,1486426827258.7
2016-03-23,14.7785,2.97905,1.57462,1491493020026.85
2016-03-24,14.55092,3.02761,1.54712,1468333193673.81
2016-03-25,14.54917,3.02801,1.54428,1468333193673.81
2016-03-28,14.5505,3.02801,1.54407,1468333193673.81
2016-03-29,14.61315,3.01454,1.55023,1474172821750.36
2016-03-30,14.83967,2.96657,1.57496,1495937027835.73
2016-03-31,14.71742,2.99719,1.56185,1485772757401.0
2016-04-01,14.47709,3.04169,1.53689,1456131211982.66
2016-04-04,14.54354,3.03463,1.53242,1459780340888.53
2016-04-05,14.199,3.11001,1.49515,1425777594777.58
2016-04-06,14.25485,3.09632,1.50394,1435361712783.04
2016-04-07,14.0797,3.13265,1.48441,1421322447503.14
2016-04-08,14.21438,3.10157,1.49916,1434184435925.44
2016-04-11,14.28454,3.08483,1.50695,1441224325733.09
2016-04-12,14.37505,3.06553,1.51809,1448758346338.98
2016-04-13,14.72372,2.99084,1.55601,1482672911920.69
2016-04-14,14.7744,2.97532,1.56413,1490713637741.12
2016-04-15,14.69537,2.98919,1.55731,1482550305552.83
2016-04-18,14.78782,2.97071,1.56744,1492236486125.36
2016-04-19,15.09644,2.91058,1.59978,1520630894852.73
2016-04-20,15.17872,2.89304,1.60792,1529178125172.05
2016-04-21,15.15154,2.89265,1.60689,1527256557476.55
2016-04-22,15.19403,2.91252,1.59763,1519438181695.25
2016-04-25,15.32346,2.79675,1.58738,1510521487533.09
2016-04-26,15.17068,2.8028,1.58343,1507639574169.98
2016-04-27,15.16887,2.79258,1.58918,1516538759564.1
2016-04-28,15.14041,2.80218,1.58965,1517796683431.62
2016-04-29,14.71475,2.87534,1.5547,1483447351493.49
2016-05-02,14.98614,2.86688,1.5647,1488152146064.91
2016-05-03,14.75695,2.91737,1.53732,1463997846768.94
2016-05-04,14.61404,2.95147,1.52024,1450240017559.78
2016-05-05,14.72025,2.95396,1.52083,1450446904857.7
2016-05-06,14.72106,2.95001,1.52365,1452424169231.96
2016-05-09,14.86549,2.92202,1.53824,1465953160924.87
2016-05-10,14.99228,2.90219,1.54909,1477059237163.56
2016-05-11,14.82023,2.91893,1.53619,1467917834682.8
2016-05-12,14.5385,2.95169,1.52457,1455933647589.94
2016-05-13,14.57617,2.93697,1.52738,1461817644638.79
2016-05-16,14.57987,2.93694,1.52728,1461817644638.79
2016-05-17,14.30676,2.9527,1.52163,1456659595628.37
2016-05-18,14.34687,2.93836,1.52767,1460591730610.69
2016-05-19,14.1055,2.98122,1.4867,1417246155276.53
2016-05-20,14.26464,2.94801,1.5028,1431486349334.08
2016-05-23,14.17252,2.96686,1.49595,1423712430674.24
2016-05-24,14.43488,2.91135,1.5246,1448453898705.71
2016-05-25,14.5773,2.87538,1.5432,1465638507489.96
2016-05-26,14.63562,2.86194,1.5502,1472658013517.68
2016-05-27,14.64825,2.85816,1.55232,1475216129739.8
2016-05-30,14.70749,2.84799,1.55769,1479419497999.12
2016-05-31,14.64109,2.859,1.54964,1472490626679.72
2016-06-01,14.58438,2.87865,1.53853,1463007870670.23
2016-06-02,14.5846,2.87543,1.54062,1465691772254.19
2016-06-03,14.45573,2.90343,1.52643,1451667274397.44
2016-06-06,14.47223,2.89789,1.5294,1454886864809.07
2016-06-07,14.66909,2.85409,1.55285,1475170013072.77
2016-06-08,14.57601,2.87402,1.54301,1465307453012.4
2016-06-09,14.41134,2.91063,1.52303,1448360963825.32
2016-06-10,14.13323,2.96936,1.49337,1415165633861.1
2016-06-13,13.81972,3.0396,1.45852,1389031123980.01
2016-06-14,13.63883,3.08303,1.43814,1370498491055.7
2016-06-15,13.74581,3.05772,1.45283,1382189285154.55
2016-06-16,13.66351,3.08026,1.44202,1370502593146.15
2016-06-17,13.84469,3.02807,1.45884,1387349645784.7
2016-06-20,14.28125,2.92986,1.50717,1426981011982.1
2016-06-21,14.35347,2.91429,1.5127,1431022248263.06
2016-06-22,14.40702,2.90415,1.52147,1436891757515.71
2016-06-23,14.63768,2.85564,1.54738,1460185693058.22
2016-06-24,13.78369,3.04218,1.45267,1379154546754.4
2016-06-27,13.3616,3.14282,1.40557,1334628468245.3
2016-06-28,13.61406,3.08516,1.43198,1358397157871.53
2016-06-29,13.84977,3.03269,1.45316,1379820933792.44
2016-06-30,13.95514,3.01198,1.46349,1389331633389.63
2016-07-01,14.08473,2.98,1.47969,1404947105072.18
2016-07-04,13.97392,3.00296,1.46875,1393443085727.71
2016-07-05,13.72709,3.05838,1.44204,1369952907876.3
2016-07-06,13.52492,3.10799,1.41893,1349990824136.77
2016-07-07,13.59644,3.08991,1.42718,1358085522144.93
2016-07-08,13.87738,3.02571,1.45732,1385609026754.48
2016-07-11,14.16284,2.96444,1.48757,1412573340068.56
2016-07-12,14.30758,2.93112,1.50435,1427989790877.46
2016-07-13,14.26693,2.93888,1.50024,1424040916413.64
2016-07-14,14.44674,2.90282,1.51893,1439860635805.55
2016-07-15,14.44509,2.90362,1.51857,1439730902192.26
2016-07-18,14.45294,2.90102,1.51984,1441788636150.59
2016-07-19,14.37532,2.91853,1.51072,1433793226371.96
2016-07-20,14.57171,2.8763,1.53328,1454470913542.64
2016-07-21,14.52083,2.87489,1.53407,1454796743693.2
2016-07-22,14.49035,2.87486,1.53411,1455157412704.09
2016-07-25,14.56498,2.86038,1.54184,1462506186905.67
2016-07-26,14.62377,2.84693,1.54922,1469075860878.48
2016-07-27,14.72471,2.82655,1.56043,1480351726154.68
2016-07-28,14.64012,2.83977,1.55316,1472370267356.1
2016-07-29,14.68804,2.82332,1.56206,1479766115686.06
2016-08-01,14.75296,2.82515,1.56249,1480289974829.88
2016-08-02,14.54121,2.87429,1.53526,1456041205423.33
2016-08-03,14.51322,2.87085,1.53732,1457419493347.86
2016-08-04,14.56252,2.85494,1.55023,1468532643293.28
2016-08-05,14.76508,2.81765,1.56713,1483368236668.67
2016-08-08,14.84148,2.80248,1.57527,1489806089975.79
2016-08-09,15.18375,2.74026,1.61115,1521536506712.06
2016-08-10,15.17427,2.75227,1.60448,1517863698892.01
2016-08-11,15.38257,2.72836,1.61854,1530602988299.31
2016-08-12,15.37435,2.73592,1.61325,1524737884150.25
2016-08-15,15.40129,2.73078,1.61698,1528797553804.91
2016-08-16,15.33352,2.7495,1.60607,1517450684103.04
2016-08-17,15.1385,2.78413,1.5862,1499950263795.49
2016-08-18,15.24225,2.76542,1.59699,1509963163847.13
2016-08-19,15.1774,2.78045,1.58829,1501815955034.35
2016-08-22,15.09821,2.7917,1.5818,1496463271120.75
2016-08-23,15.22443,2.76667,1.59618,1509101415582.25
2016-08-24,15.25693,2.76103,1.59931,1511226873486.28
2016-08-25,15.13874,2.78339,1.58702,1499586439495.01
2016-08-26,15.20644,2.76917,1.5952,1507534030029.93
2016-08-29,15.15795,2.7791,1.58954,1502602123826.18
2016-08-30,15.29187,2.75308,1.60469,1515410864752.66
2016-08-31,15.14521,2.76502,1.58377,1493617975661.98
2016-09-01,15.09895,2.77556,1.57763,1488165360517.51
2016-09-02,15.29351,2.73884,1.59886,1506687570653.05
2016-09-05,15.28094,2.74068,1.59786,1506340018177.59
2016-09-06,15.30768,2.73727,1.59985,1507836949039.93
2016-09-07,15.40338,2.72083,1.62608,1530543563911.96
2016-09-08,15.28317,2.74083,1.61423,1520403404379.92
2016-09-09,15.10585,2.76969,1.59731,1503957111439.57
2016-09-12,14.93984,2.80734,1.54529,1475539686489.3
2016-09-13,14.89292,2.81849,1.53945,1471200185210.27
2016-09-14,14.89488,2.8191,1.55509,1485264498539.12
2016-09-15,14.97096,2.80567,1.56242,1492353209334.82
2016-09-16,14.81371,2.84473,1.53985,1476421508539.57
2016-09-19,14.95141,2.81915,1.5538,1489717273052.92
2016-09-20,14.99585,2.8148,1.5566,1492130574613.42
2016-09-21,15.05112,2.80466,1.56233,1497695167300.53
2016-09-22,15.37015,2.74568,1.59604,1527354473653.58
2016-09-23,15.3123,2.75534,1.58736,1523822336401.67
2016-09-26,15.03301,2.80838,1.55728,1497503571441.55
2016-09-27,14.99961,2.81731,1.55216,1492666104306.48
2016-09-28,15.11214,2.79544,1.56408,1503277345001.32
2016-09-29,15.04895,2.79962,1.55958,1499420713909.2
2016-09-30,15.17567,2.77465,1.57358,1511753549150.22
2016-10-03,15.17579,2.77466,1.57358,1511757915026.48
2016-10-04,15.32266,2.7475,1.58859,1525661371975.97
2016-10-05,15.25795,2.75739,1.58288,1519953364401.63
2016-10-06,15.23459,2.76164,1.58077,1517154675503.64
2016-10-07,15.07929,2.78432,1.56567,1523526233059.94
2016-10-10,15.24776,2.75138,1.58387,1540179141736.0
2016-10-11,15.18429,2.76286,1.57732,1534959666731.92
2016-10-12,15.11122,2.77578,1.57026,1528437667075.0
2016-10-13,14.97501,2.8023,1.55573,1515225084353.08
2016-10-14,15.17762,2.76235,1.57824,1535131363375.95
2016-10-17,15.07905,2.7811,1.56753,1525379461651.06
2016-10-18,15.24899,2.74952,1.58435,1541092277419.11
2016-10-19,15.27177,2.74671,1.58677,1542849321909.6
2016-10-20,15.30747,2.73767,1.59221,1548210220475.91
2016-10-21,15.30113,2.73651,1.59276,1548643862378.44
2016-10-24,15.34957,2.72583,1.59903,1553638286260.7
2016-10-25,15.31637,2.7292,1.59688,1551925639515.73
2016-10-26,15.21216,2.74123,1.58984,1545583924533.33
2016-10-27,15.59155,2.74008,1.59028,1545924456089.62
2016-10-28,15.54161,2.74574,1.58731,1542971871870.63
2016-10-31,15.50312,2.75239,1.58338,1539013868371.71
2016-11-01,15.31181,2.78744,1.56326,1520366154710.64
2016-11-02,14.94558,2.82693,1.54132,1499999788028.12
2016-11-03,14.89473,2.83825,1.53531,1494782071668.12
2016-11-04,14.85879,2.85777,1.52572,1485896393274.3
2016-11-07,15.10568,2.80962,1.55217,1507508164188.01
2016-11-08,15.09717,2.80471,1.55477,1510120932409.02
2016-11-09,14.32339,2.77118,1.57412,1524338732414.03
2016-11-10,14.20204,2.78398,1.56772,1514499003207.91
2016-11-11,14.25951,2.77659,1.57166,1517783236353.2
2016-11-14,14.27221,2.77329,1.57844,1536329747162.07
2016-11-15,14.3847,2.75888,1.58342,1526864049641.47
2016-11-16,14.31007,2.7743,1.57483,1520786290450.37
2016-11-17,14.33763,2.76846,1.57842,1524769781877.28
2016-11-18,14.32178,2.77323,1.57521,1522212338471.77
2016-11-21,14.34238,2.76795,1.57791,1525529027935.4
2016-11-22,14.38573,2.76011,1.58259,1530417776449.33
2016-11-23,14.31717,2.7731,1.57542,1523691716158.59
2016-11-24,14.35535,2.76442,1.58026,1528648775969.07
2016-11-25,14.37628,2.76019,1.58479,1531705794192.62
2016-11-28,14.23564,2.78825,1.56915,1517986435314.42
2016-11-29,14.27581,2.77967,1.57404,1522051248656.12
2016-11-30,14.29989,2.77503,1.5766,1523920983858.28
2016-12-01,14.1455,2.81011,1.56028,1508774098956.73
2016-12-02,14.11185,2.81714,1.5565,1504621015333.19
2016-12-05,14.30617,2.77675,1.57913,1524594635190.64
2016-12-06,14.40343,2.75355,1.59202,1537269920137.23
2016-12-07,14.65702,2.70427,1.62101,1563261900084.51
2016-12-08,14.88873,2.66208,1.64635,1586277160429.07
2016-12-09,14.95119,2.6533,1.65174,1591466300641.65
2016-12-12,14.92355,2.65945,1.64916,1589077677951.18
2016-12-13,15.03316,2.63994,1.66132,1600086439487.36
2016-12-14,14.9894,2.64778,1.65601,1596094330111.75
2016-12-15,15.09861,2.62451,1.67092,1608030512578.3
2016-12-16,15.21357,2.61188,1.67742,1613873203118.27
2016-12-19,15.27081,2.60475,1.68192,1618942961531.65
2016-12-20,15.30219,2.59699,1.68706,1624091568387.56
2016-12-21,15.32445,2.59282,1.6895,1627664929810.43
2016-12-22,15.31239,2.59512,1.68801,1627429493768.78
2016-12-23,15.30784,2.59562,1.68772,1627115148474.18
2016-12-26,15.30784,2.59562,1.68772,1627115148474.18
2016-12-27,15.34949,2.58966,1.69204,1630691824785.78
2016-12-28,15.35524,2.58842,1.69235,1631375672258.68
2016-12-29,15.31987,2.59386,1.6889,1627622196983.03
2016-12-30,15.35166,2.58818,1.69259,1631234910825.08
2017-01-02,15.50917,2.5611,1.71105,1649307285740.65
2017-01-03,15.48765,2.56317,1.70946,1648526787553.86
2017-01-04,15.46514,2.56556,1.70971,1644804389780.04
2017-01-05,15.47558,2.56385,1.71069,1647526700862.74
2017-01-06,15.48362,2.56388,1.71013,1648387658619.71
2017-01-09,15.44796,2.57013,1.70602,1646379529844.27
2017-01-10,15.47678,2.5668,1.70846,1648992743165.8
2017-01-11,15.55676,2.55151,1.71832,1658666771112.99
2017-01-12,15.41283,2.57685,1.7023,1643868023213.15
2017-01-13,15.53612,2.55412,1.7172,1657576233364.35
2017-01-16,15.46748,2.56653,1.70868,1650096594151.51
2017-01-17,15.44362,2.5709,1.70596,1647730922709.33
2017-01-18,15.52509,2.55711,1.71508,1655176723225.23
2017-01-19,15.51849,2.55782,1.71469,1655313605694.2
2017-01-20,15.55615,2.55072,1.71954,1659976055930.67
2017-01-23,15.46074,2.56702,1.70928,1651735832093.77
2017-01-24,15.52407,2.55547,1.71724,1659527387029.26
2017-01-25,15.72793,2.5145,1.74502,1683765368158.69
2017-01-26,15.78047,2.5066,1.75058,1689415083239.05
2017-01-27,15.75118,2.51203,1.74679,1684987743493.71
2017-01-30,15.59027,2.5401,1.72756,1667126215463.1
2017-01-31,15.4115,2.57023,1.70868,1649305265988.77
2017-02-01,15.46041,2.54702,1.72694,1662432955214.99
2017-02-02,15.41383,2.55685,1.71996,1658281627287.63
2017-02-03,15.39547,2.55326,1.72241,1661093691623.49
2017-02-06,15.20882,2.58561,1.70074,1641265947036.77
2017-02-07,15.27497,2.57978,1.70731,1647064621419.25
2017-02-08,15.29211,2.57752,1.70877,1649438672057.18
2017-02-09,15.41084,2.55839,1.72196,1660961291156.93
2017-02-10,15.45845,2.55108,1.72687,1666561320951.48
2017-02-13,15.59539,2.528,1.74266,1681750428690.91
2017-02-14,15.57689,2.52933,,1674871152008.36
2017-02-15,15.59725,2.52509,0.64763,1685504066444.57
2017-02-16,15.57011,2.53152,,1682187173956.33
2017-02-17,15.5631,2.54272,1.73266,1681734837250.01
2017-02-20,15.63877,2.53002,1.74111,1689133196131.3
2017-02-21,15.79622,2.50685,1.76027,1706001632251.89
2017-02-22,15.87385,2.51944,1.74706,1709213494123.42
2017-02-23,15.78948,2.53857,1.7381,1701819085926.19
2017-02-24,15.53358,2.57679,1.71559,1683303471601.1
2017-02-27,15.55495,2.57148,1.71924,1686578360918.3
2017-02-28,15.55552,2.56987,1.72088,1687008857755.39
2017-03-01,15.82796,2.52799,1.75148,1714197909022.83
2017-03-02,16.26814,2.56673,1.75086,1713614780635.92
2017-03-03,16.2208,2.5742,1.74555,1709292185625.6
2017-03-06,16.16781,2.60891,1.7362,1702015854031.87
2017-03-07,15.90343,2.61459,1.73453,1703129638589.71
2017-03-08,15.85736,2.63601,1.73073,1702814726910.37
2017-03-09,15.84487,2.65036,1.72468,1702961685356.47
2017-03-10,15.79031,2.6608,1.71842,1702309033813.52
2017-03-13,15.81429,2.6622,1.72879,1705735430996.19
2017-03-14,15.39403,2.66312,1.72564,1705842194819.59
2017-03-15,15.46009,2.6134,1.72791,1706724520266.45
2017-03-16,15.53955,2.58223,1.71741,1716970210140.19
2017-03-17,15.55935,2.57937,1.72101,1718738329373.86
2017-03-20,15.52842,2.58914,1.73389,1715538359529.99
2017-03-21,15.34447,2.61773,1.81692,1710798167318.95
2017-03-22,15.22549,2.63281,1.74509,1702070449765.2
2017-03-23,15.39552,2.60613,1.764,1717991518204.07
2017-03-24,15.42829,2.60193,1.76584,1724133240973.03
2017-03-27,15.254,2.6069,1.75892,1714383890048.32
2017-03-28,15.436,2.57391,1.77364,1734248694009.16
2017-03-29,15.46702,2.57118,1.77929,1740614639842.05
2017-03-30,15.49241,2.55804,1.78262,1744558051514.42
2017-03-31,15.5671,2.59928,1.79028,1753001476429.87
2017-04-03,15.57498,2.6101,1.78384,1748255178839.73
2017-04-04,15.61837,2.60451,1.78881,1750886245137.11
2017-04-05,15.54922,2.6229,1.78151,1744516724425.16
2017-04-06,15.56269,2.6276,1.78233,1745605215381.06
2017-04-07,15.57812,2.62582,1.78214,1745777415050.91
2017-04-10,15.56321,2.62838,1.77996,1743980166503.1
2017-04-11,15.49155,2.64096,1.77124,1735841847097.11
2017-04-12,15.52018,2.63614,1.77452,1739959597789.41
2017-04-13,15.47079,2.64464,1.76948,1736765453268.24
2017-04-14,15.47132,2.64464,1.76959,1736765453268.24
2017-04-17,15.47132,2.64464,1.76959,1736765453268.24
2017-04-18,15.34213,2.6672,1.7546,1724368452619.36
2017-04-19,15.3632,2.66331,1.75804,1728777288102.84
2017-04-20,15.3731,2.67404,1.75936,1729530142652.88
2017-04-21,15.37435,2.67177,1.76104,1730408343911.78
2017-04-24,15.83826,2.59195,1.81674,1780220820399.14
2017-04-25,15.83262,2.58976,1.81926,1781119006596.12
2017-04-26,15.57072,2.58921,1.81938,1783180286416.79
2017-04-27,15.45154,2.59724,1.81452,1781595805911.48
2017-04-28,15.39617,2.59707,1.81651,1781813133286.34
2017-05-01,15.39389,2.59645,1.81615,1781815438101.94
2017-05-02,15.24572,2.58779,1.82156,1788877406557.53
2017-05-03,15.27482,2.5903,1.81891,1784475164543.59
2017-05-04,15.19994,2.5631,1.8289,1797344994235.45
2017-05-05,15.26904,2.55131,1.8379,1804156164127.16
2017-05-08,15.242,2.55584,1.83432,1802535729149.6
2017-05-09,15.27859,2.54503,1.84157,1809221715353.47
2017-05-10,15.4841,2.54426,1.84211,1808989313120.68
2017-05-11,15.65759,2.5185,1.82996,1796215384587.57
2017-05-12,15.79595,2.51648,1.83765,1802693932970.48
2017-05-15,15.81962,2.51469,1.84008,1804999664822.16
2017-05-16,15.7716,2.52357,1.84073,1806611839940.36
2017-05-17,15.39468,2.5602,1.81445,1781495872846.83
2017-05-18,15.33227,2.57093,1.80579,1773092047256.26
2017-05-19,15.40317,2.5572,1.81472,1783852213070.63
2017-05-22,15.37814,2.55993,1.81276,1783897823806.06
2017-05-23,15.4245,2.55217,1.81832,1790744565819.79
2017-05-24,15.40567,2.5533,1.8178,1791425912594.01
2017-05-25,15.39512,2.55515,1.81651,1790317821353.82
2017-05-26,15.38495,2.55789,1.81463,1788965022451.76
2017-05-29,15.41409,2.55218,1.81862,1791971846007.27
2017-05-30,15.39099,2.55693,1.81395,1790865542628.32
2017-05-31,15.42874,2.55695,1.81534,1790967206812.03
2017-06-01,15.47714,2.54768,1.82262,1799065756933.62
2017-06-02,15.65438,2.51939,1.84298,1816747807942.85
2017-06-05,15.65547,2.51896,1.84297,1816748210987.08
2017-06-06,15.49695,2.54418,1.82419,1800179807236.95
2017-06-07,15.46066,2.54942,1.81935,1796408331979.78
2017-06-08,15.48419,2.54482,1.8214,1798045556573.27
2017-06-09,15.60539,2.52577,1.8356,1809668543936.27
2017-06-12,15.44781,2.5524,1.81645,1792479399553.32
2017-06-13,15.53504,2.53747,1.82736,1801894630178.19
2017-06-14,15.57925,2.53037,1.83197,1807174796294.3
2017-06-15,15.43804,2.55353,1.81517,1790523614548.5
2017-06-16,15.53772,2.51057,1.81546,1801237199350.53
2017-06-19,15.69633,2.4857,1.83531,1818393927740.7
2017-06-20,15.61177,2.49835,1.82404,1809693879463.51
2017-06-21,15.56347,2.50601,1.81855,1804416352280.64
2017-06-22,15.58354,2.50342,1.82049,1806904618377.77
2017-06-23,15.51299,2.51567,1.81204,1797726096649.34
2017-06-26,15.56186,2.50863,1.817,1802512188506.53
2017-06-27,15.41396,2.53076,1.80169,1787184672273.93
2017-06-28,15.37074,2.53747,1.79712,1782081140689.73
2017-06-29,15.09195,2.58306,1.76365,1752252340265.86
2017-06-30,15.01211,2.59711,1.75443,1749873683066.82
2017-07-03,15.17607,2.5675,1.77506,1768911149328.33
2017-07-04,15.12726,2.57475,1.77019,1763910003791.83
2017-07-05,15.16057,2.56975,1.77377,1767322064237.44
2017-07-06,15.06079,2.58532,1.76377,1757883973775.77
2017-07-07,15.08401,2.57917,1.76748,1759060961386.26
2017-07-10,15.14537,2.57056,1.77344,1767879535816.63
2017-07-11,15.13826,2.57157,1.77292,1768458475953.59
2017-07-12,15.36817,2.53442,1.79885,1793426288021.0
2017-07-13,15.35844,2.53518,1.79969,1798346666667.59
2017-07-14,15.36662,2.53435,1.80507,1806450902230.41
2017-07-17,15.32296,2.54132,1.79546,1796729777484.6
2017-07-18,15.14644,2.57136,1.77437,1777959809150.23
2017-07-19,15.18208,2.56543,1.77823,1782901373387.91
2017-07-20,15.19142,2.56806,1.77645,1781621411854.11
2017-07-21,14.95974,2.60689,1.74978,1754660661793.16
2017-07-24,14.89813,2.61644,1.74326,1747294503896.71
2017-07-25,14.92917,2.60491,1.75148,1754824336167.21
2017-07-26,15.09487,2.59317,1.7592,1762976284999.68
2017-07-27,14.9657,2.60714,1.74936,1756854073636.93
2017-07-28,14.82413,2.62043,1.74063,1746907513136.58
2017-07-31,14.69846,2.62834,1.73487,1742158687179.02
2017-08-01,14.81756,2.60094,1.75289,1758446543839.28
2017-08-02,14.44587,2.61204,1.74527,1751304275465.97
2017-08-03,14.37546,2.61765,1.74165,1747694185997.43
2017-08-04,14.38101,2.58841,1.76084,1765888166443.24
2017-08-07,14.35133,2.59414,1.75984,1764354858835.16
2017-08-08,14.36449,2.60267,1.76112,1767448954807.09
2017-08-09,14.10681,2.63105,1.74093,1749923621871.56
2017-08-10,13.45567,2.66214,1.7208,1731056623336.14
2017-08-11,13.41633,2.66587,1.71795,1727027273555.71
2017-08-14,13.56084,2.63247,1.73915,1747344222990.44
2017-08-15,13.57939,2.63051,1.74039,1748786614632.19
2017-08-16,13.6661,2.61243,1.75271,1760838007932.98
2017-08-17,13.61725,2.62292,1.7455,1754656259350.87
2017-08-18,13.63122,2.6307,1.74013,1749195128787.84
2017-08-21,13.53629,2.65025,1.72751,1737011581267.36
2017-08-22,13.70666,2.61817,1.74922,1756501367004.82
2017-08-23,13.6546,2.62752,1.74536,1751323565357.43
2017-08-24,13.65894,2.62691,1.74376,1751697552202.38
2017-08-25,13.64689,2.62903,1.74238,1749371596631.68
2017-08-28,13.60242,2.63916,1.73559,1741755407800.59
2017-08-29,13.41936,2.67656,1.71256,1720173327780.61
2017-08-30,13.49012,2.66176,1.72191,1730705686931.33
2017-08-31,13.55476,2.64879,1.73032,1738655272082.11
2017-09-01,13.58446,2.6307,1.74203,1749572547005.93
2017-09-04,13.56023,2.64,1.73607,1743432245532.39
2017-09-05,13.59277,2.63543,1.73932,1747630299075.61
2017-09-06,13.67416,2.61932,1.75062,1757085296353.25
2017-09-07,13.76929,2.60178,1.76243,1768003354862.14
2017-09-08,13.77895,2.59946,1.76437,1776074866633.67
2017-09-11,13.96183,2.56427,1.7889,1798641154091.54
2017-09-12,14.00795,2.5545,1.79643,1805544744830.99
2017-09-13,14.03228,2.55068,1.79938,1810895731062.96
2017-09-14,14.03279,2.55114,1.79931,1811617041315.39
2017-09-15,13.98252,2.5575,1.8003,1807511627731.67
2017-09-18,14.03676,2.54806,1.80707,1814086423066.27
2017-09-19,14.048,2.54645,1.80808,1816203229911.49
2017-09-20,14.05237,2.54519,1.86553,2089808782495.56
2017-09-21,14.07685,2.53944,1.81097,1819026109489.47
2017-09-22,14.07902,2.53897,1.81085,1820221108850.54
2017-09-25,14.09667,2.53822,1.81107,1822245351827.96
2017-09-26,14.10429,2.53685,1.81239,1824191949647.76
2017-09-27,14.13824,2.52867,1.81856,1829084434283.5
2017-09-28,14.19527,2.5178,1.82665,1836677861262.2
2017-09-29,14.32125,2.49549,1.84233,1850662071548.13
2017-10-02,14.41064,2.48053,1.85333,1862520252817.43
2017-10-03,14.41307,2.48054,1.85333,1862520089524.58
2017-10-04,14.49387,2.46838,1.86327,1870936265085.72
2017-10-05,14.47658,2.46995,1.86187,1870349290442.16
2017-10-06,14.45142,2.47421,1.85913,1866804034630.29
2017-10-09,14.46783,2.47206,1.85991,1867979465296.43
2017-10-10,14.44646,2.47583,1.8574,1865596962044.09
2017-10-11,14.47874,2.46937,1.86144,1871005236160.1
2017-10-12,14.51261,2.46425,1.86517,1875022844409.4
2017-10-13,14.5241,2.46298,1.86622,1875763118495.39
2017-10-16,14.54032,2.45965,1.86904,1878799739242.44
2017-10-17,14.5191,2.46268,1.86634,1876859705227.66
2017-10-18,14.57278,2.45376,1.87336,1884268669097.23
2017-10-19,14.45544,2.46826,1.86241,1872521014004.97
2017-10-20,14.51592,2.46836,1.86202,1871821721778.26
2017-10-23,14.53387,2.46647,1.86405,1872529648531.09
2017-10-24,14.24475,2.47575,1.8562,1841508087337.29
2017-10-25,14.22635,2.48687,1.84842,1833270675908.11
2017-10-26,14.44572,2.45182,1.87398,1849406245437.18
2017-10-27,14.59269,2.43666,1.8858,1858900572584.51
2017-10-30,14.62368,2.43221,1.88922,1864724533567.3
2017-10-31,14.71089,2.43221,1.88929,1864758399762.71
2017-11-01,14.94148,2.39478,1.91905,1892104154660.14
2017-11-02,14.88592,2.39823,1.9167,1896664914997.6
2017-11-03,14.93689,2.39069,1.92301,1901674651818.95
2017-11-06,14.9218,2.39248,1.92107,1900369524811.27
2017-11-07,14.84479,2.40696,1.90946,1889263914528.69
2017-11-08,14.85852,2.40744,1.90862,1888322460435.56
2017-11-09,14.85534,2.44458,1.88073,1862695977265.49
2017-11-10,14.78405,2.45108,1.87633,1858254477467.38
2017-11-13,14.7991,2.46272,1.8678,1848922453277.24
2017-11-14,14.9101,2.46907,1.86547,1848471322249.05
2017-11-15,14.82513,2.48435,1.85401,1837226908269.68
2017-11-16,14.93247,2.46645,1.86733,1850403961483.61
2017-11-17,14.8879,2.47547,1.86095,1844876636251.14
2017-11-20,14.96538,2.46188,1.87097,1856058273237.15
2017-11-21,15.10586,2.44049,1.88717,1870608591477.67
2017-11-22,14.93904,2.46746,1.86662,1852622728861.1
2017-11-23,14.94483,2.46731,1.86695,1853252515829.18
2017-11-24,15.02604,2.45893,1.87062,1857923865560.07
2017-11-27,14.96579,2.47033,1.86208,1850482677922.37
2017-11-28,15.02993,2.46056,1.8692,1856596028119.4
2017-11-29,15.02396,2.46062,1.86875,1858041814460.69
2017-11-30,15.01249,2.46326,1.86752,1857892008310.55
2017-12-01,14.83289,2.49242,1.84566,1837197559681.92
2017-12-04,15.04785,2.46353,1.87207,1862879821989.09
2017-12-05,15.04185,2.46497,1.87074,1862711896329.97
2017-12-06,14.99139,2.47378,1.86397,1856495093744.11
2017-12-07,15.03005,2.466,1.8475,1862527756312.71
2017-12-08,15.13131,2.44824,1.86154,1874798021980.93
2017-12-11,15.09412,2.45431,1.8567,1869841054744.82
2017-12-12,16.36658,2.44399,1.86464,1876478037049.85
2017-12-13,16.32575,2.45281,1.85877,1869120689351.78
2017-12-14,16.27416,2.46166,1.85207,1863446967671.55
2017-12-15,16.35564,2.44414,1.86689,1866182035503.27
2017-12-18,16.60052,2.40745,1.89518,1892354045962.23
2017-12-19,16.46763,2.42183,1.88397,1883204736692.49
2017-12-20,16.29869,2.43789,1.86864,1865028469682.2
2017-12-21,16.34801,2.43127,1.874,1869181525715.78
2017-12-22,16.30755,2.4374,1.86913,1865228920168.25
2017-12-25,16.30755,2.4374,1.86913,1865228920168.25
2017-12-26,16.30755,2.4374,1.86913,1865228920168.25
2017-12-27,16.32914,2.43494,1.87132,1867010524683.15
2017-12-28,16.24182,2.44883,1.86065,1857238867208.53
2017-12-29,16.17828,2.46205,1.85371,1851302394077.66
2018-01-01,16.178,2.46205,1.85374,1851308458340.52
2018-01-02,16.12693,2.46854,1.84853,1847924038558.24
2018-01-03,16.2766,2.44623,1.86563,1864057095436.87
2018-01-04,16.48984,2.41421,1.89069,1886977914280.11
2018-01-05,16.70366,2.38698,1.9121,1908127069202.25
2018-01-08,16.76965,2.37818,1.91947,1916497590675.15
2018-01-09,16.79906,2.37496,1.92243,1919811584072.22
2018-01-10,16.64582,2.39497,1.90683,1902894737170.57
2018-01-11,16.56023,2.40761,1.8966,1892521819959.5
2018-01-12,16.62724,2.39852,1.90367,1900663721711.21
2018-01-15,16.56927,2.40618,1.89726,1895016902422.6
2018-01-16,16.65483,2.39477,1.90613,1904355007469.73
2018-01-17,16.59194,2.4042,1.89903,1897309342655.73
2018-01-18,16.71261,2.38698,1.91314,1912210538272.67
2018-01-19,16.90018,2.36114,1.93423,1930625460002.75
2018-01-22,16.92159,2.35656,1.93773,1934482299704.78
2018-01-23,17.01744,2.34333,1.94865,1942911722253.51
2018-01-24,16.84196,2.3673,1.92978,1923614427208.52
2018-01-25,16.67647,2.39058,1.91115,1905453626631.4
2018-01-26,16.74462,2.38148,1.91884,1913343353853.67
2018-01-29,16.71526,2.38602,1.91516,1910116578783.88
2018-01-30,16.51601,2.40871,1.89761,1891692163051.71
2018-01-31,16.46587,2.4092,1.89876,1892066892294.03
2018-02-01,16.02115,2.47383,1.87119,1869735950988.79
2018-02-02,15.77464,2.5148,1.84087,1840920616397.63
2018-02-05,15.61989,2.54029,1.82214,1820579669428.93
2018-02-06,15.27059,2.59915,1.78101,1780462078147.54
2018-02-07,15.55728,2.55285,1.81307,1814221789471.35
2018-02-08,15.16524,2.62121,1.76559,1769656396020.64
2018-02-09,15.05127,2.65397,1.74545,1752551962902.37
2018-02-12,15.24709,2.61866,1.76887,1775265654172.63
2018-02-13,15.13884,2.63578,1.758,1764887154274.78
2018-02-14,15.30538,2.60372,1.76487,1784940497606.3
2018-02-15,15.3434,2.59781,1.76918,1788652969651.0
2018-02-16,15.55866,2.58646,1.78604,1807320372823.36
2018-02-19,15.47137,2.5993,1.77725,1798122767972.99
2018-02-20,15.53022,2.58866,1.78878,1809953036981.14
2018-02-21,15.4861,2.59674,1.78011,1806305593715.0
2018-02-22,14.99188,2.61673,1.78096,1805227301012.52
2018-02-23,14.99891,2.61263,1.78259,1808526356563.74
2018-02-26,15.05244,2.60368,1.78923,1815907308371.8
2018-02-27,14.8667,2.63298,1.7789,1808845940332.27
2018-02-28,14.87858,2.65794,1.77485,1802452879633.05
2018-03-01,14.58017,2.71237,1.72095,1768859886541.29
2018-03-02,14.23694,2.77592,1.68304,1730705165476.77
2018-03-05,14.42522,2.7415,1.70656,1752698062662.64
2018-03-06,14.62502,2.73845,1.7083,1761318772192.63
2018-03-07,14.77751,2.72004,1.72343,1775065633322.41
2018-03-08,14.99137,2.70051,1.73163,1790152116408.21
2018-03-09,15.00078,2.69837,1.73393,1792289649350.61
2018-03-12,15.06991,2.68752,1.74389,1801976368096.7
2018-03-13,14.48903,2.78207,1.73156,1778478640020.51
2018-03-14,14.15041,2.8078,1.71225,1778888441364.58
2018-03-15,14.16592,2.8029,1.73147,1792292366002.14
2018-03-16,14.27271,2.77998,1.74099,1824650034734.72
2018-03-19,,2.79946,1.71901,1807287179345.42
2018-03-20,1.51215,2.78049,1.73275,1820853965906.28
2018-03-21,1.51195,2.79008,1.77351,1820953484458.13
2018-03-22,1.48464,2.84151,1.67978,1791461353440.34
2018-03-23,1.46149,2.71728,1.64704,1774440009776.96
2018-03-26,1.45064,2.738,1.63449,1761773419167.89
2018-03-27,1.47158,2.86661,1.65983,1785846204066.89
2018-03-28,1.46618,2.88202,1.65245,1778169690050.65
2018-03-29,1.48586,2.84478,1.67302,1801614681541.66
2018-03-30,1.48587,2.84463,1.67266,1801793104601.91
2018-04-02,1.48575,2.84463,1.67294,1801808777595.48
2018-04-03,,2.8677,1.66059,1789861676189.93
2018-04-04,13.56641,2.88182,1.65218,1780509094503.45
2018-04-05,13.89996,2.81098,1.69599,1826067981403.22
2018-04-06,13.80541,2.83102,1.68353,1814842430667.02
2018-04-09,13.83196,2.82441,1.6872,1816387587889.93
2018-04-10,13.97043,2.79724,1.70386,1833592085132.7
2018-04-11,13.86819,2.81793,1.69157,1823247047522.81
2018-04-12,13.97723,2.79318,1.70658,1837431597477.45
2018-04-13,14.03211,2.78637,1.70798,1841276675202.14
2018-04-16,13.96952,2.8004,1.70002,1833150339549.28
2018-04-17,14.17507,2.76019,1.72478,1857367378398.57
2018-04-18,14.19626,2.75592,1.7304,1862952006470.26
2018-04-19,14.1748,2.76068,1.72803,1859496177832.71
2018-04-20,14.13298,2.76775,1.72369,1854542040874.13
2018-04-23,14.16393,2.76099,1.7281,1857916743232.49
2018-04-24,14.12889,2.76682,1.72552,1854387085431.27
2018-04-25,13.91743,2.80794,1.70009,1829608076883.89
2018-04-26,13.98642,2.79147,1.70772,1841670932487.41
2018-04-27,14.09248,2.77813,1.71418,1849781927296.31
2018-04-30,14.13608,2.76234,1.71797,1854743981636.36
2018-05-01,14.13624,2.76221,1.71635,1854750547379.95
2018-05-02,14.35105,2.72106,1.74282,1881365341189.44
2018-05-03,14.18944,2.74117,1.72851,1868734854074.33
2018-05-04,14.30347,2.72451,1.74156,1878322071823.1
2018-05-07,14.40948,2.70404,1.75446,1893215596886.18
2018-05-08,14.29316,2.70893,1.75362,1891315567811.84
2018-05-09,14.20892,2.70964,1.75501,1891423434688.75
2018-05-10,14.1946,2.70748,1.75638,1894083512124.1
2018-05-11,14.17479,2.71214,1.75319,1890939079551.2
2018-05-14,14.15456,2.7158,1.7506,1889202341243.74
2018-05-15,14.20503,2.71793,1.75736,1888208772243.09
2018-05-16,14.18063,2.71543,1.76069,1890267732536.05
2018-05-17,14.26779,2.69945,1.77581,1903146205424.3
2018-05-18,14.15309,2.71656,1.76395,1891863549884.35
2018-05-21,14.15405,2.71543,1.76412,1891863440001.39
2018-05-22,14.25956,2.69435,1.77773,1902601172246.49
2018-05-23,14.05011,2.73567,1.75103,1879051443679.18
2018-05-24,13.9319,2.76049,1.73396,1863500099130.45
2018-05-25,14.02849,2.74378,1.74475,1873589449511.75
2018-05-28,13.93639,2.76188,1.73314,1863777067055.54
2018-05-29,13.71854,2.80552,1.70547,1836218436098.73
2018-05-30,13.82623,2.78383,1.71851,1847308202419.08
2018-05-31,13.67561,2.81677,1.69808,1829719260561.4
2018-06-01,13.78669,2.79332,1.7129,1842623217420.86
2018-06-04,13.83969,2.78228,1.71928,1849768950185.54
2018-06-05,13.88067,2.77494,1.72271,1854459348661.04
2018-06-06,13.90801,2.76907,1.73322,1866304982064.73
2018-06-07,13.88028,2.77444,1.73049,1863006709237.96
2018-06-08,13.84028,2.7829,1.72436,1856104896458.78
2018-06-11,13.91137,2.76836,1.73398,1864259703139.35
2018-06-12,13.92611,2.76597,1.73543,1867295602947.19
2018-06-13,13.98091,2.75497,1.73864,1871041679573.35
2018-06-14,14.19018,2.71529,1.76426,1895978192554.95
2018-06-15,14.15522,2.71514,1.7587,1881864895385.56
2018-06-18,13.97712,2.74887,1.73716,1859536215015.46
2018-06-19,13.79941,2.78293,1.71575,1837558621426.63
2018-06-20,13.83301,2.77594,1.71969,1842822735552.26
2018-06-21,13.65846,2.81188,1.69576,1816868024020.71
2018-06-22,13.68448,2.80605,1.70026,1822064088723.23
2018-06-25,13.36097,2.87282,1.65973,1782876146222.21
2018-06-26,13.34042,2.87682,1.65738,1778194658530.2
2018-06-27,13.43636,2.85772,1.6689,1788241685268.04
2018-06-28,13.221,2.90136,1.64215,1760565335818.39
2018-06-29,13.35521,2.87134,1.65973,1777090326577.93
2018-07-02,13.27534,2.88863,1.64928,1765841326377.0
2018-07-03,13.39889,2.8639,1.66515,1781352557191.17
2018-07-04,13.35169,2.87313,1.65968,1776585754325.18
2018-07-05,13.49207,2.84275,1.67879,1796472607582.33
2018-07-06,13.5192,2.8355,1.68288,1801885114813.38
2018-07-09,13.57453,2.82427,1.69018,1808662702407.27
2018-07-10,13.66018,2.80758,1.70023,1818692327798.93
2018-07-11,13.47403,2.84633,1.67657,1795903315011.09
2018-07-12,13.55976,2.82954,1.68685,1806562736099.18
2018-07-13,13.60174,2.82083,1.6919,1809909889379.14
2018-07-16,13.61163,2.81585,1.69459,1812670896809.18
2018-07-17,13.72365,2.79376,1.70838,1824732746973.1
2018-07-18,13.84678,2.76865,1.71869,1839649565144.98
2018-07-19,13.75537,2.78513,1.70825,1830384658368.17
2018-07-20,13.63845,2.80818,1.69403,1816824097006.38
2018-07-23,13.63055,2.80949,1.69368,1815653056960.88
2018-07-24,13.77782,2.77921,1.71235,1833666938693.72
2018-07-25,13.6689,2.80042,1.69843,1821958493462.55
2018-07-26,13.97543,2.75545,1.72658,1849577045533.8
2018-07-27,14.01804,2.74655,1.73226,1856160340251.7
2018-07-30,13.94817,2.75906,1.72491,1848201381133.67
2018-07-31,13.86814,2.75843,1.72564,1847521918778.86
2018-08-01,13.77406,2.77092,1.71765,1838367374676.05
2018-08-02,13.65234,2.80651,1.69507,1818949794520.12
2018-08-03,13.73381,2.79084,1.70416,1830017429420.65
2018-08-06,13.74442,2.78687,1.70699,1832854158753.64
2018-08-07,13.67033,2.78124,1.71099,1834857579459.61
2018-08-08,13.90803,2.78074,1.71038,1834916438378.36
2018-08-09,13.87705,2.76959,1.71791,1842002653432.24
2018-08-10,13.62963,2.81903,1.68694,1812963979243.44
2018-08-13,13.62224,2.82964,1.68031,1807732116053.34
2018-08-14,13.77657,2.83348,1.67858,1804505620205.51
2018-08-15,13.55973,2.88107,1.65038,1776233749193.43
2018-08-16,13.6587,2.85968,1.66226,1788333875912.34
2018-08-17,13.64097,2.86507,1.65933,1785340037170.19
2018-08-20,13.76676,2.83923,1.67499,1800093699615.61
2018-08-21,13.8245,2.82684,1.68226,1807043708404.66
2018-08-22,13.83435,2.82435,1.68281,1806426056449.26
2018-08-23,13.83221,2.82431,1.68232,1805981996817.73
2018-08-24,13.87117,2.81629,1.68721,1811003222006.32
2018-08-27,14.03367,2.78957,1.70702,1832216954484.0
2018-08-28,14.03129,2.79069,1.70671,1833998379593.08
2018-08-29,14.05502,2.78487,1.71011,1836907257355.67
2018-08-30,13.9863,2.79828,1.70144,1829318108994.57
2018-08-31,13.84898,2.82628,1.68527,1813128761892.86
2018-09-03,13.82982,2.83136,1.6829,1809413269813.1
2018-09-04,13.67085,2.86194,1.66424,1791692980132.62
2018-09-05,13.52099,2.90287,1.63983,1767236917348.29
2018-09-06,13.42898,2.92194,1.62931,1756978454526.15
2018-09-07,13.44886,2.91884,1.63065,1758493766556.99
2018-09-10,13.48311,2.91066,1.63506,1764236841974.76
2018-09-11,13.45517,2.9158,1.63193,1761504436565.81
2018-09-12,13.52056,2.9038,1.63853,1769095299009.22
2018-09-13,13.51045,2.90545,1.63821,1767561901477.99
2018-09-14,13.59248,2.88815,1.64857,1777259053075.18
2018-09-17,13.56751,2.89276,1.64611,1774875896691.99
2018-09-18,13.62168,2.88082,1.65276,1782153066497.94
2018-09-19,13.62782,2.87852,1.65567,1783642003995.25
2018-09-20,13.70965,2.86131,1.66428,1791569970420.58
2018-09-21,13.79108,2.84645,1.677,1802426852831.3
2018-09-24,13.70249,2.86531,1.66602,1791069421198.78
2018-09-25,13.72361,2.86077,1.66815,1791373108087.68
2018-09-26,13.73395,2.85941,1.66888,1791675668987.17
2018-09-27,13.73178,2.85187,1.67369,1796450076506.65
2018-09-28,13.53734,2.88973,1.65091,1776084185820.17
2018-10-01,13.63282,2.87227,1.6613,1787318196606.38
2018-10-02,13.57099,2.88534,1.65409,1779347907128.84
2018-10-03,13.57099,2.88534,1.65409,1779347907128.84
2018-10-04,13.51102,2.89896,1.64745,1770375712199.19
2018-10-05,13.35334,2.9351,1.62695,1748488836523.83
2018-10-08,13.15257,2.98034,1.60166,1722526464341.27
2018-10-09,13.17709,2.97548,1.60416,1724450738970.65
2018-10-10,12.8684,3.0454,1.56751,1686203700317.72
2018-10-11,12.67911,3.09076,1.54381,1661530644085.75
2018-10-12,12.66237,3.09461,1.54241,1671795425024.68
2018-10-15,12.73436,3.07847,1.55553,1681704550748.55
2018-10-16,12.95908,3.0256,1.58177,1711485539787.95
2018-10-17,12.89408,3.03895,1.57365,1703744820948.37
2018-10-18,12.75982,3.07,1.55707,1689324626685.22
2018-10-19,12.70215,3.08436,1.54957,1679418992147.11
2018-10-22,12.65393,3.09661,1.54321,1673003395278.6
2018-10-23,12.35575,3.17127,1.50698,1636902403482.46
2018-10-24,12.26125,3.1974,1.49431,1622802297914.83
2018-10-25,12.46237,3.16191,1.51105,1640942864449.2
2018-10-26,12.34714,3.19058,1.49632,1626597785744.92
2018-10-29,12.55035,3.15192,1.51617,1648257320656.58
2018-10-30,12.51505,3.16092,1.51147,1647300783635.73
2018-10-31,12.63425,3.1111,1.53612,1671673998310.01
2018-11-01,12.67512,3.09796,1.54289,1680341565455.1
2018-11-02,12.75985,3.07592,1.55434,1690843474098.14
2018-11-05,12.69697,3.09106,1.54742,1684738337949.57
2018-11-06,12.73147,3.09659,1.54419,1681825312472.22
2018-11-07,12.54582,3.07164,1.55632,1695372610775.28
2018-11-08,12.43914,3.08617,1.55009,1687226521572.4
2018-11-09,12.43598,3.09033,1.54936,1684355611171.94
2018-11-12,12.1992,3.14813,1.51873,1655491254027.59
2018-11-13,12.40259,3.1079,1.53896,1675236065212.12
2018-11-14,12.0767,3.12028,1.53249,1670076504957.61
2018-11-15,11.97245,3.14019,1.52334,1659859985882.23
2018-11-16,12.04584,3.14561,1.52025,1656340133170.51
2018-11-19,11.9209,3.17795,1.50472,1640766269260.13
2018-11-20,11.72979,3.23115,1.47991,1615569600650.56
2018-11-21,11.90729,3.18219,1.50223,1639010322464.22
2018-11-22,11.80289,3.20939,1.48998,1626567719265.19
2018-11-23,11.88491,3.19559,1.49632,1633518743770.46
2018-11-26,12.04673,3.15026,1.51761,1655097461853.03
2018-11-27,11.99385,3.16542,1.50908,1644471340490.84
2018-11-28,11.99072,3.16674,1.50867,1644497272477.59
2018-11-29,12.00794,3.1632,1.5102,1648129303423.93
2018-11-30,11.94468,3.18807,1.49764,1638828995660.66
2018-12-03,12.15577,3.1317,1.52641,1665793449033.88
2018-12-04,11.99211,3.1754,1.50479,1644473047723.41
2018-12-05,11.85742,3.21066,1.48682,1627047365233.41
2018-12-06,11.46546,3.321,1.43624,1577349908901.29
2018-12-07,11.45038,3.32479,1.43416,1576828188196.18
2018-12-10,11.26041,3.38377,1.40851,1550961967835.62
2018-12-11,11.40059,3.34182,1.42746,1570067303233.29
2018-12-12,11.57068,3.29041,1.44963,1594103297093.71
2018-12-13,11.55386,3.2936,1.44738,1592075099039.44
2018-12-14,11.47679,3.32064,1.43762,1580846462812.48
2018-12-17,11.3453,3.35878,1.42173,1563172499342.35
2018-12-18,11.32123,3.36712,1.41794,1558729920197.54
2018-12-19,11.35561,3.35742,1.42194,1563073629773.43
2018-12-20,11.21988,3.40617,1.39973,1539629506885.96
2018-12-21,11.2425,3.39923,1.40232,1543030199564.96
2018-12-24,11.2425,3.39923,1.40232,1543030408962.57
2018-12-25,11.2425,3.39923,1.40232,1543030408962.56
2018-12-26,11.23341,3.39481,1.402,1543030408962.56
2018-12-27,10.99399,3.46932,1.3718,1511302970331.54
2018-12-28,11.15624,3.41775,1.39327,1533644990515.93
2018-12-31,11.15624,3.41775,1.39327,1533820102894.01
2019-01-01,11.15624,3.41775,1.39335,1533820102894.01
2019-01-02,11.18863,3.40659,1.39788,1537919205325.72
2019-01-03,11.03053,3.45411,1.37827,1519027991239.48
2019-01-04,11.40559,3.34082,1.42612,1565352565696.15
2019-01-07,11.40086,3.33932,1.42594,1567738437928.6
2019-01-08,11.48586,3.31359,1.43673,1577146657968.95
2019-01-09,11.60056,3.28241,1.45043,1592580825372.37
2019-01-10,11.60125,3.28116,1.45129,1592187235466.37
2019-01-11,11.56414,3.29228,1.44515,1585236102267.34
2019-01-14,11.51484,3.30383,1.4403,1580016390734.57
2019-01-15,11.53897,3.29195,1.44528,1584409664535.08
2019-01-16,11.57865,3.27892,1.45135,1589742393020.95
2019-01-17,11.5728,3.28254,1.44977,1589438585481.98
2019-01-18,11.8621,3.20277,1.48643,1624661518752.15
2019-01-21,11.82051,3.21467,1.47958,1619041428632.72
2019-01-22,11.76288,3.23104,1.47275,1612268150717.64
2019-01-23,11.76876,3.22769,1.47373,1614421024336.02
2019-01-24,11.84353,3.20797,1.48287,1622563889203.1
2019-01-25,12.00433,3.16482,1.50299,1643437072834.35
2019-01-28,11.93003,3.18468,1.49337,1634063213139.1
2019-01-29,11.9433,3.18513,1.49261,1631891526569.23
2019-01-30,12.07138,3.19635,1.48885,1628862527270.06
2019-01-31,12.01915,3.21132,1.48213,1624058937035.56
2019-02-01,12.01654,3.2127,1.4819,1624795596932.4
2019-02-04,12.01954,3.21284,1.48147,1624086858905.45
2019-02-05,12.22437,3.16002,1.50674,1649876859416.2
2019-02-06,12.37614,3.16961,1.50343,1646721862098.2
2019-02-07,12.04723,3.22514,1.46225,1606503011588.09
2019-02-08,11.89833,3.26175,1.44372,1586620738861.99
2019-02-11,12.01621,3.23124,1.45715,1600727753163.15
2019-02-12,12.1226,3.20148,1.47116,1615544609325.32
2019-02-13,12.1715,3.19101,1.47634,1621761615584.22
2019-02-14,12.12352,3.22501,1.46712,1612904026698.85
2019-02-15,12.29753,3.206,1.49361,1638398989326.37
2019-02-18,12.31106,3.20278,1.49367,1640881065675.16
2019-02-19,12.3263,3.19652,1.49548,1642281247153.69
2019-02-20,12.4186,3.17517,1.50732,1655466954022.25
2019-02-21,12.4205,3.19732,1.48652,1654659074634.92
2019-02-22,12.68029,3.19564,1.49097,1656593961489.94
2019-02-25,12.78948,3.21154,1.49762,1663084455055.67
2019-02-26,12.82134,3.216,1.50142,1665275274537.74
2019-02-27,12.72783,3.23202,1.51058,1655697130513.48
2019-02-28,13.32935,3.22283,1.4907,1661287017085.09
2019-03-01,13.81964,3.19056,1.50265,1676626720504.41
2019-03-04,13.8425,3.18521,1.5046,1679327402052.92
2019-03-05,13.86409,3.18588,1.5061,1681460705459.82
2019-03-06,13.80669,3.19829,1.49935,1674968013578.89
2019-03-07,13.80553,3.21417,1.47575,1662386079256.94
2019-03-08,13.65941,3.23465,1.47377,1652377455335.41
2019-03-11,13.74709,3.21274,1.48337,1663044434069.5
2019-03-12,13.73035,3.22149,1.47583,1661184949770.85
2019-03-13,13.75293,3.24516,1.47843,1668472173543.13
2019-03-14,13.8126,3.24428,1.48177,1672900267532.01
2019-03-15,13.91945,3.21111,1.48976,1684674697187.8
2019-03-18,13.90367,3.20936,1.48785,1683484718233.23
2019-03-19,14.0518,3.17885,1.50048,1701943419043.38
2019-03-20,13.98059,3.21529,1.47168,1676272658857.4
2019-03-21,13.94124,3.22275,1.46241,1671846877576.31
2019-03-22,13.72586,3.27897,1.43809,1648682985011.31
2019-03-25,13.68279,3.29023,1.43471,1643740071011.02
2019-03-26,13.77998,3.27088,1.4421,1653975582504.42
2019-03-27,13.79493,3.27144,1.44181,1653660591887.67
2019-03-28,13.78324,3.28213,1.44299,1649785882962.69
2019-03-29,13.86618,3.26304,1.44958,1659736407645.79
2019-04-01,14.05472,3.21858,1.46983,1681421655355.85
2019-04-02,14.14252,3.19841,1.47902,1691183175332.51
2019-04-03,14.36472,3.14897,1.49959,1716480790175.82
2019-04-04,14.40658,3.14348,1.50257,1718530642606.88
2019-04-05,14.42489,3.1396,1.50428,1719974817830.63
2019-04-08,14.37669,3.14625,1.49993,1712995123949.45
2019-04-09,14.22921,3.18279,1.48522,1697284115847.18
2019-04-10,14.28947,3.16904,1.49097,1702915736013.05
2019-04-11,14.30896,3.15568,1.49727,1709936014174.17
2019-04-12,14.39183,3.13402,1.49808,1721879419269.5
2019-04-15,14.43685,3.12432,1.50312,1728422095370.08
2019-04-16,14.55056,3.10045,1.5155,1742052372761.98
2019-04-17,14.61298,3.08912,1.52247,1747818118368.63
2019-04-18,14.68135,3.07526,1.52868,1754270315798.73
2019-04-19,14.68021,3.04705,1.52846,1754270315798.73
2019-04-22,14.68067,3.047,1.52853,1754270315798.73
2019-04-23,14.71347,3.04127,1.53077,1757623504677.15
2019-04-24,14.94469,3.02344,1.53972,1765478487019.35
2019-04-25,15.05858,3.03303,1.53501,1759988748705.6
2019-04-26,15.08991,3.02565,1.53917,1764982898244.08
2019-04-29,15.36111,3.02692,1.53771,1766098675881.25
2019-04-30,15.36321,3.02462,1.5376,1766330355766.23
2019-05-01,15.4449,3.02935,1.53422,1765166414833.57
2019-05-02,15.51002,3.03413,1.53158,1762476280173.3
2019-05-03,15.58576,3.02257,1.54023,1769720254700.48
2019-05-06,15.37351,3.06614,1.51794,1745138145726.2
2019-05-07,15.31863,3.10147,1.49536,1724231928140.87
2019-05-08,15.47533,3.08694,1.5054,1733157228453.45
2019-05-09,15.19724,3.14859,1.4741,1701880710149.13
2019-05-10,15.2817,3.13552,1.47994,1707373289199.01
2019-05-13,15.15275,3.18889,1.45407,1679865060004.73
2019-05-14,15.22531,3.16064,1.46669,1692751327422.34
2019-05-15,15.26289,3.13714,1.4817,1703997018656.49
2019-05-16,15.41741,3.0994,1.50012,1723565769754.03
2019-05-17,15.2825,3.12688,1.48744,1710129507394.33
2019-05-20,15.03744,3.17749,1.46277,1684691179768.5
2019-05-21,15.15693,3.13905,1.47547,1696314123207.95
2019-05-22,15.12295,3.14434,1.48089,1696434190819.97
2019-05-23,14.81373,3.21029,1.44748,1663573894229.36
2019-05-24,14.86808,3.20255,1.45293,1669239303513.77
2019-05-27,14.93225,3.18911,1.45932,1676499853837.46
2019-05-28,14.91228,3.1936,1.45798,1675479895196.37
2019-05-29,14.65647,3.24831,1.43366,1649215427708.66
2019-05-30,14.73267,3.23188,1.44154,1656959983836.62
2019-05-31,14.53574,3.27536,1.42083,1637399024199.88
2019-06-03,14.59223,3.26311,1.42593,1642809098653.84
2019-06-04,14.78933,3.22032,1.44571,1662273156633.64
2019-06-05,14.79262,3.21909,1.44583,1663289873681.55
2019-06-06,14.70821,3.23714,1.44039,1655787758117.59
2019-06-07,14.80615,3.21553,1.45214,1666236262264.1
2019-06-10,14.80523,3.21616,1.45178,1666237357462.1
2019-06-11,14.95525,3.18388,1.46606,1682237311839.38
2019-06-12,14.90171,3.19608,1.46052,1677613029803.69
2019-06-13,14.95184,3.18627,1.46491,1682362263302.03
2019-06-14,14.83393,3.2115,1.45348,1670600650689.09
2019-06-17,14.81737,3.21546,1.45167,1668501957698.21
2019-06-18,15.1026,3.15299,1.48281,1699604647675.77
2019-06-19,15.10512,3.15413,1.48399,1699866982655.25
2019-06-20,15.16025,3.14158,1.49055,1708156081105.64
2019-06-21,15.15995,3.1159,1.48775,1704431966542.94
2019-06-24,15.09713,3.12963,1.4813,1696784983451.92
2019-06-25,15.03698,3.14215,1.47543,1695293608811.9
2019-06-26,15.04577,3.14012,1.47746,1689944304069.36
2019-06-27,15.14704,3.1175,1.48088,1694817650297.64
2019-06-28,15.24828,3.0954,1.49676,1725019288104.04
2019-07-01,15.38545,3.06815,1.50986,1738170388633.49
2019-07-02,15.38996,3.06769,1.50972,1739239447983.14
2019-07-03,15.50927,3.04252,1.52163,1753891725268.38
2019-07-04,15.54028,3.03644,1.52433,1758488950484.14
2019-07-05,15.44131,3.05452,1.51587,1748569310491.47
2019-07-08,15.40523,3.06205,1.51175,1744928420471.84
2019-07-09,15.28136,3.08678,1.49879,1731909332353.51
2019-07-10,15.20173,3.10216,1.4914,1724039255788.53
2019-07-11,15.14235,3.13869,1.48628,1715324545030.68
2019-07-12,15.12648,3.14199,1.48493,1714173430666.15
2019-07-15,15.20449,3.12596,1.49283,1723367076292.45
2019-07-16,15.25018,3.11659,1.49805,1727345055392.54
2019-07-17,15.13938,3.13898,1.48677,1714893656948.27
2019-07-18,15.01076,3.1741,1.46941,1696679246768.45
2019-07-19,15.07502,3.16585,1.47325,1701166942489.51
2019-07-22,15.10854,3.15834,1.47673,1705686214718.0
2019-07-23,15.34268,3.11147,1.49997,1729819536032.06
2019-07-24,16.03088,3.09538,1.50757,1739044741611.49
2019-07-25,16.0936,3.127,1.49179,1722969553771.04
2019-07-26,15.9774,3.11929,1.49879,1729378701749.02
2019-07-29,15.97362,3.11877,1.49844,1731380989859.27
2019-07-30,15.76181,3.18605,1.46639,1698834997669.84
2019-07-31,16.08355,3.1692,1.47444,1706096579208.27
2019-08-01,16.21509,3.14844,1.48356,1716131653617.85
2019-08-02,15.6944,3.23793,1.44097,1673485777015.32
2019-08-05,15.33624,3.31343,1.40801,1636848085890.66
2019-08-06,15.25247,3.32943,1.40146,1630054860021.31
2019-08-07,15.77695,3.3066,1.41117,1641530771780.8
2019-08-08,15.92436,3.25475,1.43361,1663549380559.22
2019-08-09,15.62356,3.29573,1.41422,1643941729525.93
2019-08-12,15.56732,3.30695,1.40947,1637929925672.69
2019-08-13,15.60959,3.29386,1.41625,1642555731129.64
2019-08-14,15.28897,3.36366,1.38731,1611730839616.24
2019-08-15,15.13494,3.39481,1.37428,1597730684666.64
2019-08-16,15.51626,3.34456,1.39495,1620211789605.09
2019-08-19,15.72591,3.29913,1.41487,1641759508014.2
2019-08-20,15.62064,3.32117,1.40661,1631356070491.15
2019-08-21,15.85714,3.27177,1.42769,1654266179581.64
2019-08-22,15.78544,3.28572,1.42191,1647868249366.44
2019-08-23,15.63339,3.31741,1.40777,1633560235924.33
2019-08-26,15.67433,3.30936,1.41206,1636662592335.62
2019-08-27,15.77437,3.28685,1.42124,1648727703104.81
2019-08-28,15.72422,3.29678,1.41693,1645110586123.35
2019-08-29,15.89669,3.26106,1.43349,1661693413898.5
2019-08-30,16.05033,3.23046,1.44497,1780031190823.21
2019-09-02,16.0495,3.22916,1.44566,1677485883652.82
2019-09-03,15.9921,3.24089,1.44031,1671560932592.57
2019-09-04,16.15788,3.20775,1.45612,1687989574926.08
2019-09-05,16.30156,3.17834,1.47046,1702301453643.36
2019-09-06,16.37607,3.16292,1.4777,1710596453907.2
2019-09-09,16.44851,3.14947,1.4852,1717063346505.75
2019-09-10,16.50368,3.13855,1.49028,1721548543403.65
2019-09-11,16.60308,3.12051,1.50006,1730845175205.36
2019-09-12,16.92487,3.11241,1.50417,1735977112607.85
2019-09-13,16.99089,3.09988,1.51045,1741675526452.83
2019-09-16,16.88468,3.12012,1.50072,1731748146283.69
2019-09-17,16.85496,3.12597,1.49693,1728647721741.54
2019-09-18,16.86543,3.12414,1.4976,1729204827764.23
2019-09-19,16.94499,3.1085,1.50497,1737109552406.96
2019-09-20,16.88654,3.09834,1.50666,1736562528277.55
2019-09-23,16.70518,3.13174,1.49246,1722691301634.01
2019-09-24,16.67158,3.1387,1.48844,1718316988926.27
2019-09-25,16.56441,3.15853,1.47831,1712884759139.02
2019-09-26,16.64222,3.14492,1.48394,1719557289202.12
2019-09-27,16.75926,3.12175,1.4954,1731297436691.36
2019-09-30,16.81443,3.11242,1.50064,1738088935959.1
2019-10-01,16.63057,3.14727,1.48349,1720952023507.21
2019-10-02,16.21563,3.22639,1.44641,1682135884105.46
2019-10-03,16.21481,3.22639,1.44639,1681960884105.46
2019-10-04,16.3473,3.20023,1.45773,1693872075901.44
2019-10-07,16.43809,3.18666,1.46514,1700718274984.48
2019-10-08,16.28402,3.21696,1.45118,1685210555551.08
2019-10-09,16.44756,3.18662,1.46511,1697723566345.66
2019-10-10,16.49515,3.17786,1.47039,1703633049949.79
2019-10-11,16.89446,3.09417,1.51123,1744101327886.48
2019-10-14,16.87913,3.09636,1.51007,1743629866795.38
2019-10-15,17.06125,3.06155,1.52689,1762240220153.29
2019-10-16,17.11295,3.05136,1.53221,1769114761427.56
2019-10-17,17.12688,3.04898,1.53233,1772422085121.29
2019-10-18,17.0926,3.05501,1.52941,1768356596166.86
2019-10-21,17.27916,3.02283,1.5467,1785765256832.39
2019-10-22,17.30085,3.01771,1.54913,1789099013879.25
2019-10-23,17.32129,3.01398,1.55111,1791646460120.7
2019-10-24,17.43703,2.99791,1.56031,1799817917339.72
2019-10-25,17.42988,2.99753,1.56035,1798628370526.63
2019-10-28,17.59355,2.98518,1.56712,1806421776476.14
2019-10-29,17.53549,2.99285,1.56299,1802009118618.92
2019-10-30,17.41999,2.99442,1.56181,1801745939995.5
2019-10-31,16.51922,3.00671,1.55561,1794719852331.41
2019-11-01,16.65645,2.98133,1.56915,1809578202931.47
2019-11-04,16.88948,2.9403,1.59147,1836116880235.48
2019-11-05,16.92393,2.93847,1.59348,1840313036948.93
2019-11-06,16.94954,2.93146,1.5966,1845743336324.91
2019-11-07,17.08139,2.90746,1.59096,1858660295281.22
2019-11-08,16.67731,2.92432,1.58183,1849427315955.0
2019-11-11,16.64872,2.92874,1.57945,1848431052079.22
2019-11-12,16.70377,2.90909,1.58576,1853767408154.86
2019-11-13,16.67127,2.9224,1.57747,1846734776482.01
2019-11-14,16.62782,2.93459,1.5682,1838797581695.81
2019-11-15,16.74846,2.91949,1.57672,1848536412913.88
2019-11-18,16.69453,2.92781,1.57113,1842194966837.61
2019-11-19,16.72355,2.92317,1.57377,1845316200901.79
2019-11-20,16.53725,2.93553,1.56745,1839003316144.16
2019-11-21,16.51266,2.93708,1.56516,1835225773132.58
2019-11-22,16.56208,2.9283,1.56977,1839385921569.69
2019-11-25,16.66892,2.90838,1.58074,1851970516401.32
2019-11-26,16.68809,2.91123,1.61134,1892104137363.22
2019-11-27,16.74145,2.90119,1.582,1859542669835.93
2019-11-28,16.71069,2.90896,1.57788,1855407652797.8
2019-11-29,16.68474,2.91273,1.58077,1857063072342.12
2019-12-02,16.38592,2.96607,1.5522,1826556692914.86
2019-12-03,16.40624,2.96318,1.55338,1828016136026.95
2019-12-04,16.58029,2.93025,1.57188,1848395278087.5
2019-12-05,16.49433,2.94544,1.55955,1841305373843.17
2019-12-06,16.62019,2.92285,1.5708,1853624450207.13
2019-12-09,16.558,2.93256,1.56521,1848636045127.43
2019-12-10,16.5064,2.94093,1.56058,1843263287404.85
2019-12-11,16.58632,2.92483,1.58994,1854246052229.29
2019-12-12,16.67031,2.90886,1.59867,1861991145958.01
2019-12-13,16.75239,2.89026,1.58793,1873310745600.93
2019-12-16,16.91728,2.86022,1.62421,1888838299378.1
2019-12-17,16.77733,2.88298,1.59077,1876499888405.79
2019-12-18,16.67908,2.89725,1.56318,1867915537872.46
2019-12-19,16.66481,2.89766,1.56222,1867351250034.99
2019-12-20,16.77083,2.88825,1.59308,1877196516574.67
2019-12-23,16.741,2.88903,1.59231,1877054855655.48
2019-12-24,16.741,2.88903,1.59221,1877054855655.48
2019-12-25,16.74099,2.88903,1.59222,1877054855655.48
2019-12-26,16.74099,2.88903,1.59223,1877054855655.48
2019-12-27,16.81174,2.87881,1.61753,1884103966835.01
2019-12-30,16.68416,2.89889,1.60608,1871804916098.91
2019-12-31,16.68416,2.89889,1.60616,1872056188560.48
2020-01-01,16.68416,2.89889,1.60617,1872056188560.48
2020-01-02,16.87706,2.86536,1.62515,1891664679819.58
2020-01-03,16.70384,2.89516,1.60748,1873006291226.08
2020-01-06,16.59765,2.91627,1.59618,1860922960859.34
2020-01-07,16.70901,2.8955,1.6082,1873206528572.62
2020-01-08,16.77957,2.87836,1.59827,1882692580157.23
2020-01-09,16.97851,2.84529,1.61775,1902550801439.37
2020-01-10,16.93287,2.84914,1.61525,1900785751506.32
2020-01-13,16.89431,2.8578,1.63005,1895145655462.53
2020-01-14,16.91783,2.85706,1.63001,1895530900969.64
2020-01-15,16.87538,2.86159,1.62676,1892902506901.27
2020-01-16,16.88532,2.86077,1.62667,1892476405545.27
2020-01-17,16.99598,2.84215,1.61731,1903635615919.35
2020-01-20,17.05284,2.83409,1.62205,1909999261052.63
2020-01-21,17.05714,2.83422,1.62237,1908730113025.03
2020-01-22,17.02637,2.8413,1.61792,1904554221035.88
2020-01-23,16.85973,2.86819,1.60256,1886974881926.1
2020-01-24,17.07085,2.83284,1.62249,1908466892451.73
2020-01-27,16.6254,2.90639,1.58063,1862942647404.73
2020-01-28,16.72061,2.88577,1.59206,1874086027396.36
2020-01-29,16.75568,2.88153,1.59374,1877527656363.97
2020-01-30,16.51855,2.92055,1.57153,1853917232603.47
2020-01-31,16.32665,2.95432,1.55341,1835050465007.11
2020-02-03,16.40475,2.94193,1.55955,1840409316671.41
2020-02-04,16.66392,2.89582,1.58529,1866698420677.28
2020-02-05,16.89741,2.85495,1.60791,1891710223682.57
2020-02-06,16.91063,2.84623,1.61397,1897771230298.87
2020-02-07,16.80592,2.86231,1.60511,1886288806307.08
2020-02-10,16.79724,2.86272,1.60296,1884447438953.81
2020-02-11,16.9864,2.683,1.63144,1905990708819.4
2020-02-12,17.12978,2.66037,1.67003,1923444159633.88
2020-02-13,17.09848,2.66438,1.66564,1917126188402.0
2020-02-14,17.10353,2.66339,1.66397,1917947620307.6
2020-02-17,17.13505,2.65922,1.66694,1921909125948.55
2020-02-18,17.00993,2.67982,1.6534,1907029757505.6
2020-02-19,17.01518,2.6339,1.66963,1926527797739.04
2020-02-20,16.9248,2.65862,1.65564,1913786396784.75
2020-02-21,17.12909,2.6853,1.6481,1900040560339.85
2020-02-24,16.45864,2.79722,1.5808,1827497865588.48
2020-02-25,16.10969,2.84865,1.5522,1795446796849.23
2020-02-26,16.07635,2.85474,1.54898,1791725246696.01
2020-02-27,15.97977,2.96551,1.47545,1736333419854.63
2020-02-28,15.64852,3.07831,1.41572,1682972892241.24
2020-03-02,15.61171,3.08655,1.42373,1689210775306.53
2020-03-03,15.78686,3.08314,1.43937,1710205743764.25
2020-03-04,15.96672,3.05054,1.45289,1726476579171.95
2020-03-05,15.47732,3.10519,1.42422,1698548347033.69
2020-03-06,15.08855,3.21961,1.35681,1650897580144.36
2020-03-09,13.95921,3.48043,1.24958,1533127565263.24
2020-03-10,13.89017,3.52683,1.23764,1519776969807.98
2020-03-11,13.75124,3.56822,1.22526,1508108118732.91
2020-03-12,12.09248,4.06772,1.05965,1338929737634.76
2020-03-13,12.15424,4.04619,1.05576,1345261518092.09
2020-03-16,11.52846,4.30697,1.01342,1278015586680.67
2020-03-17,11.63841,4.24292,1.01217,1292013965549.69
2020-03-18,10.88823,4.68554,0.95527,1229020547804.55
2020-03-19,11.23995,4.53223,0.97713,1252685145666.73
2020-03-20,11.78388,4.34566,1.02614,1295364059993.11
2020-03-23,11.54619,4.41988,1.00863,1274234156163.65
2020-03-24,12.6949,3.97896,1.15207,1393413125996.21
2020-03-25,12.95432,3.90292,1.11232,1420273033244.62
2020-03-26,13.1957,3.82492,1.13029,1442650516912.61
2020-03-27,12.72641,3.96814,1.10554,1392975530926.56
2020-03-30,12.934,3.8889,1.10847,1411208170006.69
2020-03-31,13.09788,3.7837,1.12417,1431213760753.84
2020-04-01,12.66025,3.90528,1.08464,1388085256740.53
2020-04-02,12.73393,3.89109,1.10182,1391642047010.44
2020-04-03,12.66186,3.89558,1.09366,1383652621198.74
2020-04-06,13.33308,3.68612,1.15308,1443879410543.81
2020-04-07,13.66374,3.57892,1.18006,1476952621445.27
2020-04-08,13.67742,3.57557,1.18107,1478440405257.76
2020-04-09,13.99045,3.49398,1.19475,1510976305676.52
2020-04-10,13.99089,3.49398,1.19477,1510976305676.52
2020-04-13,13.98974,3.49361,1.19476,1510976305676.52
2020-04-14,14.16871,3.44383,1.21194,1532691788889.0
2020-04-15,13.65426,3.57601,1.16522,1481337888303.22
2020-04-16,13.70208,3.49743,1.18513,1488897022783.56
2020-04-17,14.09224,3.40792,1.21885,1525546315689.28
2020-04-20,14.17825,3.39456,1.2253,1535380226067.55
2020-04-21,13.50536,3.51767,1.18019,1486236177355.66
2020-04-22,13.70821,3.4591,1.19882,1508254083557.26
2020-04-23,13.82893,3.41119,1.21216,1523706314291.96
2020-04-24,13.61775,3.46268,1.19289,1506041037124.44
2020-04-27,14.06834,3.36756,1.22801,1546706810928.28
2020-04-28,14.24671,3.33333,1.2432,1565731806501.71
2020-04-29,15.20331,3.25508,1.2754,1603303421316.42
2020-04-30,14.96348,3.29365,1.23152,1570477928315.26
2020-05-01,14.96275,3.29525,1.2311,1570457909588.22
2020-05-04,14.45175,3.39152,1.18763,1522172150467.71
2020-05-05,14.85161,3.30519,1.2322,1562831577863.68
2020-05-06,14.80325,3.13656,1.22106,1555612974789.27
2020-05-07,15.13774,3.08667,1.23291,1569397103929.93
2020-05-08,15.48867,3.04854,1.2479,1589402592599.79
2020-05-11,15.36925,3.05826,1.23949,1581392411016.71
2020-05-12,15.72124,3.07229,1.23984,1587749107696.4
2020-05-13,15.47935,3.13956,1.21196,1554998870269.78
2020-05-14,15.18449,3.20747,1.18906,1524062347838.9
2020-05-15,15.33748,3.14865,1.19838,1543109034917.49
2020-05-18,16.07868,3.00194,1.24347,1604860788123.3
2020-05-19,16.15022,2.97107,1.2491,1611405089112.26
2020-05-20,16.33102,2.93454,1.26432,1629530708253.54
2020-05-21,16.10693,2.97151,1.24737,1610951246851.79
2020-05-22,16.14513,2.96386,1.2646,1614250487807.93
2020-05-25,16.58785,2.87431,1.29868,1646344883890.95
2020-05-26,16.75369,2.84107,1.29838,1662105845744.49
2020-05-27,16.9111,2.81547,1.31219,1672202260944.48
2020-05-28,17.10253,2.78549,1.3253,1688732653343.61
2020-05-29,16.84674,2.83419,1.30428,1665578933674.84
2020-06-01,16.84717,2.83419,1.31951,1665722302644.74
2020-06-02,17.41597,2.74262,1.36451,1710952969530.64
2020-06-03,18.2963,2.64198,1.41369,1762659843538.99
2020-06-04,18.24051,2.65525,1.40599,1735644325408.49
2020-06-05,18.70649,2.58865,1.44499,1771802353977.35
2020-06-08,18.65125,2.59322,1.44372,1766514873708.34
2020-06-09,18.39053,2.6265,1.42251,1743749560854.23
2020-06-10,18.27297,2.64116,1.41295,1731557045897.66
2020-06-11,17.53757,2.75363,1.3541,1666252995028.57
2020-06-12,17.49999,2.75164,1.35389,1688666555028.87
2020-06-15,17.45322,2.76566,1.34796,1659093859142.11
2020-06-16,18.00513,2.67626,1.39241,1730317209661.91
2020-06-17,18.10839,2.66093,1.40085,1761960171874.58
2020-06-18,17.98452,2.68921,1.38905,1748626998191.6
2020-06-19,18.07937,2.65195,1.40086,1752275473571.24
2020-06-22,17.92213,2.67303,1.38916,1739635580946.87
2020-06-23,18.26275,2.62938,1.41462,1742602269443.88
2020-06-24,17.68696,2.69413,1.37124,1715731794149.54
2020-06-25,17.80976,2.66696,1.38286,1730321404793.3
2020-06-26,17.69846,2.68447,1.37216,1721138401888.29
2020-06-29,17.82944,2.66449,1.38296,1731296496669.08
2020-06-30,17.96964,2.64556,1.3927,1741778503519.87
2020-07-01,17.92424,2.65182,1.38991,1740042668850.47
2020-07-02,18.36888,2.58723,1.42778,1778640475777.27
2020-07-03,18.26881,2.59953,1.42061,1770130264569.54
2020-07-06,18.56785,2.56205,1.44256,1772700753833.53
2020-07-07,18.38293,2.58155,1.4307,1781572523556.58
2020-07-08,18.25094,2.60748,1.41547,1744010021845.51
2020-07-09,18.26218,2.6103,1.41516,1741873056071.02
2020-07-10,18.42737,2.58721,1.42772,1755986051492.28
2020-07-13,18.65089,2.55765,1.44513,1774272540013.37
2020-07-14,18.47281,2.58225,1.43119,1758703658976.18
2020-07-15,18.74454,2.54522,1.45218,1784362907762.21
2020-07-16,18.67891,2.55394,1.44794,1780682004342.68
2020-07-17,18.72236,2.54816,1.45204,1785059666261.18
2020-07-20,18.91796,2.52218,1.46654,1800859322325.83
2020-07-21,19.08743,2.50078,1.47888,1818572610504.88
2020-07-22,19.06799,2.50463,1.4765,1816132577540.48
2020-07-23,18.62847,2.50768,1.47489,1815172982617.53
2020-07-24,18.2297,2.56385,1.44096,1778398806069.57
2020-07-27,18.16702,2.56134,1.44246,1779726323327.81
2020-07-28,18.15122,2.56323,1.43775,1778973181416.64
2020-07-29,18.57542,2.56141,1.43748,1779502712990.36
2020-07-30,18.87005,2.64971,1.38941,1724400457629.39
2020-07-31,18.84226,2.66672,1.37918,1711630812705.04
2020-08-03,19.36616,2.59841,1.41598,1747900693767.49
2020-08-04,19.38693,2.60868,1.41011,1744413473228.48
2020-08-05,20.15298,2.59416,1.41946,1752502685764.25
2020-08-06,20.90551,2.60394,1.41449,1745249880879.55
2020-08-07,21.10466,2.58258,1.42564,1758717665194.5
2020-08-10,21.85575,2.58919,1.42705,1760441442712.93
2020-08-11,22.14505,2.54152,1.45509,1791678326975.42
2020-08-12,22.10678,2.5218,1.46728,1806232813473.26
2020-08-13,22.4087,2.53169,1.46168,1800740413388.76
2020-08-14,22.26887,2.55548,1.44871,1787078688240.07
2020-08-17,21.70174,2.54663,1.4536,1791796893276.17
2020-08-18,21.66028,2.55326,1.45007,1786504518920.62
2020-08-19,21.79045,2.53571,1.46325,1799379244913.23
2020-08-20,21.62605,2.56362,1.44569,1781781644338.24
2020-08-21,21.56297,2.57418,1.43972,1777090832166.09
2020-08-24,21.97613,2.52268,1.47012,1808901527603.5
2020-08-25,21.99891,2.52228,1.47045,1808769171913.44
2020-08-26,22.25289,2.49556,1.48644,1828078453094.48
2020-08-27,22.0839,2.51573,1.47547,1814011236632.32
2020-08-28,21.97132,2.53019,1.46656,1804588769615.01
2020-08-31,21.83667,2.53945,1.45738,1796122994523.62
2020-09-01,21.90501,2.53326,1.46028,1799099886331.55
2020-09-02,22.2918,2.49134,1.48462,1826300297538.03
2020-09-03,21.92908,2.5314,1.46087,1798909544070.01
2020-09-04,21.54754,2.56991,1.44206,1779049106325.09
2020-09-07,21.97657,2.51974,1.47005,1813147886889.6
2020-09-08,21.76986,2.54231,1.45655,1800780387767.81
2020-09-09,22.23073,2.4934,1.48512,1831907820670.23
2020-09-10,22.18172,2.49945,1.48057,1829416688658.43
2020-09-11,22.15327,2.50357,1.47799,1823311217567.35
2020-09-14,22.15335,2.50274,1.4794,1824277273867.49
2020-09-15,22.16218,2.49992,1.48124,1825596266215.66
2020-09-16,22.27169,2.48861,1.48738,1832347664248.68
2020-09-17,22.18276,2.49671,1.48257,1828479722613.49
2020-09-18,21.12146,2.50457,1.47651,1816387979808.76
2020-09-21,20.29434,2.61279,1.41515,1745387674970.91
2020-09-22,20.38614,2.6009,1.42157,1754787453362.56
2020-09-23,20.4464,2.58891,1.42887,1763528801308.01
2020-09-24,20.36973,2.59974,1.42303,1756995040280.42
2020-09-25,20.20804,2.6217,1.41101,1745885463086.86
2020-09-28,20.64241,2.56404,1.44215,1798413052241.95
2020-09-29,20.61301,2.56878,1.43964,1797767744300.56
2020-09-30,20.50735,2.57834,1.43306,1794255585365.39
2020-10-01,20.61724,2.57915,1.43137,1793720691575.86
2020-10-02,20.56022,2.58722,1.42449,1789669131749.77
2020-10-05,20.75851,2.55529,1.44196,1810353491350.54
2020-10-06,20.80925,2.54643,1.44746,1815100694946.29
2020-10-07,20.81731,2.54522,1.44841,1816729987346.04
2020-10-08,21.0109,2.52238,1.46142,1829470534377.62
2020-10-09,21.05763,2.51808,1.4641,1833104042314.02
2020-10-12,21.21185,2.50149,1.47328,1845028704381.62
2020-10-13,21.07486,2.5213,1.46165,1833300651790.81
2020-10-14,,2.51692,1.46024,1838722128836.79
2020-10-15,3.0611,2.57662,1.42563,1800209099973.11
2020-10-16,3.0984,2.54029,1.44748,1822993499361.61
2020-10-19,,2.54893,1.44668,1817363473076.63
2020-10-20,20.60309,2.57143,1.43398,1803789674594.57
2020-10-21,20.29939,2.61091,1.41255,1779879093138.89
2020-10-22,20.29042,2.61292,1.41124,1777640449708.56
2020-10-23,21.17176,2.60062,1.41842,1784179598218.94
2020-10-26,20.16302,2.70616,1.36117,1724395136300.86
2020-10-27,19.99077,2.72819,1.34853,1711033171064.81
2020-10-28,18.71474,2.83912,1.29512,1650830226953.92
2020-10-29,18.99234,2.8333,1.2962,1654406492598.19
2020-10-30,18.89407,2.84959,1.29258,1645676418410.78
2020-11-02,19.1807,2.80313,1.31485,1671819262858.26
2020-11-03,19.62898,2.73963,1.34618,1704140291265.89
2020-11-04,19.898,2.68264,1.3724,1735064419546.79
2020-11-05,20.43478,2.64433,1.39268,1760071513164.88
2020-11-06,20.27783,2.66096,1.38358,1751709894550.28
2020-11-09,20.94932,2.55901,1.44224,1810340843283.19
2020-11-10,20.9666,2.54626,1.45142,1818482098607.62
2020-11-11,21.03604,2.52801,1.45973,1832389283169.08
2020-11-12,20.69842,2.554,1.44838,1821938331878.62
2020-11-13,20.88813,2.52015,1.45431,1827832816319.19
2020-11-16,20.94664,2.50748,1.46055,1834817956362.3
2020-11-17,20.93291,2.50811,1.46006,1832681991335.12
2020-11-18,21.09586,2.49183,1.46691,1842987294795.32
2020-11-19,20.91565,2.51025,1.44732,1833152442990.04
2020-11-20,20.99729,2.4979,1.45523,1844166107834.58
2020-11-23,20.93798,2.49967,1.45495,1842724874258.56
2020-11-24,21.03909,2.47691,1.46727,1858767743288.51
2020-11-25,21.0769,2.47422,1.46759,1859727213639.44
2020-11-26,21.09212,2.47398,1.46729,1859623411553.72
2020-11-27,21.19808,2.46105,1.47491,1868054150278.73
2020-11-30,21.20013,2.46462,1.47195,1865165088074.12
2020-12-01,21.8363,2.45029,1.48243,1808191593335.51
2020-12-02,21.75106,2.46166,1.49468,1799012199123.54
2020-12-03,21.67508,2.46874,1.49002,1795233343236.65
2020-12-04,21.79162,2.45525,1.49883,1805351204307.22
2020-12-07,21.71821,2.46464,1.49243,1799844774054.28
2020-12-08,21.78675,2.4578,1.49283,1805193705716.71
2020-12-09,21.8371,2.44825,1.49877,1811077470609.0
2020-12-10,21.7658,2.45559,1.49401,1804814612540.01
2020-12-11,21.5236,2.48492,1.47474,1784906939821.85
2020-12-14,21.67718,2.46544,1.48623,1796708384615.46
2020-12-15,21.8325,2.43964,1.5032,1815741198257.46
2020-12-16,22.15101,2.38127,1.52555,1842940707309.22
2020-12-17,22.32373,2.36225,1.53759,1856184456497.89
2020-12-18,22.30793,2.3639,1.53628,1856864960057.22
2020-12-21,21.71675,2.42235,1.50103,1811902503207.4
2020-12-22,21.96432,2.39263,1.52067,1833539815689.4
2020-12-23,22.18499,2.36815,1.53683,1851381252730.5
2020-12-24,22.18494,2.36815,1.53683,1851381252730.5
2020-12-25,22.18494,2.36815,1.53683,1851381252730.51
2020-12-28,22.45811,2.33675,1.55767,1876302740754.79
2020-12-29,22.48256,2.33647,1.55739,1875726861277.03
2020-12-30,22.41329,2.34352,1.5527,1870883456336.93
2020-12-31,22.41329,2.34352,1.55272,1870948555400.06
2021-01-01,22.41329,2.34352,1.55275,1870948555400.06
2021-01-04,22.43515,2.33821,1.55687,1876094269236.75
2021-01-05,22.3246,2.34529,1.55179,1871678100970.02
2021-01-06,22.53086,2.31572,1.57486,1894351290692.84
2021-01-07,22.60623,2.30398,1.58246,1905532349739.17
2021-01-08,22.78505,2.28962,1.59216,1917335769983.06
2021-01-11,22.36798,2.30379,1.57386,1899776352317.02
2021-01-12,22.37149,2.30126,1.57696,1901387456840.82
2021-01-13,22.37122,2.29871,1.57809,1904117796207.31
2021-01-14,22.46609,2.28805,1.58579,1913880810075.04
2021-01-15,22.38201,2.32216,1.5663,1886831177655.41
2021-01-18,22.47652,2.31067,1.57419,1895364713410.45
2021-01-19,22.49772,2.31167,1.57314,1895865191077.73
2021-01-20,22.69576,2.29091,1.58795,1914730219969.55
2021-01-21,22.55055,2.28394,1.58932,1922780067310.64
2021-01-22,22.56166,2.28822,1.58638,1919679890313.93
2021-01-26,22.60634,2.29001,1.58466,1917889394575.31
2021-01-27,22.5526,2.32393,1.56511,1893313269859.83
2021-01-28,22.56525,2.31769,1.56988,1896523933159.41
2021-01-29,22.10179,2.35305,1.54518,1871680357670.44
2021-02-01,22.39509,2.32233,1.56484,1894424804900.01
2021-02-02,22.71397,2.2888,1.5883,1922107168834.53
2021-02-03,22.81178,2.27275,1.60307,1936927410099.81
2021-02-04,22.88771,2.25951,1.61307,2025388254736.22
2021-02-05,22.78889,2.26482,1.6118,1956977150141.13
2021-02-08,22.78502,2.26367,1.61334,1959146763174.92
2021-02-09,22.71492,2.27181,1.60721,1952605051031.5
2021-02-10,22.62982,2.28155,1.60014,1944480231084.73
2021-02-11,22.84028,2.25955,1.61547,1964058452811.53
2021-02-12,22.85265,2.25966,1.61591,1961826634119.32
2021-02-15,22.95722,2.2466,1.62538,1972989547997.97
2021-02-16,22.91869,2.24846,1.62462,1974213307417.22
2021-02-17,22.64799,2.2792,1.60484,1952143679304.19
2021-02-18,21.41579,2.31653,1.60523,1943749113848.56
2021-02-19,21.53733,2.27425,1.61897,1957723163275.98
2021-02-22,21.17771,2.33098,1.60448,1945203180798.51
2021-02-23,20.90027,2.36429,1.58639,1922375996150.57
2021-02-24,20.97805,2.34872,1.59781,1935503397323.38
2021-02-25,20.9613,2.29625,1.62779,1931134491607.62
2021-02-26,20.74801,2.31679,1.62858,1916410308745.64
2021-03-01,21.04084,2.28353,1.65462,1945415910203.42
2021-03-02,21.01499,2.28729,1.65461,1946401173863.04
2021-03-03,21.06429,2.28211,1.65984,1952463022951.18
2021-03-04,20.88611,2.32852,1.67307,2021475513027.2
2021-03-05,20.66077,2.35256,1.64469,2002605039624.76
2021-03-08,21.18013,2.30969,1.68823,2049039163165.1
2021-03-09,21.19568,2.2984,1.6979,2059607101508.51
2021-03-10,21.16626,2.28845,1.70189,2075809133587.3
2021-03-11,21.30811,2.27889,1.70833,2011703301827.91
2021-03-12,21.50744,2.28974,1.70532,2072095029630.08
2021-03-15,21.48438,2.29466,1.70059,2071216149773.29
2021-03-16,20.92054,2.27967,1.70743,2095003718587.22
2021-03-17,20.90629,2.26105,1.70876,2039777061429.73
2021-03-18,21.16836,2.23282,1.73327,2148827175323.31
2021-03-19,20.9502,2.24325,1.72715,2117231489387.26
2021-03-22,21.07234,2.23461,1.73391,2134302764516.78
2021-03-23,20.79599,2.25494,1.72864,2126847397619.77
2021-03-24,20.70533,2.27004,1.72773,2108565724092.22
2021-03-25,20.61556,2.27866,1.72361,2105019783601.91
2021-03-26,20.79513,2.25809,1.73851,2125011947063.3
2021-03-29,20.85749,2.25213,1.74294,2132563769558.6
2021-03-30,21.09493,2.22348,1.76598,2091772623439.91
2021-03-31,21.11136,2.22582,1.76475,2090910790047.13
2021-04-01,21.30992,2.20526,1.78111,2177951531684.67
2021-04-02,21.31703,2.20228,1.78106,2177951531684.67
2021-04-05,21.30824,2.20397,1.78162,2177971418581.27
2021-04-06,21.41154,2.19311,1.79021,2189513581730.54
2021-04-07,21.36689,2.19712,1.78694,2184495596013.91
2021-04-08,21.43645,2.19432,1.78984,2188416937958.66
2021-04-09,21.50748,2.18855,1.7953,2193479565294.8
2021-04-12,21.45082,2.19521,1.78978,2186737332935.1
2021-04-13,21.49208,2.19096,1.79338,2190300417047.44
2021-04-14,21.36246,2.19441,1.79068,2114904769781.0
2021-04-15,21.47081,2.18501,1.79718,2196572793797.29
2021-04-16,21.73581,2.15743,1.82059,2151706482743.71
2021-04-19,21.54748,2.17249,1.80915,2138313748564.69
2021-04-20,21.224,2.20708,1.77875,2103795044908.71
2021-04-21,21.26543,2.20152,1.78431,2110874794214.04
2021-04-22,21.481,2.18105,1.80094,2130268527258.66
2021-04-23,20.25034,2.18498,1.79797,2126892550874.42
2021-04-26,20.273,2.1789,1.80281,2133710447858.0
2021-04-27,20.26563,2.18343,1.80094,2133066489343.09
2021-04-28,19.7646,2.18448,1.80211,2130280949895.09
2021-04-29,19.54689,2.21285,1.78321,2109369393873.39
2021-04-30,19.92335,2.23602,1.77605,2107428255709.29
2021-05-03,20.0769,2.2219,1.78736,2123011057099.14
2021-05-04,19.52525,2.28097,1.74145,2072444598999.1
2021-05-05,19.65877,2.24343,1.77395,2111381465301.59
2021-05-06,19.14432,2.25539,1.76667,2099450731954.41
2021-05-07,18.52114,2.22829,1.78467,2119602468046.17
2021-05-10,18.56168,2.23243,1.7854,2117407710170.0
2021-05-11,18.12234,2.27634,1.75087,2078254809583.64
2021-05-12,17.65775,2.27414,1.75309,2075724911276.27
2021-05-13,17.65646,2.26725,1.75309,2076125277105.42
2021-05-14,17.92839,2.23543,1.77817,2105006342655.57
2021-05-17,17.81518,2.23499,1.77381,2107896341686.83
2021-05-18,17.83676,2.23178,1.77537,2111536094025.23
2021-05-19,17.4502,2.27012,1.74718,2080831372234.63
2021-05-20,17.72067,2.23799,1.77302,2109878517801.87
2021-05-21,17.78676,2.22954,1.77982,2117348985580.39
2021-05-24,17.78712,2.22856,1.77987,2117198985580.39
2021-05-25,17.86536,2.21944,1.78645,2128563737748.64
2021-05-26,17.87325,2.21763,1.7864,2131778749021.97
2021-05-27,17.83334,2.22719,1.77836,2127832016888.66
2021-05-28,17.98004,2.20969,1.79278,2146579617543.55
2021-05-31,17.99995,2.22212,1.78245,2137431046208.8
2021-06-01,18.17481,2.1994,1.80071,2157034080707.45
2021-06-02,18.19637,2.19868,1.80207,2161271666252.73
2021-06-03,18.36213,2.1948,1.81048,2164349383207.14
2021-06-04,18.31383,2.18518,1.81397,2173924558164.78
2021-06-07,18.37267,2.17851,1.81962,2182834189263.66
2021-06-08,18.31178,2.18537,1.81348,2173289313881.02
2021-06-09,18.2492,2.19752,1.80696,2168511869988.29
2021-06-10,18.24684,2.19912,1.80548,2165048743497.96
2021-06-11,18.53039,2.18164,1.8253,2182911664556.28
2021-06-14,18.54743,2.18057,1.82607,2184835206765.76
2021-06-15,18.60144,2.17668,1.83201,2188460549932.93
2021-06-16,18.57499,2.18096,1.8274,2187275067965.99
2021-06-17,18.61929,2.17361,1.83064,2260895612421.35
2021-06-18,18.40114,2.19142,1.80277,2229790700417.42
2021-06-21,18.56173,2.1733,1.81895,2247036411236.07
2021-06-22,18.59784,2.17073,1.82042,2249900807973.22
2021-06-23,18.4096,2.19312,1.80099,2228437932496.49
2021-06-24,18.58562,2.17149,1.82062,2248905794672.49
2021-06-25,18.63919,2.16436,1.82657,2257183908539.54
2021-06-28,18.56152,2.17524,1.81749,2246652689750.11
2021-06-29,18.67299,2.15964,1.83148,2261867105080.44
2021-06-30,18.48025,2.18446,1.81115,2233842821555.45
2021-07-01,18.53919,2.17443,1.81964,2241380720469.23
2021-07-02,18.60528,2.16828,1.82525,2251491552769.58
2021-07-05,18.61466,2.16557,1.82733,2255755709586.71
2021-07-06,18.50324,2.18015,1.8136,2240652658488.84
2021-07-07,18.7119,2.15765,1.83293,2262730631337.31
2021-07-08,18.39032,2.19397,1.80135,2226404306465.34
2021-07-09,18.68128,2.16056,1.83029,2259473909826.14
2021-07-12,18.82878,2.14569,1.84293,2277454304619.84
2021-07-13,18.85679,2.14326,1.84497,2277277533015.47
2021-07-14,18.83408,2.14516,1.8436,2275623737732.12
2021-07-15,18.6382,2.16935,1.8222,2252695625704.99
2021-07-16,18.53444,2.18041,1.81239,2242110341935.45
2021-07-19,18.10679,2.23367,1.76781,2193666157347.93
2021-07-20,18.1322,2.22703,1.77346,2199083159344.62
2021-07-21,17.13291,2.19621,1.79904,2230341540538.58
2021-07-22,17.24248,2.18098,1.80995,2244226076536.66
2021-07-23,17.38801,2.16274,1.82497,2261769063683.17
2021-07-26,17.32931,2.16697,1.82096,2256152041164.91
2021-07-27,17.21271,2.18204,1.80783,2241823411612.01
2021-07-28,17.52809,2.17199,1.81623,2251253658918.01
2021-07-29,16.78249,2.16171,1.8266,2277669922334.72
2021-07-30,16.64611,2.17945,1.81099,2264056870464.46
2021-08-02,16.7,2.17174,1.81668,2276454737786.07
2021-08-03,16.04235,2.17301,1.81548,2276621534874.83
2021-08-04,16.17545,2.156,1.82924,2293514002845.74
2021-08-05,15.94822,2.14816,1.83611,2304186758945.09
2021-08-06,15.56613,2.14848,1.83569,2304288575942.91
2021-08-09,15.5594,2.14666,1.83756,2307551139229.08
2021-08-10,15.25111,2.14127,1.84305,2244056840902.01
2021-08-11,15.21058,2.13656,1.84681,2319877673186.46
2021-08-12,15.11773,2.12368,1.85837,2266092508297.23
2021-08-13,15.21266,2.10906,1.87466,2338160463716.72
2021-08-16,15.07145,2.12946,1.85113,2308332527849.64
2021-08-17,15.06313,2.13139,1.84951,2236873572237.72
2021-08-18,15.13953,2.12224,1.85722,2248010239521.0
2021-08-19,14.93968,2.15314,1.83183,2215211637805.22
2021-08-20,14.97335,2.14976,1.83468,2214983053561.28
2021-08-23,15.03519,2.13984,1.84418,2295913417529.58
2021-08-24,15.08365,2.12974,1.85396,2306389631396.32
2021-08-25,15.04129,2.13557,1.84913,2300580127298.34
2021-08-26,14.9813,2.14474,1.84092,2296472753538.53
2021-08-27,15.04554,2.13594,1.84774,2300887798636.97
2021-08-30,15.08979,2.13056,1.85352,2308858456406.17
2021-08-31,15.0014,2.17595,1.84484,2284739138928.68
2021-09-01,15.02691,2.1695,1.85131,2290033604376.99
2021-09-02,15.01948,2.17182,1.85187,2299711990304.18
2021-09-03,14.96008,2.18024,1.84461,2290273794822.33
2021-09-06,15.06357,2.16583,1.85778,2306691154682.33
2021-09-07,15.03098,2.1703,1.85416,2302831608779.76
2021-09-08,14.8326,2.20115,1.82804,2270479777603.37
2021-09-09,14.8533,2.19954,1.82896,2272386764372.77
2021-09-10,14.84946,2.20018,1.82868,2270807361781.16
2021-09-13,14.88579,2.19414,1.83352,2272063953988.42
2021-09-14,14.92886,2.18887,1.83676,2277619304123.96
2021-09-15,14.81395,2.20651,1.82203,2261725487314.19
2021-09-16,14.81963,2.20488,1.82334,2264291878673.28
2021-09-17,14.77654,2.21686,1.81605,2177751818720.79
2021-09-20,14.41905,2.26934,1.7726,2126496938130.29
2021-09-21,14.61841,2.23678,1.79615,2155282277961.64
2021-09-22,14.74575,2.21822,1.81282,2176026073496.64
2021-09-23,14.88372,2.1977,1.82942,2266857159113.79
2021-09-24,14.76798,2.21418,1.81565,2177574450541.62
2021-09-27,14.78205,2.209,1.81933,2179527461632.8
2021-09-28,14.48197,2.25178,1.78679,2142091435973.11
2021-09-29,14.56657,2.23883,1.7977,2153294080620.1
2021-09-30,14.49072,2.25123,1.78761,2141542530151.16
2021-10-01,14.38341,2.26808,1.77329,2124269748364.39
2021-10-04,14.27449,2.28496,1.7594,2104815593876.32
2021-10-05,14.4108,2.26526,1.77469,2123711067322.51
2021-10-06,14.18648,2.30041,1.74033,2086470660467.54
2021-10-07,14.4087,2.26424,1.77617,2122210201920.37
2021-10-08,14.37601,2.26864,1.77364,2116422737896.55
2021-10-11,14.35277,2.26931,1.77297,2115661830601.18
2021-10-12,14.32791,2.2741,1.7695,2112591449129.95
2021-10-13,14.45816,2.25913,1.78126,2127592075773.86
2021-10-14,14.6523,2.2299,1.80421,2151919711592.67
2021-10-15,14.76564,2.21257,1.81921,2167563923737.48
2021-10-18,14.6818,2.22652,1.80689,2155244590778.84
2021-10-19,14.66813,2.2199,1.81272,2162557227668.49
2021-10-20,14.65473,2.2202,1.81295,2164054208369.83
2021-10-21,14.63134,2.22333,1.81078,2165944123697.09
2021-10-22,14.70351,2.21304,1.81793,2174677737387.36
2021-10-25,14.75976,2.20509,1.82487,2182999490869.8
2021-10-26,14.89619,2.18382,1.8431,2204365731332.71
2021-10-27,14.29852,2.19145,1.83619,2192634751981.83
2021-10-28,14.27368,2.19579,1.83677,2190704528147.05
2021-10-29,14.23262,2.20174,1.83189,2184961055440.68
2021-11-01,14.36156,2.18216,1.8485,2208001412789.48
2021-11-02,14.48057,2.16952,1.86276,2223900252941.62
2021-11-03,14.48513,2.1615,1.86805,2234895989385.74
2021-11-04,14.39429,2.15281,1.87597,2246086140296.17
2021-11-05,14.36654,2.15594,1.87422,2241067407131.97
2021-11-08,14.29638,2.15822,1.87214,2236931658353.73
2021-11-09,14.69531,2.16206,1.86939,2236700850205.98
2021-11-10,14.44786,2.16516,1.87026,2236757526636.07
2021-11-11,14.23837,2.16366,1.87181,2238609521719.0
2021-11-12,14.01815,2.16239,1.87347,2240596188093.99
2021-11-15,14.0648,2.15435,1.88493,2248658701775.32
2021-11-16,14.08849,2.14594,1.89375,2255862177828.46
2021-11-17,14.09283,2.14566,1.89511,2258551794880.42
2021-11-18,14.09943,2.14908,1.89271,2256616643784.73
2021-11-19,14.06765,2.15692,1.88421,2251450549916.6
2021-11-22,14.0085,2.16276,1.87788,2264306752382.23
2021-11-23,13.83309,2.18603,1.85452,2234440474252.57
2021-11-24,13.7834,2.19573,1.84177,2228235493718.04
2021-11-25,13.8245,2.18865,1.8441,2234609946283.12
2021-11-26,13.28004,2.2803,1.77413,2135097137151.45
2021-11-29,13.30152,2.27604,1.77847,2142225996650.61
2021-11-30,13.14394,2.30224,1.69932,2119627986461.11
2021-12-01,13.45543,2.24763,1.74047,2165488842357.82
2021-12-02,13.25854,2.28075,1.71233,2131644570378.17
2021-12-03,13.18444,2.29347,1.68596,2118128492618.34
2021-12-06,13.34725,2.26536,1.76146,2136251815887.16
2021-12-07,13.71204,2.20565,1.81294,2193824238748.11
2021-12-08,13.60666,2.22283,1.79749,2188608186479.89
2021-12-09,13.55902,2.25681,1.7906,2180243509686.22
2021-12-10,13.41885,2.28181,1.77082,2179954664740.7
2021-12-13,13.44549,2.27867,1.78153,2186294551503.93
2021-12-14,13.27847,2.30191,1.76208,2183107623028.76
2021-12-15,13.31203,2.30116,1.76409,2163498266818.15
2021-12-16,13.41734,2.28178,1.77898,2179559796466.55
2021-12-17,13.33845,2.29547,1.77223,2186987731271.53
2021-12-20,13.11815,2.32961,1.74097,2131084272068.02
2021-12-21,13.25864,2.30365,1.76213,2152468546150.93
2021-12-22,13.36387,2.28544,1.77751,2173422765700.17
2021-12-23,13.4918,2.26386,1.79485,2194740546771.92
2021-12-24,13.4918,2.26386,1.79485,2194740546771.93
2021-12-27,13.56688,2.25156,1.80439,2205211073209.13
2021-12-28,13.66987,2.23482,1.81719,2221833301569.76
2021-12-29,13.58445,2.24892,1.80584,2207824286754.63
2021-12-30,13.6043,2.24628,1.80778,2210420338421.75
2021-12-31,13.6043,2.24628,1.80778,2210436890715.41
2022-01-03,13.73091,2.22345,1.82646,2234750307874.02
2022-01-04,13.82664,2.20398,1.83908,2245900908010.34
2022-01-05,13.9084,2.19112,1.85001,2256692808546.0
2022-01-06,13.73887,2.21834,1.82709,2225981463670.89
2022-01-07,13.66784,2.22937,1.81923,2214260043260.44
2022-01-10,13.48774,2.25868,1.7969,2181119701951.33
2022-01-11,13.64606,2.20969,1.81879,2206436761056.39
2022-01-12,13.70892,2.19964,1.82612,2217161973692.17
2022-01-13,13.74529,2.19496,1.82959,2214668077560.65
2022-01-14,13.70849,2.21226,1.81557,2199892773216.01
2022-01-17,13.74629,2.20607,1.82117,2203743036912.14
2022-01-18,13.61135,2.2284,1.80288,2180832276306.04
2022-01-19,13.6236,2.22697,1.80288,2181366810483.97
2022-01-20,13.70495,2.21255,1.81421,2196785629556.1
2022-01-21,13.45598,2.25741,1.77864,2152156031564.01
2022-01-24,12.94913,2.35132,1.70894,2068155599229.32
2022-01-25,13.04152,2.33454,1.72138,2081644018246.04
2022-01-26,13.30941,2.28334,1.75805,2148282600001.62
2022-01-27,13.37083,2.27379,1.76419,2155715934176.32
2022-01-28,13.22259,2.30027,1.74309,2132644169121.43
2022-01-31,13.34389,2.27812,1.76053,2151177278909.78
2022-02-01,13.46725,2.26031,1.77707,2144181315508.19
2022-02-02,13.47252,2.25941,1.77716,2146488773547.92
2022-02-03,13.25994,2.29157,1.75278,2116919281244.66
2022-02-04,13.06474,2.32491,1.72844,2086899841054.14
2022-02-07,13.13669,2.31038,1.73999,2097518125362.0
2022-02-08,13.14377,2.30837,1.74282,2098706735926.72
2022-02-09,13.36581,2.27062,1.77158,2138628248878.25
2022-02-10,13.32772,2.27913,1.76699,2129101925182.68
2022-02-11,13.28702,2.28929,1.7597,2120184768613.93
2022-02-14,13.00832,2.33797,1.7219,2074474405009.94
2022-02-15,13.26204,2.29077,1.75809,2119734029719.92
2022-02-16,13.23395,2.29486,1.75432,2115595419539.67
2022-02-17,13.1772,2.31254,1.74225,2101957694213.75
2022-02-18,13.22945,2.35096,1.71302,2067534044089.56
2022-02-21,12.96965,2.39108,1.67959,2028321867021.28
2022-02-22,12.90277,2.40171,1.67175,2021215818130.7
2022-02-23,12.83834,2.43267,1.66134,2010169648503.58
2022-02-24,11.60547,2.7628,1.58707,1956396116387.0
2022-02-25,12.99152,2.73233,1.63999,2000999459306.59
2022-02-28,12.89908,2.75581,1.63109,2016319790740.58
2022-03-01,12.36003,2.88767,1.56062,1951968486487.48
2022-03-02,12.42099,2.8858,1.56534,1955108017606.46
2022-03-03,12.12509,2.99528,1.51405,1909081499518.21
2022-03-04,11.57146,3.15368,1.4172,1802367385863.36
2022-03-07,11.33764,3.21918,1.38958,1766962558567.67
2022-03-08,11.33755,3.21877,1.39133,1762910369084.85
2022-03-09,12.17765,3.02006,1.48744,1894115938554.93
2022-03-10,11.83728,3.12708,1.43796,1842597509373.59
2022-03-11,11.92778,3.08458,1.44058,1870871252427.14
2022-03-14,12.17115,3.0238,1.45967,1910051564476.13
2022-03-15,12.44072,3.08061,1.44674,1910849776088.15
2022-03-16,12.71378,3.08935,1.48941,1979318486307.56
2022-03-17,12.64916,3.1017,1.46874,1977196220729.23
2022-03-18,12.703,3.10967,1.46758,1983619874944.34
2022-03-21,13.01344,3.12602,1.46157,1975666542870.14
2022-03-22,13.14034,3.09676,1.47535,1992563623806.2
2022-03-23,12.96638,3.17337,1.45486,1967302789267.95
2022-03-24,12.97421,3.1952,1.44788,1956839176994.83
2022-03-25,12.92497,3.19731,1.43765,1954170306427.69
2022-03-28,13.00419,3.18224,1.44698,1969754650415.33
2022-03-29,13.42615,3.36436,1.47541,2016577978672.9
2022-03-30,13.21694,3.14581,1.45129,1990606827662.52
2022-03-31,13.0459,3.19144,1.43142,1960970259217.95
2022-04-01,13.07508,3.1814,1.43091,1967382743654.83
2022-04-04,13.15978,3.1603,1.44171,1980427597773.34
2022-04-05,13.07089,3.17844,1.43227,1967783759734.11
2022-04-06,12.82605,3.24175,1.40546,1927804689397.27
2022-04-07,12.7647,3.25964,1.39842,1918869402399.36
2022-04-08,12.92973,3.21733,1.41596,1940845043519.8
2022-04-11,12.83489,3.24253,1.40522,1923019772714.11
2022-04-12,12.77123,3.26041,1.39881,1916255670146.12
2022-04-13,12.73017,3.26996,1.3948,1911786684085.24
2022-04-14,12.79526,3.25402,1.40124,1921626721709.9
2022-04-15,12.79532,3.25402,1.40051,1921626721709.9
2022-04-18,12.79532,3.25402,1.4005,1921626721709.9
2022-04-19,12.80489,3.25226,1.40222,1927933215077.15
2022-04-20,12.97442,3.21117,1.42068,1953995703450.8
2022-04-21,13.09457,3.18233,1.43349,1971529546091.32
2022-04-22,12.83998,3.25455,1.40148,1927246061208.66
2022-04-25,12.61917,3.30882,1.37807,1896127359791.27
2022-04-26,12.45494,3.35602,1.35809,1870907342248.58
2022-04-27,12.54106,3.3514,1.35978,1878613945671.84
2022-04-28,12.71968,3.30671,1.37339,1904530937939.43
2022-04-29,12.80647,3.2994,1.37861,1911838841453.34
2022-05-02,12.48906,3.39482,1.34884,1877913843841.57
2022-05-03,12.55312,3.37105,1.35851,1892817115970.69
2022-05-04,12.32694,3.38387,1.35378,1888626750427.46
2022-05-05,11.67768,3.43051,1.33413,1863594452490.93
2022-05-06,11.54823,3.48501,1.31528,1841191689426.43
2022-05-09,11.22952,3.54201,1.28242,1790555461294.86
2022-05-10,11.18483,3.49935,1.29825,1810219531317.12
2022-05-11,11.36301,3.42562,1.32575,1847900545775.29
2022-05-12,11.25165,3.46544,1.31228,1834873677801.55
2022-05-13,11.2165,3.40724,1.33476,1865400221430.17
2022-05-16,11.19537,3.42284,1.32986,1862370568670.98
2022-05-17,11.36929,3.3724,1.34997,1891362138891.53
2022-05-18,11.22357,3.41526,1.33317,1867392018227.1
2022-05-19,11.10226,3.45058,1.31874,1843565829408.23
2022-05-20,11.17657,3.42833,1.32733,1857674934529.35
2022-05-23,11.31906,3.38587,1.34378,1878873155602.5
2022-05-24,11.21135,3.4394,1.32352,1851404058293.6
2022-05-25,11.27087,3.41691,1.33046,1862918739103.85
2022-05-26,11.43855,3.36575,1.35152,1881097563732.7
2022-05-27,11.58931,3.32248,1.36807,1901589629486.0
2022-05-30,11.70865,3.28665,1.38318,1923855724993.95
2022-05-31,11.58175,3.32359,1.36786,1905201078463.73
2022-06-01,11.55102,3.33255,1.36452,1898781847475.12
2022-06-02,11.64899,3.30274,1.37661,1914099597380.54
2022-06-03,11.61704,3.31268,1.3728,1908945178383.52
2022-06-06,11.74842,3.27384,1.38908,1928939422225.72
2022-06-07,11.67269,3.29492,1.37999,1917665235984.54
2022-06-08,11.60115,3.31881,1.37153,1904158681275.23
2022-06-09,11.41322,3.37559,1.34919,1872733421249.78
2022-06-10,11.06394,3.482,1.30838,1816259782554.64
2022-06-13,10.78253,3.57662,1.27427,1764453483027.02
2022-06-14,10.68597,3.61033,1.26172,1745432501022.23
2022-06-15,10.83264,3.5601,1.28008,1763905116160.97
2022-06-16,10.48378,3.6802,1.23882,1707772053237.85
2022-06-17,10.61513,3.61568,1.2478,1717731198789.73
2022-06-20,10.73101,3.57456,1.26311,1737589230964.32
2022-06-21,10.73575,3.57437,1.26277,1739399602782.7
2022-06-22,10.61998,3.61189,1.2496,1722475819111.43
2022-06-23,10.39116,3.68964,1.22339,1688342986799.28
2022-06-24,10.56431,3.63005,1.24319,1715858797953.1
2022-06-27,10.64303,3.60399,1.25251,1729736665854.42
2022-06-28,10.66058,3.59635,1.2551,1730255380378.12
2022-06-29,10.47684,3.66161,1.23302,1701649206659.27
2022-06-30,10.27514,3.73589,1.20924,1671022376321.62
2022-07-01,10.28562,3.72763,1.21115,1673850523491.88
2022-07-04,10.25343,3.74159,1.20768,1666966634361.48
2022-07-05,9.96379,3.85013,1.17328,1625495924945.18
2022-07-06,10.10362,3.79761,1.18895,1648099049310.61
2022-07-07,10.32227,3.71225,1.21661,1687603281602.22
2022-07-08,10.48034,3.65631,1.23607,1713945723099.2
2022-07-11,10.29281,3.72341,1.21381,1684432614283.76
2022-07-12,10.32017,3.71322,1.21766,1688407272194.92
2022-07-13,10.19687,3.75921,1.20272,1669467499586.77
2022-07-14,10.0108,3.82696,1.18117,1642499176373.91
2022-07-15,10.26541,3.73314,1.21094,1678895683243.85
2022-07-18,10.35366,3.69918,1.22165,1695764824364.96
2022-07-19,10.64223,3.6,1.25532,1734912196003.23
2022-07-20,10.63891,3.59877,1.25551,1735564098366.44
2022-07-21,10.59719,3.61326,1.24959,1732397170323.23
2022-07-22,10.69112,3.61065,1.24901,1733770723450.4
2022-07-25,10.65006,3.62464,1.24508,1723857480468.59
2022-07-26,10.52618,3.66886,1.23072,1706984816183.89
2022-07-27,10.56526,3.64509,1.23806,1718140739498.86
2022-07-28,10.739,3.60805,1.25019,1740908733829.63
2022-07-29,10.89972,3.5536,1.26885,1770240677112.07
2022-08-01,10.92807,3.54451,1.2728,1777109845112.67
2022-08-02,10.92807,,1.2728,1777109845112.67
2022-08-03,10.92807,,1.2728,1777109845112.67
2022-08-04,10.92807,,1.2728,1777109845112.67
2022-08-05,10.92807,,1.2728,1777109845112.67
2022-08-08,10.92807,,1.2728,1777109845112.67
2022-08-09,10.92807,,1.2728,1777109845112.67
2022-08-10,10.92807,,1.2728,1777109845112.67
2022-08-11,10.92807,,1.2728,1777109845112.67
2022-08-12,10.92807,,1.2728,1777109845112.67
2022-08-15,10.92807,,1.2728,1777109845112.67
2022-08-16,10.92807,,1.2728,1777109845112.67
2022-08-17,10.92807,,1.2728,1777109845112.67
2022-08-18,10.92807,,1.2728,1777109845112.67
2022-08-19,10.92807,,1.2728,1777109845112.67
2022-08-22,10.92807,,1.2728,1777109845112.67
2022-08-23,10.92807,,1.2728,1777109845112.67
2022-08-24,10.92807,,1.2728,1777109845112.67
2022-08-25,10.92807,,1.2728,1777109845112.67
2022-08-26,10.92807,,1.2728,1777109845112.67
2022-08-29,10.92807,,1.2728,1777109845112.67
2022-08-30,10.92807,,1.2728,1777109845112.67
2022-08-31,10.92807,,1.2728,1777109845112.67
2022-09-01,10.92807,,1.2728,1777109845112.67
2022-09-02,10.92807,,1.2728,1777109845112.67
2022-09-05,10.92807,,1.2728,1777109845112.67
2022-09-06,10.92807,,1.2728,1777109845112.67
2022-09-07,10.92807,,1.2728,1777109845112.67
2022-09-08,10.92807,,1.2728,1777109845112.67
2022-09-09,10.92807,,1.2728,1777109845112.67
2022-09-12,10.92807,,1.2728,1777109845112.67
2022-09-13,10.92807,,1.2728,1777109845112.67
2022-09-14,10.92807,,1.2728,1777109845112.67
2022-09-15,10.92807,,1.2728,1777109845112.67
2022-09-16,10.92807,,1.2728,1777109845112.67
2022-09-19,10.92807,,1.2728,1777109845112.67
2022-09-20,10.92807,,1.2728,1777109845112.67
2022-09-21,10.92807,,1.2728,1777109845112.67
2022-09-22,10.92807,,1.2728,1777109845112.67
2022-09-23,10.92807,,1.2728,1777109845112.67
2022-09-26,10.92807,,1.2728,1777109845112.67
2022-09-27,10.92807,,1.2728,1777109845112.67
2022-09-28,10.92807,,1.2728,1777109845112.67
2022-09-29,10.92807,,1.2728,1777109845112.67
2022-09-30,10.14076,4.0145,1.12923,1532994590628.69
2022-10-03,10.24253,3.97655,1.13971,1549641491193.37
2022-10-04,10.61925,3.834,1.18281,1605379911528.2
2022-10-05,10.47585,3.88856,1.16687,1581630793831.12
2022-10-06,10.43927,3.90056,1.16346,1578794241792.19
2022-10-07,10.2682,3.9672,1.14466,1551095183345.57
2022-10-10,10.26555,3.97052,1.14417,1549312251343.87
2022-10-11,10.19954,3.99663,1.13714,1538917250123.56
2022-10-12,10.14369,4.01913,1.13215,1528230494342.6
2022-10-13,10.27698,3.9658,1.14772,1547322634989.76
2022-10-14,10.35144,3.93717,1.15526,1559512074767.09
2022-10-17,10.54498,3.86334,1.17661,1588618536669.59
2022-10-18,10.63869,3.82368,1.18898,1605106795556.47
2022-10-19,10.58204,3.84015,1.18395,1595404644845.84
2022-10-20,10.61731,3.82756,1.18718,1602911843315.8
2022-10-21,10.57818,3.84363,1.18275,1595394877472.38
2022-10-24,10.7384,3.7874,1.20009,1617659788707.1
2022-10-25,11.03744,3.72975,1.21806,1641298515804.27
2022-10-26,10.92782,3.69212,1.23076,1657433185439.43
2022-10-27,10.9421,3.6937,1.22959,1655696469231.28
2022-10-28,10.95004,3.70551,1.22669,1649345121038.79
2022-10-31,10.95673,3.70458,1.22671,1652850891652.38
2022-11-01,11.03072,3.67799,1.23516,1665083721523.86
2022-11-02,10.95528,3.70506,1.22701,1649649654330.15
2022-11-03,10.81819,3.75432,1.2109,1625256113854.6
2022-11-04,11.07495,3.65934,1.24178,1665055440293.17
2022-11-07,11.16229,3.63189,1.25174,1680170984329.27
2022-11-08,11.23186,3.5877,1.26671,1700625957224.89
2022-11-09,11.20446,3.597,1.2628,1697922809172.91
2022-11-10,11.81469,3.81984,1.31091,1756079562938.48
2022-11-11,11.81553,3.78094,1.32369,1777380986196.24
2022-11-14,11.86145,3.75941,1.33363,1790458327259.06
2022-11-15,11.89125,3.74838,1.33801,1793416904614.46
2022-11-16,11.74905,3.79656,1.32155,1768835394085.24
2022-11-17,11.7626,3.78373,1.32207,1773046359763.29
2022-11-18,11.89541,3.74147,1.33696,1794393677371.67
2022-11-21,11.82611,3.76368,1.32954,1784777338652.13
2022-11-22,11.86668,3.73985,1.33373,1789293503145.52
2022-11-23,11.86293,3.74009,1.33358,1788126392055.86
2022-11-24,11.77433,3.70603,1.34316,1803664990818.07
2022-11-25,11.79236,3.70507,1.34361,1803318424618.43
2022-11-28,11.67129,3.74045,1.33209,1787801987551.15
2022-11-29,11.65838,3.74523,1.32559,1783913265489.02
2022-11-30,11.70612,3.72705,,1726968529825.9
2022-12-01,11.79474,3.69849,1.34084,1805809654350.31
2022-12-02,11.83115,3.68603,1.34489,1811077779406.69
2022-12-05,11.7595,3.70805,1.337,1795388263685.33
2022-12-06,11.65927,3.73997,1.32581,1777995925172.23
2022-12-07,11.58397,3.76473,1.31707,1766268585693.78
2022-12-08,11.57988,3.76502,1.31085,1764741966445.32
2022-12-09,11.65714,3.74112,1.31976,1777158325932.65
2022-12-12,11.59099,3.77722,1.3107,1767811651272.61
2022-12-13,11.73954,3.72653,1.32787,1789112019122.26
2022-12-14,11.69456,3.7401,1.32261,1782959177081.18
2022-12-15,11.32565,3.86003,1.28157,1731114657892.24
2022-12-16,11.24947,3.88657,1.27269,1717926309190.65
2022-12-19,11.22638,3.88793,1.27073,1714247685092.47
2022-12-20,11.18871,3.90165,1.26657,1705579126022.72
2022-12-21,11.36807,3.83929,1.2878,1747358275939.4
2022-12-22,11.21795,3.89718,1.27056,1732560148310.85
2022-12-23,11.24073,3.88894,1.27303,1733010477879.22
2022-12-26,11.24076,3.88895,1.27303,1732966652017.84
2022-12-27,11.27052,3.87794,1.27668,1736642168097.15
2022-12-28,11.22472,3.89441,1.27094,1729560635405.52
2022-12-29,11.35122,3.8509,1.28513,1750984304922.37
2022-12-30,11.23219,3.89188,1.27159,1733243061643.9
2023-01-02,11.38716,3.84012,1.28819,1759837488320.4
2023-01-03,11.49834,3.80091,1.30047,1777675594652.42
2023-01-04,11.77317,3.71293,1.33085,1811021624547.64
2023-01-05,11.78506,3.70931,1.33237,1811659296580.62
2023-01-06,11.91379,3.66975,1.34675,1826319750741.4
2023-01-09,12.20121,3.62126,1.36436,1853129305966.59
2023-01-10,12.19367,3.62395,1.36379,1848974091373.96
2023-01-11,12.33771,3.57942,1.37926,1872780688889.07
2023-01-12,12.43396,3.55005,1.39099,1887624913313.95
2023-01-13,12.4486,3.5445,1.39304,1889409857645.48
2023-01-16,12.51869,3.52429,1.40021,1902900690955.84
2023-01-17,12.55762,3.52879,1.40506,1911597986914.83
2023-01-18,12.57214,3.52389,1.4078,1912191926203.98
2023-01-19,12.33261,3.59281,1.38133,1876031358539.7
2023-01-20,12.42815,3.56495,1.39219,1891027073035.36
2023-01-23,12.49818,3.54478,1.39953,1903832563590.41
2023-01-24,12.48017,3.55049,1.39736,1898862393211.19
2023-01-25,12.4675,3.55448,1.39599,1892155794783.7
2023-01-26,12.62129,3.53698,1.4032,1902608162130.75
2023-01-27,12.67096,3.52191,1.40842,1911051148797.48
2023-01-30,12.63652,3.53244,1.40546,1906285240137.26
2023-01-31,12.62938,3.53371,1.40491,1903446610755.05
2023-02-01,12.68637,3.51995,1.41019,1913206706885.28
2023-02-02,12.94238,3.43896,1.44162,1962653519991.87
2023-02-03,12.93406,3.44253,1.44059,1960907190834.74
2023-02-06,12.84703,3.47256,1.42865,1943378944637.61
2023-02-07,12.80827,3.48404,1.42443,1937637619335.06
2023-02-08,12.85052,3.48581,1.42945,1950918508511.4
2023-02-09,12.95718,3.45826,1.4407,1965889181674.42
2023-02-10,12.72282,3.52324,1.41439,1933977997686.78
2023-02-13,12.78352,3.50809,1.4164,1932370366461.18
2023-02-14,12.77006,3.52396,1.41559,1932399352207.81
2023-02-15,12.89345,3.51143,1.42702,1947723101907.6
2023-02-16,12.91836,3.5058,1.43036,1952887192704.02
2023-02-17,12.71246,3.54579,1.42512,1945307584387.59
2023-02-20,12.41157,3.5453,1.42521,1948266640461.61
2023-02-21,12.33907,3.56787,1.41655,1938221859937.84
2023-02-22,12.31873,3.58199,1.41415,1933044436312.54
2023-02-23,12.36879,3.56448,1.41911,1939206967245.81
2023-02-24,12.27206,3.63727,1.38801,1904415352752.09
2023-02-27,12.40904,3.59894,1.40296,1924668645347.4
2023-02-28,12.45507,3.60852,1.3928,1920876882277.55
2023-03-01,12.43606,3.64746,1.45245,
2023-03-02,12.47748,3.63949,1.44983,5.582320140101751e+16
2023-03-03,12.73849,3.58141,1.39789,1955092083505.5
2023-03-06,12.82406,3.55839,1.45036,1965555007305.44
2023-03-07,12.73677,3.54715,1.43831,1953154875991.46
2023-03-08,12.91755,3.50284,1.44786,1957222865447.8
2023-03-09,13.1549,3.50645,1.44868,1955366779126.59
2023-03-10,12.96854,3.60954,1.42095,1935786915945.67
2023-03-13,12.59725,3.44639,1.37846,1887315382922.95
2023-03-14,12.90156,3.40443,1.37261,1913464955799.94
2023-03-15,12.81141,3.51977,1.31605,1862014897759.12
2023-03-16,12.9628,3.42034,1.33317,1884755867285.49
2023-03-17,12.69002,3.4708,1.32634,1860900002178.32
2023-03-20,12.68667,3.43556,1.33388,1875454655499.47
2023-03-21,12.54505,3.38285,1.34076,1904004388480.27
2023-03-22,12.55501,3.45739,1.34241,1905695248921.83
2023-03-23,12.60582,3.45585,1.329,1909766852192.23
2023-03-24,12.41125,3.52265,1.30571,1876862974553.52
2023-03-27,12.53072,3.48655,1.3164,1898677597419.61
2023-03-28,12.48991,3.49149,1.3167,1899717627044.6
2023-03-29,12.62606,3.4514,1.33204,1918325512524.6
2023-03-30,12.80051,3.4053,1.34962,1945127540599.96
2023-03-31,12.86373,3.36063,1.35794,1957757589672.49
2023-04-03,12.79912,3.37506,1.35257,1952176383688.63
2023-04-04,12.81346,3.37093,1.35394,1954673333356.8
2023-04-05,12.73508,3.39442,1.34507,1943235767144.25
2023-04-06,12.76999,3.38319,1.34834,1946085503514.37
2023-04-07,12.76963,3.38319,1.34831,1946085503514.37
2023-04-10,12.76962,3.38319,1.34832,1946085503514.37
2023-04-11,12.82287,3.36635,1.35471,1959251378084.33
2023-04-12,12.85124,3.35839,1.35779,1962868750482.39
2023-04-13,12.89836,3.34801,1.36202,1970061638178.67
2023-04-14,12.96059,3.32867,1.36935,1982345600505.54
2023-04-17,12.9538,3.33295,1.36714,1984416694683.54
2023-04-18,13.0391,3.31343,1.37542,1995871608346.17
2023-04-19,13.03885,3.31352,1.37526,1988511215096.3
2023-04-20,12.95998,3.33583,1.36638,1971453588383.53
2023-04-21,13.09136,3.31726,1.37428,1981841796424.22
2023-04-24,13.07347,3.32032,1.37288,1984385036863.24
2023-04-25,13.06747,3.32264,1.37212,1980606511565.04
2023-04-26,12.99209,3.33482,1.36668,1971863983393.29
2023-04-27,13.0114,3.33448,1.36669,1973647152811.7
2023-04-28,13.04912,3.30842,1.37573,1981999853250.52
2023-05-01,13.01286,3.3052,1.37574,1982015275875.01
2023-05-02,12.83911,3.35156,1.35707,1956191979261.65
2023-05-03,12.95239,3.33359,1.36475,1964704927267.06
2023-05-04,12.93496,3.36041,1.35314,1941141171233.54
2023-05-05,13.27694,3.33042,1.36536,1957707143542.1
2023-05-08,13.26565,3.33446,1.36311,1956739335262.98
2023-05-09,13.22688,3.34369,1.35986,1934180328426.99
2023-05-10,13.237,3.3556,1.35469,1927009116695.99
2023-05-11,13.43089,3.37484,1.34596,1918264555378.65
2023-05-12,13.57471,3.37629,1.34577,1916091873029.72
2023-05-15,13.55956,3.37518,1.34622,1917082248509.55
2023-05-16,13.40231,3.38478,1.33838,1910504066379.66
2023-05-17,13.08082,3.37923,1.34076,1911269407507.32
2023-05-18,13.12748,3.34498,1.34673,1929482506844.21
2023-05-19,13.18885,3.32514,1.35457,1938967997403.55
2023-05-22,13.15143,3.33414,1.35086,1935809231771.48
2023-05-23,13.08728,3.3473,1.34459,1928596053113.74
2023-05-24,12.83642,3.41389,1.31845,1892594934987.91
2023-05-25,12.78487,3.4257,1.31406,1887513487519.94
2023-05-26,12.91483,3.38757,1.32903,1908768623257.12
2023-05-29,12.89416,3.39428,1.32646,1908703354148.51
2023-05-30,12.85876,3.40385,1.32249,1908003697694.77
2023-05-31,12.68985,3.45344,1.30341,1889071240325.19
2023-06-01,12.82511,3.41811,1.31716,1922119275559.75
2023-06-02,12.95457,3.37429,1.33368,1931578865671.86
2023-06-05,12.89398,3.39125,1.32695,1913168068016.72
2023-06-06,12.90538,3.38752,1.32856,1916437790381.89
2023-06-07,12.88967,3.39185,1.32672,1916927498815.55
2023-06-08,12.91454,3.38465,1.32943,1921536300590.83
2023-06-09,12.87147,3.39483,1.32569,1917846454758.03
2023-06-12,12.97385,3.36501,1.33746,1933436684703.14
2023-06-13,13.08076,3.33753,1.34839,1947793504200.19
2023-06-14,13.14337,3.32015,1.35528,1954258927332.34
2023-06-15,13.12894,3.32704,1.35274,1949450483802.95
2023-06-16,13.17822,3.31571,1.35782,1956894196063.05
2023-06-19,13.05943,3.34971,1.34395,1938951133689.52
2023-06-20,12.96505,3.37582,1.33376,1921615236528.89
2023-06-21,12.88402,3.3919,1.32779,1911787141456.74
2023-06-22,12.85027,3.39473,1.32721,1909534800550.12
2023-06-23,12.78368,3.42457,1.31561,1894015636559.82
2023-06-26,12.76107,3.42942,1.31391,1890542279014.24
2023-06-27,12.77859,3.4234,1.31598,1892864388878.38
2023-06-28,12.86071,3.39994,1.32472,1907646480810.9
2023-06-29,12.85357,3.40268,1.32415,1904271020497.02
2023-06-30,13.01013,3.35996,1.34062,1927398805687.81
2023-07-03,12.9438,3.3734,1.33501,1923248395908.47
2023-07-04,12.9154,3.37745,1.33266,1922543439129.4
2023-07-05,12.8256,3.40528,1.32205,1909845379930.34
2023-07-06,12.51199,3.49379,1.2892,1863936383823.31
2023-07-07,12.55237,3.47579,1.29583,1875869321705.69
2023-07-10,12.60334,3.46352,1.30038,1879767156217.72
2023-07-11,12.6896,3.43635,1.31044,1895749707900.07
2023-07-12,12.88186,3.38213,1.3309,1924410063183.71
2023-07-13,13.00908,3.35915,1.3428,1937369415677.83
2023-07-14,12.99678,3.36573,1.34053,1934779895225.46
2023-07-17,12.96196,3.37618,1.33663,1926960782721.21
2023-07-18,12.99923,3.35995,1.34031,1933259237528.71
2023-07-19,12.98929,3.35823,1.34002,1934910058564.17
2023-07-20,12.99509,3.34389,1.346,1937591821244.51
2023-07-21,12.97379,3.34943,1.34348,1934692978972.82
2023-07-24,12.94599,3.35117,1.3427,1935328635931.58
2023-07-25,12.96637,3.3407,1.34693,1941190385889.23
2023-07-26,12.93922,3.35627,1.34047,1938275647472.88
2023-07-27,13.16244,3.29493,1.36538,1970172322634.64
2023-07-28,13.17052,3.28888,1.36795,1970813466210.62
2023-07-31,13.16708,3.29169,1.36659,1970647025138.99
2023-08-01,13.04962,3.33333,1.34978,1949212888282.25
2023-08-02,12.86292,3.3828,1.33011,1927191846133.96
2023-08-03,12.68067,3.40631,1.32071,1916627482377.21
2023-08-04,12.72704,3.39261,1.32598,1922423213468.93
2023-08-07,12.73948,3.39394,1.3253,1915191762972.08
2023-08-08,12.83082,3.42895,1.31071,1897385267525.67
2023-08-09,12.89287,3.41363,1.31593,1904226831996.03
2023-08-10,12.4827,3.38106,1.32822,1918466091001.96
2023-08-11,12.25338,3.4155,1.31869,1907081754654.19
2023-08-14,12.30684,3.40201,1.32413,1914245789040.61
2023-08-15,12.21011,3.43004,1.31336,1899796395996.17
2023-08-16,12.23042,3.42402,1.31573,1903450953954.38
2023-08-17,12.13208,3.45068,1.30214,1881619239124.82
2023-08-18,12.05421,3.47511,1.29311,1866526095013.56
2023-08-21,12.03708,3.47421,1.2935,1868769980563.36
2023-08-22,12.139,3.45038,1.3022,1880992231859.0
2023-08-23,12.16184,3.44649,1.30335,1882455737524.64
2023-08-24,12.07178,3.47098,1.29395,1869084711326.66
2023-08-25,12.074,3.47145,1.29373,1867835736899.79
2023-08-28,12.19476,3.43819,1.30633,1884482884463.81
2023-08-29,12.29671,3.40624,1.31828,1900737529498.08
2023-08-30,12.255,3.41833,1.31329,1893884902148.85
2023-08-31,12.28197,3.40541,1.31733,1900893068780.19
2023-09-01,12.21247,3.42313,1.31057,1890627948551.68
2023-09-04,12.20033,3.42677,1.30885,1888318967643.5
2023-09-05,12.16506,3.44019,1.30379,1881732874427.86
2023-09-06,12.12883,3.44913,1.29994,1876266140898.48
2023-09-07,12.10499,3.46204,1.29559,1864093827162.81
2023-09-08,12.12857,3.45644,1.29777,1867611978389.57
2023-09-11,12.16972,3.43982,1.30276,1878080327544.24
2023-09-12,12.13466,3.45359,1.29793,1872444787347.86
2023-09-13,12.08667,3.46668,1.29288,1864154196480.38
2023-09-14,12.19887,3.43186,1.30516,1881605973684.86
2023-09-15,12.24913,3.41678,1.31118,1888000431568.58
2023-09-18,12.13295,3.45397,1.29721,1867828222898.76
2023-09-19,12.09409,3.46468,1.29251,1861538272990.83
2023-09-20,12.18696,3.43662,1.30292,1880254677762.23
2023-09-21,12.05443,3.48146,1.28621,1857789471843.16
2023-09-22,12.05357,3.48269,1.28597,1856337446605.44
2023-09-25,11.92323,3.52,1.27202,1836115262088.89
2023-09-26,11.7992,3.56159,1.25787,1816178652497.83
2023-09-27,11.78263,3.57111,1.25485,1808552908073.96
2023-09-28,11.86159,3.55116,1.26226,1817234469651.44
2023-09-29,11.89591,3.53231,1.27221,1833150624593.05
2023-10-02,11.7968,3.56415,1.26052,1819897742743.06
2023-10-03,11.66961,3.60596,1.24618,1801021615054.1
2023-10-04,11.67912,3.60285,1.24749,1799236247672.86
2023-10-05,11.66954,3.61092,1.24478,1797843089157.68
2023-10-06,11.7887,3.57311,1.25808,1814165570558.45
2023-10-09,11.69781,3.59637,1.25009,1802785082587.46
2023-10-10,11.91419,3.52811,1.27422,1833775214445.67
2023-10-11,11.91803,3.52601,1.27512,1834032075979.51
2023-10-12,11.89181,3.53529,1.27146,1829189069107.2
2023-10-13,11.71531,3.58634,1.25314,1804376679633.15
2023-10-16,11.74588,3.57622,1.25678,1806725192132.35
2023-10-17,11.73253,3.58108,1.25526,1805643519004.74
2023-10-18,11.64898,3.59484,1.24882,1831252476466.73
2023-10-19,11.57222,3.60806,1.2454,1813284572791.25
2023-10-20,11.38244,3.66714,1.22504,1785688029375.54
2023-10-23,11.37989,3.66895,1.22442,1783924992081.08
2023-10-24,11.43217,3.64931,1.23057,1793128138046.58
2023-10-25,11.42119,3.65569,1.2287,1788727042048.28
2023-10-26,11.21501,3.69761,1.21422,1764775104984.96
2023-10-27,11.14137,3.70449,1.21154,1762542858259.99
2023-10-30,11.16114,3.69894,1.21309,1764624747753.76
2023-10-31,11.04344,3.67373,1.22069,1780036367897.67
2023-11-01,11.14195,3.65046,1.22847,1790123655878.68
2023-11-02,11.2697,3.58987,1.24892,1822612405300.29
2023-11-03,11.30178,3.57204,1.25385,1829898326192.35
2023-11-06,11.27482,3.58663,1.24974,1820883850497.65
2023-11-07,11.29266,3.58143,1.25108,1821880186531.66
2023-11-08,10.93481,3.56167,1.25846,1831572466363.71
2023-11-09,10.9968,3.52261,1.27224,1851012983161.86
2023-11-10,11.09508,3.5563,1.26018,1832545139588.28
2023-11-13,11.17608,3.53407,1.26805,1841310397339.04
2023-11-14,11.23611,3.46599,1.29149,1880796541880.64
2023-11-15,11.34081,3.43798,1.30366,1895976111636.07
2023-11-16,11.34307,3.4406,1.30256,1888488675457.72
2023-11-17,11.43311,3.41046,1.31407,1906139263119.66
2023-11-20,11.49025,3.4385,1.31266,1905750348099.22
2023-11-21,11.57351,3.45033,1.3093,1893756829758.09
2023-11-22,11.63362,3.43593,1.31713,1900061555877.48
2023-11-23,11.65719,3.4297,1.31951,1900495800007.28
2023-11-24,11.68072,3.42242,1.32274,1907045707085.04
2023-11-27,11.65823,3.43421,1.3186,1901708126706.77
2023-11-28,11.68426,3.43175,1.31965,1901207949416.42
2023-11-29,11.81672,3.3934,1.33419,1922248001715.85
2023-11-30,11.84799,3.38735,1.33516,1921056727803.51
2023-12-01,11.96474,3.35145,1.34854,1937491528053.6
2023-12-04,11.96698,3.35173,1.34863,1938171158822.15
2023-12-05,12.06062,3.32455,1.35886,1950274647515.25
2023-12-06,12.12816,3.30158,1.3685,1964316778171.1
2023-12-07,12.10911,3.31027,1.36639,1958302921926.74
2023-12-08,12.20196,3.28819,1.3758,1970757549620.89
2023-12-11,12.23098,3.28331,1.37785,1977077835376.93
2023-12-12,12.23237,3.28524,1.37693,1972672389083.93
2023-12-13,12.19294,3.29192,1.37796,1967656799689.28
2023-12-14,12.18446,3.28513,1.38122,1977690325869.85
2023-12-15,12.17416,3.27203,1.382,1981313834124.64
2023-12-18,,3.28074,1.37788,1966718915690.21
2023-12-19,9.32907,3.26142,1.3857,1977259105983.06
2023-12-20,9.33594,3.258,1.38691,1979171153730.4
2023-12-21,9.30241,3.27048,1.38152,1970837875481.95
2023-12-22,9.3145,3.27052,1.38118,1969538316382.16
2023-12-25,9.3145,3.2705,1.38105,1969541661783.59
2023-12-26,9.3145,3.27052,1.38118,1969527390338.81
2023-12-27,9.33138,3.2609,1.38494,1971497558380.83
2023-12-28,9.30266,3.27031,1.38068,1964780530071.77
2023-12-29,9.33643,3.25943,1.38563,1973195731372.17
2024-01-01,9.33643,3.25943,1.3857,1973195871372.17
2024-01-02,9.32774,3.26285,1.38448,1973356084812.11
2024-01-03,9.19886,3.30886,1.36548,1945771114573.39
2024-01-04,9.23124,3.29865,1.37001,1955559120615.82
2024-01-05,9.22137,3.30403,1.36812,1953541162821.99
2024-01-08,9.28408,3.28253,1.37708,1965086951209.95
2024-01-09,9.27119,3.28737,1.37497,1965182976906.39
2024-01-10,9.28305,3.28732,1.37478,1965166062290.88
2024-01-11,9.20597,3.31686,1.36274,1949623985473.66
2024-01-12,9.27523,3.29182,1.37248,1960893728209.18
2024-01-15,9.23163,3.30983,1.36506,1950110272932.18
2024-01-16,9.20662,3.32317,1.35968,1942474000761.98
2024-01-17,9.13749,3.35505,1.34719,1922922323706.63
2024-01-18,9.22015,3.32836,1.35749,1937242235511.29
2024-01-19,9.22005,3.3205,1.38275,1978414826583.85
2024-01-22,9.30027,3.29091,1.39407,1993008701128.22
2024-01-23,9.2778,3.29515,1.39273,1994265728768.99
2024-01-24,9.41629,3.23657,1.41776,2024233254545.52
2024-01-25,9.39131,3.24719,1.41725,2021199429469.99
2024-01-26,9.44734,3.23686,1.42175,2032814422555.0
2024-01-29,9.44962,3.23974,1.41984,2032520899802.49
2024-01-30,9.47348,3.23591,1.42117,2031440036104.58
2024-01-31,9.44869,3.24537,1.41636,2029117804251.44
2024-02-01,9.44333,3.25322,1.41348,2024735162707.24
2024-02-02,9.46648,3.24867,1.41602,2024864346696.64
2024-02-05,9.46422,3.25236,1.41589,2025578309354.29
2024-02-06,9.53692,3.22979,1.42632,2040882217764.44
2024-02-07,9.50825,3.24883,1.41993,2032397990619.78
2024-02-08,9.54247,3.24345,1.42214,2036151586150.68
2024-02-09,9.44156,3.25695,1.41616,2027395936984.01
2024-02-12,9.50045,3.25134,1.42709,2041473520541.04
2024-02-13,9.40652,3.28539,1.41284,2022278622424.59
2024-02-14,9.44674,3.27134,1.41935,2029612353540.04
2024-02-15,9.50561,3.251,1.42831,2042669183199.27
2024-02-16,9.55266,3.24529,1.43563,2051290840343.28
2024-02-19,9.5459,3.08579,1.43393,2049538690679.2
2024-02-20,9.50852,3.09597,1.4295,2041222565467.3
2024-02-21,9.55173,3.08579,1.43242,2045801162763.78
2024-02-22,9.75053,3.04057,1.45093,2072699048542.62
2024-02-23,10.11217,3.12437,1.46348,2079959158144.9
2024-02-26,10.11564,3.15888,1.45429,2074047981508.38
2024-02-27,10.20176,3.13367,1.46595,2089674571232.49
2024-02-28,,3.13759,1.46586,2087266210138.74
2024-02-29,13.51931,3.1285,1.46839,2093009811744.04
2024-03-01,13.49633,3.13376,1.46933,2102053111814.75
2024-03-04,13.4732,3.14126,1.46772,2097981038061.38
2024-03-05,13.46067,3.1627,1.46416,2094086181020.57
2024-03-06,13.50265,3.15757,1.47454,2095073450621.02
2024-03-07,13.61802,3.14281,1.4844,2109007520320.9
2024-03-08,13.55567,3.17286,1.47852,2103622286480.48
2024-03-11,13.49667,3.1912,1.44029,2051701743337.42
2024-03-12,13.7155,3.13902,1.49002,2128847670379.97
2024-03-13,13.88278,3.14403,1.48892,2121373820034.71
2024-03-14,,3.10041,1.47337,2113254207919.4
2024-03-15,14.33468,3.08825,1.46304,2110932516987.81
2024-03-18,14.32734,3.09419,1.45461,2112186339743.75
2024-03-19,14.35396,3.08797,1.45475,2119658976831.76
2024-03-20,14.38632,3.08433,1.45227,2119582340356.49
2024-03-21,13.40337,3.05745,1.45856,2135991650079.91
2024-03-22,14.41346,3.0523,1.45445,2142761367441.09
2024-03-25,14.46091,3.04294,1.46359,2147761260410.71
2024-03-26,14.56217,3.02425,1.47443,2162954709334.22
2024-03-27,14.66437,2.94453,1.48239,2177219076261.81
2024-03-28,14.66304,2.94439,1.48438,2178509948446.43
2024-03-29,14.66292,2.94444,1.48302,2178510048896.43
2024-04-01,14.6644,2.94447,1.48309,2178495777451.66
2024-04-02,14.52017,2.97504,1.4682,2156315768146.09
2024-04-03,14.59554,2.95886,1.47627,2167059157974.69
2024-04-04,14.6366,2.95337,1.48139,2176253464629.39
2024-04-05,14.45397,2.99188,1.46184,2148692122949.7
2024-04-08,14.55268,2.96116,1.47553,2168036148147.96
2024-04-09,14.39777,2.99275,1.45956,2148973865381.72
2024-04-10,14.41941,2.98965,1.46142,2149643824682.46
2024-04-11,14.28069,3.01824,1.44786,2132215520763.51
2024-04-12,14.24371,3.02604,1.4439,2125203396232.42
2024-04-15,14.30043,3.01466,1.45007,2131370929583.31
2024-04-16,14.08639,3.06172,1.42781,2098683914188.28
2024-04-17,14.04414,3.06336,1.42732,2094218515420.25
2024-04-18,14.09451,3.04885,1.43342,2093082777436.61
2024-04-19,14.00879,3.06783,1.42442,2081877756312.12
2024-04-22,14.10325,3.0562,1.35464,2097746679663.19
2024-04-23,14.4883,3.00166,1.37481,2131108749645.7
2024-04-24,14.45181,3.01157,1.37071,2125783213065.05
2024-04-25,14.33384,3.03791,1.35922,2104859160440.97
2024-04-26,14.46052,3.00634,1.37267,2125985869144.07
2024-04-29,14.43195,3.00697,1.37058,2122754246146.77
2024-04-30,14.79019,3.03644,1.35614,2101490006535.71
2024-05-01,14.83391,3.03645,1.35615,2101474864411.53
2024-05-02,14.79983,3.04284,1.35266,2093991897646.76
2024-05-03,14.87827,3.02582,1.35961,2105518797288.31
2024-05-06,14.99332,3.00342,1.36997,2118504401959.97
2024-05-07,15.18267,2.96716,1.38677,2140555322058.63
2024-05-08,15.38433,2.9603,1.39034,2142577400789.72
2024-05-09,15.26256,2.95457,1.39353,2150222307716.21
2024-05-10,15.34298,2.93837,1.40114,2161432318327.31
2024-05-13,15.33607,2.93918,1.4024,2161856065125.14
2024-05-14,15.3659,2.93793,1.40203,2165097071014.21
2024-05-15,15.19056,2.91784,1.41046,2178856060501.47
2024-05-16,14.95329,2.94659,1.3964,2161122635130.76
2024-05-17,15.15828,2.95788,1.39116,2150529781364.66
2024-05-20,15.20808,2.95025,1.39499,2154264558483.18
2024-05-21,15.16837,2.96018,1.39061,2148320507585.77
2024-05-22,15.13406,2.96611,1.38774,2143779795759.94
2024-05-23,15.14596,2.96532,1.38854,2142868673588.86
2024-05-24,15.15412,2.96358,1.39011,2143957144637.92
2024-05-27,15.21693,2.94999,1.39652,2154875157270.25
2024-05-28,15.12824,2.96743,1.38906,2144920294722.63
2024-05-29,14.95981,3.00359,1.37258,2120820820766.4
2024-05-30,14.93276,3.00382,1.37226,2118357763502.83
2024-05-31,14.95537,3.0008,1.37319,2122018196323.86
2024-06-03,15.05252,2.98081,1.3825,2135064902391.19
2024-06-04,14.91106,3.00955,1.36869,2119494134502.9
2024-06-05,15.05958,2.98278,1.38114,2136447806468.61
2024-06-06,15.14333,2.97078,1.38589,2141714563128.47
2024-06-07,15.09736,2.98384,1.3814,2132617860691.51
2024-06-10,15.04387,2.99381,1.37691,2125730332936.63
2024-06-11,14.93875,3.01562,1.36698,2109392569739.59
2024-06-12,15.13329,2.9745,1.38548,2135219534658.94
2024-06-13,14.83129,3.03527,1.35763,2094010916467.01
2024-06-14,14.60577,3.08037,1.33739,2065492261105.58
2024-06-17,14.65653,3.07407,1.34079,2068803383795.77
2024-06-18,14.69578,3.06597,1.42374,2072037464834.39
2024-06-19,14.64398,3.07708,1.41847,2060006432665.17
2024-06-20,14.78611,3.04531,1.43324,2082513174198.74
2024-06-21,14.79542,3.06336,1.42717,2070173847106.03
2024-06-24,14.92032,3.03442,1.44063,2087222893183.54
2024-06-25,14.888,3.04367,1.43658,2079848815633.29
2024-06-26,14.8922,3.04456,1.43625,2078277395152.04
2024-06-27,14.92784,3.03519,1.44054,2082618508179.24
2024-06-28,14.94349,3.03145,1.44263,2082784785941.87
2024-07-01,14.98071,3.02537,1.44549,2085778444560.82
2024-07-02,14.86231,3.0469,1.43519,2071882417124.54
2024-07-03,15.00103,3.0158,1.44959,2091247330942.89
2024-07-04,15.06547,3.00326,1.45576,2099338469657.37
2024-07-05,15.08785,2.99787,1.45784,2100849055953.31
2024-07-08,15.08488,2.99968,1.45744,2097744257092.93
2024-07-09,14.90442,3.03554,1.44016,2074766953811.45
2024-07-10,15.02961,3.0074,1.45318,2095281051208.68
2024-07-11,15.14035,2.98397,1.46462,2110153575823.16
2024-07-12,15.31,2.95329,1.48088,2126205080815.38
2024-07-15,15.19267,2.97906,1.46812,2107665685310.83
2024-07-16,15.13112,2.99116,1.46212,2099332130760.11
2024-07-17,15.06861,3.00301,1.45647,2092776131182.04
2024-07-18,15.01519,3.0133,1.45135,2089673856220.49
2024-07-19,14.85341,3.04575,1.43546,2066675939175.67
2024-07-22,15.03028,3.0097,1.45288,2088136391312.69
2024-07-23,15.14018,2.98961,1.46285,2097528979995.6
2024-07-24,,3.01679,1.44988,2081289749166.28
2024-07-25,15.00015,3.03082,1.44332,2072631458130.22
2024-07-26,14.65436,3.01325,1.45188,2083571624765.62
2024-07-29,14.63912,3.02753,1.44475,2079823918180.67
2024-07-30,14.68853,3.01521,1.45036,2086762614770.92
2024-07-31,14.75698,3.00758,1.45453,2089893604430.67
2024-08-01,14.49083,3.07159,1.42304,2049960261516.61
2024-08-02,14.13088,3.1466,1.38822,2002080981414.41
2024-08-05,13.9105,3.20795,1.36113,1963451210349.83
2024-08-06,13.85452,3.20738,1.36218,1964987907046.58
2024-08-07,14.23672,3.1636,1.38083,1991074532004.62
2024-08-08,14.0168,3.15406,1.38628,1995451450715.1
2024-08-09,14.05448,3.1449,1.38969,2001868752007.07
2024-08-12,14.05688,3.14449,1.39007,2003622272516.45
2024-08-13,14.11807,3.12909,1.39689,2011620887520.38
2024-08-14,14.12166,3.1153,1.40308,2019913084912.81
2024-08-15,14.10412,3.06679,1.42578,2050677258505.5
2024-08-16,14.17503,3.04595,1.43625,2061492424761.7
2024-08-19,14.24964,3.02987,1.44361,2073157664331.77
2024-08-20,14.19398,3.04236,1.43751,2064957293654.8
2024-08-21,14.26843,3.02626,1.44513,2075998661113.67
2024-08-22,14.30159,3.01937,1.44855,2079866457834.19
2024-08-23,14.40026,2.99714,1.45909,2094156665979.48
2024-08-26,14.37822,2.99978,1.45694,2092695529857.11
2024-08-27,14.43872,2.98876,1.46258,2098830152172.86
2024-08-28,14.51125,2.97518,1.4694,2106054094626.55
2024-08-29,14.62499,2.95181,1.48162,2122072180415.34
2024-08-30,14.63101,2.94889,1.48285,2124273608619.5
2024-09-02,14.65701,2.94391,1.48498,2125858783085.59
2024-09-03,14.52885,2.97152,1.4712,2106716975738.27
2024-09-04,14.38893,2.99549,1.45866,2089932316058.86
2024-09-05,14.37008,2.99483,1.45899,2089171939941.08
2024-09-06,14.16031,3.03788,1.43801,2059769563278.97
2024-09-09,14.26903,3.01705,1.44829,2070262190087.78
2024-09-10,14.13128,3.04707,1.43315,2050306873997.76
2024-09-11,14.18274,3.03793,1.43784,2056984666397.49
2024-09-12,14.34069,3.00795,1.45278,2072758500030.31
2024-09-13,14.48591,2.97617,1.46826,2094831409946.33
2024-09-16,14.44005,2.98664,1.46335,2087786586317.11
2024-09-17,14.52157,2.96814,1.4728,2101119002998.59
2024-09-18,14.50787,2.9683,1.47298,2100949732333.31
2024-09-19,14.72048,2.92449,1.4954,2131651061732.57
2024-09-20,14.66026,2.94195,1.48575,2096248893409.96
2024-09-23,14.76086,2.92403,1.49494,2109037980210.49
2024-09-24,14.86538,2.9036,1.50584,2126025233220.63
2024-09-25,14.82801,2.91125,1.50174,2125511115123.55
2024-09-26,15.10224,2.8606,1.52834,2163180804457.57
2024-09-27,15.26567,2.82347,1.54757,2192215034860.3
2024-09-30,15.15349,2.84382,1.53677,2176509070190.15
2024-10-01,15.0534,2.85838,1.53294,2165494381457.21
2024-10-02,15.0234,2.86097,1.53017,2156168544521.44
2024-10-03,14.90395,2.88388,1.51847,2138346567768.03
2024-10-04,14.9947,2.86619,1.52776,2150978635175.51
2024-10-07,14.98459,2.86986,1.52658,2152497884895.46
2024-10-08,14.97592,2.87524,1.52403,2147324498048.17
2024-10-09,15.14527,2.84704,1.5392,2167290699831.97
2024-10-10,15.10759,2.85598,1.53461,2162173737064.05
2024-10-11,15.21951,2.83863,1.54373,2175216587387.67
2024-10-14,15.32879,2.82241,1.55284,2184814553866.7
2024-10-15,15.29268,2.82687,1.54994,2180728544996.09
2024-10-16,15.25028,2.83207,1.5467,2176383293254.67
2024-10-17,15.3481,2.81608,1.55618,2190452225177.74
2024-10-18,15.42316,2.80235,1.56403,2202093514619.55
2024-10-21,15.27748,2.82992,1.54905,2182039792853.51
2024-10-22,15.20177,2.83779,1.54512,2177569068101.14
2024-10-23,15.08345,2.84447,1.54172,2170740869844.2
2024-10-24,15.12955,2.83414,1.54686,2179797513624.86
2024-10-25,15.35047,2.82928,1.54967,2184075129231.59
2024-10-28,15.42551,2.81832,1.55581,2187457660568.1
2024-10-29,15.36281,2.82955,1.55004,2176294565777.81
2024-10-30,15.55429,2.86516,1.53044,2148697847618.14
2024-10-31,15.3946,2.89492,1.51479,2127498346639.37
2024-11-01,15.52597,2.87034,1.52794,2144183010886.51
2024-11-04,15.4509,2.88512,1.5206,2135249720425.96
2024-11-05,15.52231,2.86906,1.52806,2144375282460.02
2024-11-06,15.58488,2.90502,1.50994,2116827443954.97
2024-11-07,15.88931,2.85893,1.53345,2151293637795.69
2024-11-08,15.81942,2.87666,1.5234,2138436093350.55
2024-11-11,15.95877,2.84224,1.5414,2160678813805.61
2024-11-12,15.63928,2.90029,1.51091,2120052931055.05
2024-11-13,15.74466,2.90466,1.50896,2114587873859.22
2024-11-14,15.82964,2.86501,1.53024,2141857462066.96
2024-11-15,15.74084,2.87202,1.52638,2135671747040.96
2024-11-18,15.72064,2.87687,1.52435,2130089877429.69
2024-11-19,15.61707,2.89498,1.51742,2117312186893.51
2024-11-20,15.56535,2.90501,1.51194,2108609504065.59
2024-11-21,15.66921,2.88837,1.52137,2116740674999.15
2024-11-22,15.81496,2.85925,1.53586,2138205608769.34
2024-11-25,15.89044,2.84536,1.54315,2148798883208.89
2024-11-26,15.8072,2.8618,1.53439,2136346762676.52
2024-11-27,15.74815,2.87024,1.52855,2132229172372.39
2024-11-28,15.83862,2.85334,1.53783,2144251277276.6
2024-11-29,15.98739,2.82731,1.55239,2159899103886.79
2024-12-02,16.22773,2.78973,1.57383,2184186391287.13
2024-12-03,16.29734,2.7792,1.57996,2191606637941.11
2024-12-04,16.48369,2.74797,1.59785,2213190258964.93
2024-12-05,16.59605,2.7274,1.60524,2229338557280.34
2024-12-06,16.61116,2.72328,1.60557,2231371635402.0
2024-12-09,16.57202,2.73039,1.60133,2228962405477.56
2024-12-10,16.55048,2.73603,1.59864,2228188667673.63
2024-12-11,16.61123,2.75014,1.60412,2234725135345.88
2024-12-12,16.59729,2.75134,1.60296,2233503980400.58
2024-12-13,16.54349,2.75645,1.58964,2221945924482.26
2024-12-16,16.48134,2.76971,1.58313,2209567209227.98
2024-12-17,16.40883,2.78226,1.57633,2197466338240.98
2024-12-18,16.40623,2.7853,1.57558,2195959770717.25
2024-12-19,16.19412,2.82316,1.55501,2167954451311.07
2024-12-20,16.05907,2.85464,1.54179,2163329287545.08
2024-12-23,16.05063,2.85671,1.54061,2162906871830.11
2024-12-24,16.05059,2.85671,1.54061,2162906871830.11
2024-12-25,16.05059,2.85671,1.54061,2162906871830.11
2024-12-26,16.05059,2.84239,1.5412,2162906871830.11
2024-12-27,16.15515,2.82433,1.55078,2175191362197.56
2024-12-30,16.09264,2.83486,1.54516,2168187611129.95
2024-12-31,16.09264,2.83486,1.54516,2168188377574.52
2025-01-01,16.0933,2.83486,1.54516,2168188377574.52
2025-01-02,16.15434,2.8238,1.55091,2177307512135.88
2025-01-03,16.0636,2.84067,1.54201,2164927034650.35
2025-01-06,16.3259,2.79693,1.56388,2197730526951.37
2025-01-07,16.44016,2.77456,1.57463,2211709747836.53
2025-01-08,16.42406,2.77836,1.57312,2205942990801.08
2025-01-09,16.42823,2.77786,1.57346,2203679138808.57
2025-01-10,16.33238,2.7926,1.56469,2194159778654.22
2025-01-13,16.2593,2.80538,1.55825,2181419891858.72
2025-01-14,16.37894,2.78653,1.56908,2194720075347.9
2025-01-15,16.65075,2.74129,1.59407,2227500089196.94
2025-01-16,16.69324,2.73484,1.59803,2230002187067.87
2025-01-17,16.87595,2.70446,1.61631,2252275253994.84
2025-01-20,16.93755,2.69523,1.62124,2260551234426.26
2025-01-21,16.98446,2.68893,1.62508,2266382261824.94
2025-01-22,17.16222,2.66411,1.6406,2282987329948.22
2025-01-23,17.26669,2.64771,1.65059,2296162220220.25
2025-01-24,17.29101,2.64721,1.65109,2297868833104.6
2025-01-27,17.19162,2.65954,1.64263,2291812241087.43
2025-01-28,17.24028,2.64169,1.65366,2307715307761.54
2025-01-29,17.41856,2.6171,1.66972,2327950477769.94
2025-01-30,17.73319,2.595,1.67894,2345021215424.71
2025-01-31,17.72901,2.61481,1.67844,2340402599132.36
2025-02-03,17.46854,2.67975,1.65403,2306011661910.45
2025-02-04,17.61656,2.66869,1.66098,2312450013197.91
2025-02-05,17.68245,2.65763,1.66732,2321627042836.27
2025-02-06,17.9296,2.61825,1.6925,2354931236104.13
2025-02-07,17.84437,2.63114,1.6843,2342810692021.61
2025-02-10,17.95501,2.61467,1.69483,2357290675099.87
2025-02-11,18.06656,2.59929,1.70536,2370603796402.62
2025-02-12,17.85623,2.59208,1.71234,2376175537259.78
2025-02-13,18.22478,2.53642,1.74892,2422800407348.14
2025-02-14,18.26524,2.5519,1.73814,2409423460614.28
2025-02-17,18.49417,2.51943,1.76124,2437176845881.77
2025-02-18,18.51263,2.51596,1.76331,2442146679739.22
2025-02-19,18.27545,2.56199,1.7323,2401128043832.26
2025-02-20,18.26471,2.5419,1.72467,2390403345836.98
2025-02-21,18.28805,2.54502,1.72582,2393625100490.1
2025-02-24,18.3989,2.52965,1.73492,2405746657113.01
2025-02-25,18.43616,2.53317,1.73449,2406007820541.01
2025-02-26,17.9349,2.56452,1.75295,2440742750248.38
2025-02-27,17.72565,2.58865,1.735,2418307395097.72
2025-02-28,17.59162,2.5916,1.73312,2414471774398.14
2025-03-03,18.03369,2.5307,1.77309,2469052780577.54
2025-03-04,17.41664,2.62593,1.71049,2386166634347.84
2025-03-05,17.99327,2.54804,1.77297,2466570729196.18
2025-03-06,18.41842,2.50725,1.80094,2502462914499.95
2025-03-07,18.09293,2.55325,1.76851,2463220706735.87
2025-03-10,17.81909,2.59525,1.73703,2433252751462.64
2025-03-11,17.52763,2.63587,1.66991,2354740133300.85
2025-03-12,17.75154,2.5669,1.72737,2425686480467.17
2025-03-13,17.64451,2.58113,1.71791,2412503607197.73
2025-03-14,17.35621,2.53642,1.74156,2450194964002.79
2025-03-17,17.48766,2.51605,1.74663,2472632100381.46
2025-03-18,17.71404,2.48669,1.76519,2497855343225.67
2025-03-19,17.64596,2.47617,1.74787,2484549165775.83
2025-03-20,17.4449,2.50695,1.72604,2451050385557.88
2025-03-21,17.12662,2.52333,1.72597,2438551948160.47
2025-03-24,17.12143,2.52767,1.72322,2432940360308.02
2025-03-25,17.30054,2.51332,1.73976,2453989975593.9
2025-03-26,17.02768,2.53471,1.71757,2428115366486.77
2025-03-27,17.05259,2.55473,1.73504,2413253080473.82
2025-03-28,16.86194,2.58187,1.71542,2388940915219.87
2025-03-31,16.65197,2.6169,1.69222,2354294425051.45
2025-04-01,16.91193,2.57659,1.71865,2385964521073.21
2025-04-02,16.83021,2.5901,1.70988,2373007476330.24
2025-04-03,16.32017,2.66885,1.65766,2304779216997.83
2025-04-04,15.55209,2.80451,1.57627,2197371278444.0
2025-04-07,14.93237,2.91675,1.515,2115719097616.66
2025-04-08,15.30623,2.84457,1.55446,2169225837147.96
2025-04-09,14.86227,2.92873,1.51003,2106241580919.02
2025-04-10,15.49891,2.81052,1.57433,2188800696242.1
2025-04-11,15.36949,2.83028,1.56186,2177403328729.86
2025-04-14,15.79583,2.75312,1.60657,2237627641790.98
2025-04-15,16.03707,2.71124,1.63081,2272957659369.45
2025-04-16,16.08126,2.70536,1.63546,2276617834722.68
2025-04-17,15.97153,2.71504,1.62963,2267449659558.3
2025-04-18,15.9714,2.71496,1.62967,2267449659558.3
2025-04-21,15.9714,2.71496,1.62967,2267328748645.55
2025-04-22,16.03241,2.70378,1.63646,2278750604800.56
2025-04-23,16.11535,2.62622,1.68574,2340188952256.44
2025-04-24,16.19579,2.61118,1.69539,2352000176095.0
2025-04-25,16.31335,2.59055,1.70741,2369728253381.02
2025-04-28,16.31239,2.59113,1.707,2370049572521.26
2025-04-29,16.7896,2.57341,1.71912,2384322190705.04
2025-04-30,16.87528,2.56641,1.72307,2390702728639.26
2025-05-01,17.00707,2.56641,1.72307,2390710102115.26
2025-05-02,17.46869,2.51063,1.76038,2437367056984.81
2025-05-05,17.61101,2.49062,1.77456,2456242234622.08
2025-05-06,17.50823,2.49984,1.76737,2445379656625.5
2025-05-07,17.39419,2.51352,1.75654,2431432095556.81
2025-05-08,18.02045,2.4952,1.76994,2447914511843.13
2025-05-09,18.1412,2.48753,1.77483,2457165089367.98
2025-05-12,18.21007,2.47952,1.78104,2471433421277.96
2025-05-13,18.26646,2.47416,1.78545,2477370719936.05
2025-05-14,18.15494,2.48982,1.77446,2465634972920.38
2025-05-15,18.19214,2.47487,1.78543,2476547897369.32
2025-05-16,18.49442,2.47229,1.78719,2478572500775.71
2025-05-19,18.47965,2.45771,1.79796,2491708376331.48
2025-05-20,18.55129,2.44461,1.80734,2505472290975.33
2025-05-21,18.6133,2.4379,1.81282,2510887207079.05
2025-05-22,18.4947,2.45313,1.80166,2491852957056.8
2025-05-23,18.20441,2.49032,1.77423,2456083297545.52
2025-05-26,18.50502,2.45057,1.80305,2493570477670.73
2025-05-27,18.65148,2.43154,1.8171,2510180204120.12
2025-05-28,18.50123,2.4501,1.80219,2489460492282.03
2025-05-29,18.41631,2.4618,1.79382,2479874317240.84
2025-05-30,18.46631,2.45578,1.79842,2483522955992.55
2025-06-02,18.34432,2.4597,1.79432,2476571358993.3
2025-06-03,18.44696,2.4469,1.80345,2488352067265.27
2025-06-04,18.57399,2.42976,1.81604,2504553510438.02
2025-06-05,18.63569,2.42074,1.82312,2512851189819.54
2025-06-06,18.61022,2.42452,1.81963,2508601130760.7
2025-06-09,18.50671,2.43713,1.81,2496768801947.48
2025-06-10,18.35899,2.4559,1.79571,2480985154248.21
2025-06-11,18.32566,2.45923,1.79358,2477074745844.21
2025-06-12,18.18132,2.47962,1.77962,2456008276226.76
2025-06-13,17.93496,2.50864,1.7591,2427380103592.16
2025-06-16,18.07327,2.48865,1.77311,2444126324737.88
2025-06-17,17.86765,2.51616,1.75277,2418510721781.65
2025-06-18,17.75751,2.53082,1.74225,2403861928928.96
2025-06-19,17.54152,2.56306,1.72109,2375950400318.07
2025-06-20,17.65574,2.54429,1.72957,2397286280495.65
2025-06-23,17.59793,2.55284,1.72362,2391182448234.27
2025-06-24,17.89255,2.51186,1.74948,2425872131439.02
2025-06-25,17.78004,2.5274,1.73821,2410576338858.47
2025-06-26,17.87666,2.5145,1.74715,2420581279885.12
2025-06-27,18.16347,2.47354,1.77584,2459751759572.96
2025-06-30,18.11598,2.48195,1.77299,2454236391988.44
2025-07-01,17.94439,2.50306,1.75755,2437625723658.51
2025-07-02,18.00207,2.49546,1.76352,2446171742090.02
2025-07-03,18.12391,2.48002,1.7746,2458019141479.96
2025-07-04,18.01198,2.49529,1.76389,2443521565821.08
2025-07-07,18.24631,2.46434,1.78674,2470308660212.02
2025-07-08,18.34446,2.44959,1.7974,2486766487425.65
2025-07-09,18.59649,2.41675,1.82204,2518109846415.82
2025-07-10,18.52268,2.42492,1.81607,2514787511242.94
2025-07-11,18.36806,2.44584,1.80046,2492531338118.46
2025-07-14,18.27729,2.45796,1.79192,2478734408336.51
2025-07-15,18.23403,2.46393,1.78722,2474244210162.51
2025-07-16,18.17268,2.47287,1.78086,2464465201857.07
2025-07-17,18.42451,2.43957,1.80576,2495549839197.4
2025-07-18,18.35812,2.44827,1.79906,2485330250935.18
2025-07-21,18.37114,2.44497,1.80115,2488528069611.76
2025-07-22,18.19966,2.46703,1.78461,2468971886793.99
2025-07-23,18.33712,2.44811,1.79606,2491345371792.07
2025-07-24,18.24343,2.4418,1.80095,2502187170333.56
2025-07-25,18.04954,2.44872,1.79611,2496748989828.19
2025-07-28,17.86513,2.47305,1.7777,2473065768901.95
2025-07-29,18.04559,2.45039,1.79454,2492225071196.68
2025-07-30,18.15468,2.44776,1.79675,2493392785635.67
2025-07-31,18.00931,2.46235,1.78594,2476639495653.56
2025-08-01,17.58717,2.52603,1.74044,2415931201046.97
2025-08-04,17.81964,2.49576,1.76181,2441943094518.29
2025-08-05,17.88573,2.48779,1.76733,2450299100539.1
2025-08-06,18.01437,2.48098,1.77142,2455074520227.03
2025-08-07,18.38478,2.45027,1.7936,2485152382321.69
2025-08-08,18.40745,2.45063,1.79305,2486470829396.32
2025-08-11,18.34622,2.46008,1.78602,2478225907960.0
2025-08-12,18.16515,2.4735,1.77714,2468851454384.8
2025-08-13,18.25657,2.45764,1.78891,2482780753569.08
2025-08-14,18.61815,2.44163,1.80047,2495951179203.41
2025-08-15,18.57409,2.44742,1.7963,2492069446316.05
2025-08-18,18.79835,2.44906,1.79551,2489441546030.17
2025-08-19,18.86367,2.43902,1.80294,2500580912873.41
2025-08-20,18.78404,2.44969,1.79366,2489260086071.64
2025-08-21,18.76771,2.45157,1.79273,2485770853715.19
2025-08-22,18.84233,2.44129,1.80001,2496975667315.0
2025-08-25,18.77867,2.44907,1.7943,2488788296668.34
2025-08-26,18.67435,2.46209,1.7846,2476196508263.5
2025-08-27,18.59842,2.47274,1.77692,2465850701993.26
2025-08-28,18.59829,2.47371,1.7777,2465073597742.09
2025-08-29,18.47979,2.48867,1.76719,2450301237557.42
2025-09-01,18.57673,2.47611,1.77532,2462234379938.61
2025-09-02,18.14185,2.53528,1.73493,2406108060345.23
2025-09-03,18.18658,2.52798,1.73982,2412108258139.34
2025-09-04,18.29471,2.51274,1.75045,2425647398283.11
2025-09-05,18.19438,2.52614,1.74035,2414757024874.12
2025-09-08,18.35119,2.50423,1.75554,2434198222871.82
2025-09-09,18.2831,2.51375,1.74934,2424819602279.33
2025-09-10,18.19841,2.52572,1.74121,2413678346888.13
2025-09-11,18.20142,2.52388,1.74299,2414383052930.16
2025-09-12,18.21356,2.52345,1.74333,2414206500489.89
2025-09-15,18.2545,2.51805,1.74704,2419350132357.6
2025-09-16,17.94089,2.56117,1.71821,2388457229037.49
2025-09-17,17.96619,2.5559,1.72179,2392666416105.28
2025-09-18,18.19262,2.5244,1.7436,2418959628006.01
2025-09-19,18.11285,2.53002,1.7419,2414655719339.35
2025-09-22,18.02303,2.54323,1.73288,2399582728447.72
2025-09-23,18.09463,2.53301,1.73946,2408548516180.2
2025-09-24,18.14285,2.52642,1.74428,2414324305074.94
2025-09-25,18.02979,2.54223,1.73416,2397033885766.65
2025-09-26,18.17004,2.52337,1.74731,2411571136816.47
2025-09-29,18.18414,2.52179,1.74784,2413161047195.65
2025-09-30,18.28056,2.50809,1.75722,2426732822254.59
2025-10-01,18.43283,2.48514,1.7737,2451135816415.67
2025-10-02,18.67576,2.4547,1.79611,2479323827227.46
2025-10-03,18.64402,2.45842,1.79306,2479234936519.32
2025-10-06,18.66324,2.45669,1.79473,2482677657257.19
2025-10-07,18.66303,2.45754,1.79402,2480538308210.52
2025-10-08,18.79707,2.44067,1.80687,2492184855445.86
2025-10-09,18.80755,2.43788,1.8089,2494463364767.67
2025-10-10,18.50895,2.47702,1.78021,2456076125071.26
2025-10-13,18.63174,2.46145,1.7913,2469704818055.04
2025-10-14,18.49991,2.48048,1.77764,2451784056968.49
2025-10-15,18.44656,2.48782,1.77232,2446872994623.98
2025-10-16,18.51561,2.47882,1.77856,2454587351885.26
2025-10-17,18.18095,2.52315,1.74684,2419261059610.82
2025-10-20,18.51272,2.48042,1.77778,2458776779577.68
2025-10-21,18.54507,2.47669,1.78031,2461682003001.84
2025-10-22,18.40968,2.49395,1.76764,2446338321844.78
2025-10-23,18.19206,2.48908,1.77145,2452052680777.95
2025-10-24,18.22163,2.48447,1.77474,2457344716684.83
2025-10-27,18.29512,2.47906,1.77925,2461574956069.19
2025-10-28,18.26802,2.48092,1.77823,2460357543209.15
2025-10-29,18.2369,2.49918,1.76553,2445169873032.84
2025-10-30,18.22471,2.50343,1.76227,2437898624882.78
2025-10-31,18.10322,2.52165,1.74946,2422446254534.88
2025-11-03,18.24437,2.504,1.76241,2436212482989.18
2025-11-04,18.23064,2.52536,1.74742,2417299743146.96
2025-11-05,17.95156,2.51596,1.7539,2422971392303.76
2025-11-06,17.57258,2.54795,1.73199,2395422860292.89
2025-11-07,17.54812,2.5659,1.71994,2380470294312.77
2025-11-10,17.85791,2.52538,1.74807,2415199555206.11
2025-11-11,17.94156,2.51232,1.75684,2429318330759.41
2025-11-12,18.10267,2.48084,1.779,2457815214479.25
2025-11-13,18.04629,2.51273,1.75693,2434638851811.03
2025-11-14,17.94734,2.56274,1.74548,2418270740725.05
2025-11-17,17.5393,2.59601,1.72272,2388348289882.95
2025-11-18,17.2281,2.64317,1.69187,2345368211944.66
2025-11-19,17.2301,2.6428,1.69174,2348687418099.02
2025-11-20,17.29711,2.63321,1.69806,2354255641419.63
2025-11-21,17.15057,2.65424,1.6841,2339542216818.3
2025-11-24,17.26566,2.63201,1.69814,2360958806956.98
2025-11-25,17.43395,2.60629,1.71519,2384240257616.55
2025-11-26,17.62482,2.57893,1.73353,2406506734303.24
2025-11-27,17.67069,2.57077,1.73907,2415680365931.95
2025-11-28,17.74028,2.56035,1.74457,2424729986541.71
2025-12-01,17.60994,2.57906,1.73234,2409335251513.1
2025-12-02,17.67542,2.56388,1.74294,2420318102792.19
2025-12-03,17.61188,2.57325,1.73683,2411390744171.35
2025-12-04,17.78584,2.55026,1.73273,2434229840323.65
2025-12-05,17.90319,2.53385,1.74429,2449128732347.25
2025-12-08,17.89325,2.53217,1.7459,2448768005204.54
2025-12-09,17.9642,2.5177,1.75635,2460386350814.11
2025-12-10,17.9485,2.52258,1.75357,2458575965340.23
2025-12-11,18.08802,2.50426,1.76615,2473978700036.51
2025-12-12,18.00499,2.51498,1.75637,2465861585908.06
2025-12-15,18.04052,2.51066,1.7599,2470588865443.35
2025-12-16,17.9492,2.52451,1.7501,2458192338912.18
2025-12-17,17.86773,2.53578,1.74206,2445762644334.24
2025-12-18,18.04144,2.51175,1.75887,2466386464921.97
2025-12-19,18.2413,2.48336,1.78066,2480934784285.29
2025-12-22,18.25056,2.48261,1.7784,2481017902542.35
2025-12-23,18.27495,2.47904,1.78121,2482906900908.72
2025-12-24,18.27495,2.47904,1.78121,2482906900908.72
2025-12-25,18.27495,2.47904,1.78121,2482906900908.72
2025-12-26,18.27495,2.47904,1.78121,2482917644587.4
2025-12-29,18.29029,2.47574,1.78324,2488919458210.13
2025-12-30,18.38479,2.46225,1.79298,2501889576104.36
2025-12-31,18.38479,2.46225,1.79298,2501892790704.04
2026-01-01,18.38479,2.46225,1.79303,2501892790704.04
2026-01-02,18.39638,2.45887,1.79612,2506776531078.7
2026-01-05,18.6454,2.42774,1.81909,2534487990360.84
2026-01-06,18.66466,2.42512,1.82133,2541604530277.64
2026-01-07,18.82688,2.40541,1.83677,2549585684294.57
2026-01-08,18.80271,2.40632,1.83619,2551220250689.18
2026-01-09,18.94567,2.38925,1.84704,2549270317045.8
2026-01-12,19.01593,2.37972,1.85764,2578236959789.56
2026-01-13,19.02913,2.37849,1.85621,2558394564442.42
2026-01-14,18.90839,2.39015,1.84745,2547337677927.75
2026-01-15,18.8409,2.3818,1.85342,2553681932046.62
2026-01-16,18.7896,2.3891,1.84827,2545768083835.72
2026-01-19,18.52584,2.41564,1.82575,2511940246815.53
2026-01-20,18.29966,2.44643,1.80506,2506861663779.04
2026-01-21,18.20391,2.45827,1.79604,2498473580348.72
2026-01-22,18.45646,2.42279,1.82242,2537398021334.95
2026-01-23,18.4895,2.41831,1.82591,2540918556345.91
2026-01-26,18.52298,2.41118,1.83122,2549046595037.54
2026-01-27,18.52738,2.41106,1.83038,2519179985721.46
2026-01-28,18.51537,2.41473,1.82698,2514755960540.97
2026-01-29,17.90128,2.5013,1.78884,2469479775311.5
2026-01-30,18.04589,2.48094,1.80522,2516671092036.9
2026-02-02,18.23929,2.45411,1.82545,2541601703049.31
2026-02-03,18.24749,2.45288,1.82672,2542495852892.76
2026-02-04,18.12101,2.46827,1.81411,2534452042920.17
2026-02-05,18.03326,2.47893,1.80452,2521994017735.29
2026-02-06,18.18187,2.45727,1.82089,2537963510400.62
2026-02-09,18.42152,2.42547,1.84281,2548727712993.12
2026-02-10,18.37981,2.44621,1.84107,2563801193796.09
2026-02-11,18.20592,2.45811,1.83177,2552465981271.07
2026-02-12,18.31895,2.46571,1.82591,2543890005305.86
2026-02-13,18.24255,2.46505,1.82664,2547502271072.26
2026-02-16,18.18223,2.47922,1.81597,2536765454671.07
2026-02-17,18.30347,2.42795,1.83039,2555820745800.05
2026-02-18,18.53388,2.40388,1.85076,2581468489864.76
2026-02-19,18.4307,2.41868,1.83994,2568464662389.73
2026-02-20,18.5958,2.39923,1.85491,2588044708158.35
2026-02-23,18.42863,2.42208,1.83722,2562966582866.2
2026-02-24,18.51844,2.42807,1.83719,2565166399415.31
2026-02-25,18.63036,2.44431,1.85169,2579268867449.21
2026-02-26,18.90617,2.48361,1.85762,2586941015230.17
2026-02-27,19.06432,2.49074,1.86541,2592595702191.23
2026-03-02,18.58881,2.55524,1.81864,2533028285348.63
2026-03-03,17.97748,2.64614,1.75324,2416295947416.71
2026-03-04,18.32722,2.60775,1.78638,2459057951487.71
2026-03-05,18.00184,2.65689,1.76737,2415784214123.69
2026-03-06,17.8442,2.68757,1.717,2359856296772.54
2026-03-09,17.66936,2.71064,1.7358,2369664248356.48
2026-03-10,18.09594,2.64503,1.92361,2422831627722.09
2026-03-11,17.83756,2.66478,1.74998,2395489507104.53
2026-03-12,17.83221,2.68838,1.75053,2393465624362.95
2026-03-13,17.72598,2.70767,1.73208,2378498228914.8
2026-03-16,17.7947,2.69569,1.73945,2388939033745.19
2026-03-17,17.94507,2.67456,1.75374,2414939228233.15
2026-03-18,17.78667,2.70188,1.72952,2394335620676.41
2026-03-19,17.2867,2.77221,1.68219,2328193452973.86
2026-03-20,16.90796,2.83973,1.65409,2285570091972.67
2026-03-23,17.09921,2.80693,1.67211,2307060670228.55
2026-03-24,17.09782,2.80969,1.67129,2308488390586.2
2026-03-25,17.34668,2.7673,1.69438,2340789890489.9
2026-03-26,17.08569,2.8082,1.69011,2307474373407.68
2026-03-27,16.8295,2.84408,1.66591,2273087953581.91
2026-03-30,17.03043,2.80738,1.6871,2298267560719.19
2026-03-31,17.12419,2.78946,1.69648,2311472181496.68
2026-04-01,17.58598,2.71664,1.74193,2369305297371.1
2026-04-02,17.45492,2.737,1.72901,2351291720465.44
2026-04-03,17.45492,2.73699,1.72898,2351282964280.56
2026-04-06,17.45492,2.737,1.72905,2351283570938.14
2026-04-07,17.28269,2.76409,1.71221,2328200966757.69
2026-04-08,18.11662,2.63892,1.79596,2453454154237.55
2026-04-09,17.92647,2.66472,1.77786,2439090446597.85
2026-04-10,17.95727,2.65215,1.78048,2445364808888.81
2026-04-13,17.89428,2.66049,1.77499,2436817346552.31
2026-04-14,18.12066,2.62801,1.79744,2464692335933.19
2026-04-15,18.16357,2.62122,1.80165,2471571681072.37
2026-04-16,18.17376,2.61116,1.80827,2478925585467.97
2026-04-17,17.99615,2.55815,1.84545,2530007815845.12
2026-04-20,17.78479,2.58734,1.82457,2503306027943.68
2026-04-21,17.7023,2.60075,1.81527,2489903332106.42
2026-04-22,17.66148,2.60599,1.81165,2480843701469.77
2026-04-23,17.60398,2.61453,1.8061,2469786518146.56
2026-04-24,17.54057,2.62277,1.80086,2457143121375.74
2026-04-27,17.51074,2.62708,1.79767,2451963083967.84
2026-04-28,17.45354,2.63643,1.7916,2444234037708.72
2026-04-29,17.34614,2.6504,1.78022,2427778353174.81
2026-04-30,17.56217,2.61643,1.80448,2457759566632.44
